ts,cpu_usage_usec,mem_current,pids,anon_bytes
1787558708,11018476,170659840,32,61018112
1787558723,42416564,1276067840,161,538193920
1787558738,77471124,2793103360,306,1015709696
1787558753,238956202,3788742656,408,1279807488
1787558768,414555200,4138315776,510,1437564928
1787558783,515090281,4159488000,510,1459159040
1787558798,616203128,4151865344,510,1451945984
1787558813,718080951,4146761728,510,1446457344
1787558828,821886950,4165046272,510,1464512512
1787558844,925078687,4159488000,510,1458839552
1787558859,1027087666,4149829632,510,1449918464
1787558874,1128458647,4172275712,510,1472524288
1787558889,1230940142,4178530304,510,1477541888
1787558904,1332314056,4154707968,510,1455521792
1787558919,1431717961,4149624832,477,1450491904
1787558934,1551806085,4203773952,423,1844920320
1787558949,1670686890,4062461952,423,1706352640
1787558964,1770577201,4064137216,423,1706917888
1787558979,1861791898,4062744576,389,1707159552
1787558994,1919873327,4154843136,366,1821655040
1787559009,1962136603,5219614720,366,1821392896
1787559024,2005051166,6321016832,366,1821384704
1787559040,2044713541,7276380160,366,1825075200
1787559055,2083624088,8198152192,366,1825128448
1787559070,2124030881,9182445568,366,1825931264
1787559085,2163155564,10115338240,366,1825165312
1787559100,2201502200,10989621248,366,1825169408
1787559115,2241682154,11963129856,366,1824903168
1787559130,2281171553,12902268928,366,1824948224
1787559145,2321099725,13868740608,366,1824944128
1787559160,2359685063,14775619584,366,1827041280
1787559175,2400198767,15772024832,366,1821929472
1787559190,2439123135,16677826560,366,1828065280
1787559205,2480760781,17722814464,366,1828466688
1787559220,2519929866,18623934464,366,1829113856
1787559235,2576202984,19688538112,468,1988632576
1787559251,2658837048,20876881920,672,2202972160
1787559266,2739292307,21958180864,672,2416336896
1787559281,2817200591,22958379008,759,2461728768
1787559296,2893729741,23987666944,774,2592911360
1787559311,2974757497,25164296192,963,2770751488
1787559326,3050519660,26305150976,978,2957357056
1787559341,3132060179,27308183552,1152,3000733696
1787559356,3213425521,28534022144,1182,3321888768
1787559371,3315734436,29831413760,1549,3713540096
1787559386,3433068659,31539773440,1881,4496986112
1787559401,3536113666,32890662912,2085,4961923072
1787559416,3635637530,34258276352,2361,5341204480
1787559431,3767726551,35897630720,2841,6088323072
1787559447,3901886025,37727899648,3351,7041789952
1787559462,4019041650,38771974144,3600,7809470464
1787559477,4122468420,39021875200,3630,8056631296
1787559492,4223798263,39173492736,3630,8208912384
1787559507,4322615432,39213699072,3630,8248602624
1787559522,4423421576,39238692864,3630,8272977920
1787559537,4522390019,39293022208,3630,8326541312
1787559552,4627769504,39422238720,3630,8455659520
1787559567,4726918010,39534489600,3630,8568688640
1787559582,4827779897,39445737472,3630,8479121408
1787559597,4926163544,39398727680,3630,8434180096
1787559612,5025976720,39578763264,3630,8612696064
1787559627,5125094558,39706038272,3630,8739508224
1787559643,5223730538,39732592640,3630,8765546496
1787559658,5327996334,39754498048,3630,8787542016
1787559673,5426511749,39702102016,3630,8735731712
1787559688,5525069351,39621570560,3630,8654077952
1787559703,5624235909,39805276160,3630,8838586368
1787559718,5723580338,39759839232,3630,8792260608
1787559733,5828042117,39794765824,3630,8827711488
1787559748,5927806349,39761543168,3630,8795226112
1787559763,6026541410,39857250304,3631,8890122240
1787559778,6126049877,39831392256,3630,8864227328
1787559793,6224730364,39922192384,3630,8955084800
1787559808,6323951903,39783825408,3630,8816877568
1787559824,6424463460,39723237376,3630,8756600832
1787559839,6524201892,39805304832,3630,8837754880
1787559854,6628186959,39819689984,3630,8852869120
1787559869,6727937790,39893151744,3630,8925601792
1787559884,6826714821,39684292608,3630,8716955648
1787559899,6930698762,39879028736,3630,8912052224
1787559914,7029051139,39740571648,3630,8773718016
1787559929,7128730316,39829057536,3630,8861315072
1787559944,7228293641,39812440064,3630,8844095488
1787559959,7327239948,39825002496,3630,8857718784
1787559974,7425868245,39836962816,3630,8869335040
1787559989,7524609300,39801524224,3630,8834682880
1787560004,7628589827,39693545472,3630,8725786624
1787560020,7727563062,39924346880,3630,8957120512
1787560035,7825922327,39841513472,3630,8874020864
1787560050,7926055601,39936950272,3630,8970289152
1787560065,8023291031,39909847040,3630,8943222784
1787560080,8122893529,39766872064,3630,8799154176
1787560095,8222374636,39742345216,3630,8775286784
1787560110,8321413004,39789424640,3630,8821653504
1787560125,8425234724,39831367680,3630,8864669696
1787560140,8523414662,39852199936,3630,8885047296
1787560155,8622914155,39801794560,3630,8834129920
1787560170,8726969676,39812403200,3630,8844906496
1787560185,8825469208,39822422016,3630,8855420928
1787560200,8924322444,39813656576,3630,8846901248
1787560216,9023140646,39867699200,3630,8900526080
1787560231,9123289758,39875211264,3630,8907694080
1787560246,9221688240,39823216640,3630,8856367104
1787560261,9322478046,39821107200,3630,8853155840
1787560276,9421566564,39819407360,3630,8851726336
1787560291,9520120830,39757463552,3630,8790122496
1787560306,9620412050,39863914496,3630,8896163840
1787560321,9719278634,39860695040,3630,8893652992
1787560336,9818345129,39815294976,3630,8848789504
1787560351,9921331196,39820177408,3630,8853430272
1787560366,10021401322,39860137984,3630,8893444096
1787560381,10120264242,39829913600,3630,8862433280
1787560397,10220545289,39905484800,3630,8938622976
1787560412,10319824525,39816740864,3630,8849510400
1787560427,10417990540,39812624384,3630,8845443072
1787560442,10516310690,39827394560,3630,8859897856
1787560457,10615424651,39716188160,3630,8749047808
1787560472,10713447595,39890735104,3630,8923439104
1787560487,10811444648,39982833664,3630,9014890496
1787560502,10910572137,39812431872,3630,8845004800
1787560517,11010169430,39834382336,3630,8867241984
1787560532,11108166115,39874736128,3630,8907472896
1787560547,11207284187,39835082752,3630,8868007936
1787560562,11307019685,39830114304,3630,8861827072
1787560577,11404986346,39893069824,3630,8925949952
1787560593,11504386462,39885852672,3630,8919539712
1787560608,11603329289,39855812608,3630,8889208832
1787560623,11702106698,39857106944,3630,8890372096
1787560638,11800496741,39858024448,3630,8891256832
1787560653,11900571123,39764467712,3630,8797589504
1787560668,11999602075,39916470272,3630,8948985856
1787560683,12099600250,39868616704,3630,8901398528
1787560698,12199778114,39811223552,3630,8843563008
1787560713,12299636884,39803330560,3630,8836280320
1787560728,12398800075,39825727488,3630,8858390528
1787560743,12497714096,39880380416,3630,8913084416
1787560758,12597439123,39886626816,3630,8919969792
1787560773,12696898860,39878012928,3630,8910495744
1787560789,12797701387,39932710912,3630,8965451776
1787560804,12896287572,39851163648,3636,8883179520
1787560819,12996627062,39833911296,3630,8866869248
1787560834,13095893104,39942389760,3630,8979341312
1787560849,13195230786,39868809216,3630,8900710400
1787560864,13293536671,39840653312,3630,8873689088
1787560879,13392240300,39883350016,3630,8916598784
1787560894,13493604530,39884161024,3630,8916684800
1787560909,13591456781,39879405568,3630,8912343040
1787560924,13691815124,39905972224,3630,8938778624
1787560939,13790426772,39888105472,3630,8920883200
1787560954,13889148231,39889178624,3630,8921550848
1787560970,13989904892,39847698432,3630,8880902144
1787560985,14087322748,39890403328,3630,8923439104
1787561000,14187355913,39847170048,3630,8880640000
1787561015,14288090638,39826419712,3630,8860004352
1787561030,14387188206,39878373376,3630,8911536128
1787561045,14487537776,39809556480,3630,8840912896
1787561060,14586661237,39843573760,3630,8875827200
1787561075,14685807069,39930294272,3630,8962674688
1787561090,14785875829,39903539200,3630,8935514112
1787561105,14886441030,39892606976,3630,8925499392
1787561120,14986017596,39895453696,3630,8928894976
1787561135,15083686375,39804715008,3630,8837406720
1787561150,15183987431,39896100864,3630,8929415168
1787561166,15283026870,39967694848,3630,8999436288
1787561181,15381572735,39821418496,3630,8853577728
1787561196,15480696266,39854538752,3630,8887463936
1787561211,15580916799,39828828160,3630,8861425664
1787561226,15680799014,39881318400,3630,8914391040
1787561241,15779682528,39940042752,3630,8971808768
1787561256,15878350751,39847587840,3630,8879837184
1787561271,15977009114,39884517376,3630,8918048768
1787561286,16076462167,39905329152,3630,8937615360
1787561301,16175161272,39940673536,3630,8973533184
1787561316,16273834787,40002224128,3630,9035280384
1787561331,16373628678,39874281472,3630,8907227136
1787561346,16471493348,39708172288,3630,8741351424
1787561362,16571220740,39839776768,3630,8872886272
1787561377,16670905990,39895486464,3630,8927768576
1787561392,16769998721,39807627264,3630,8839737344
1787561407,16868719315,39801245696,3630,8834260992
1787561422,16968435258,39803695104,3630,8837050368
1787561437,17066639566,39893843968,3630,8926281728
1787561452,17166802159,39897944064,3630,8930934784
1787561467,17266110396,39939047424,3630,8971309056
1787561482,17366219524,39896186880,3630,8928399360
1787561497,17465104801,39946018816,3630,8978173952
1787561512,17564024520,39941255168,3630,8974675968
1787561527,17663539480,39966121984,3630,8999809024
1787561542,17763238428,39894622208,3628,8928190464
1787561558,17862363853,39921549312,3597,8954978304
1787561573,17961016951,39851053056,3597,8885907456
1787561588,18059562293,39900696576,3597,8934674432
1787561603,18158785024,39920857088,3597,8954916864
1787561618,18258568350,39862349824,3597,8895926272
1787561633,18358719524,39849603072,3597,8883879936
1787561648,18456221299,39816720384,3597,8850268160
1787561663,18555332630,39906795520,3597,8940650496
1787561678,18652873676,39915376640,3597,8949096448
1787561693,18751533261,39820869632,3597,8854659072
1787561708,18854210535,39919439872,3597,8952397824
1787561723,18952988962,39967248384,3597,9001365504
1787561738,19051919773,39822393344,3597,8856186880
1787561754,19151868584,39913213952,3597,8947789824
1787561769,19249323247,39919915008,3597,8953638912
1787561784,19349255674,39916650496,3597,8951435264
1787561799,19447361928,39937961984,3597,8971292672
1787561814,19546987301,39915577344,3596,8949813248
1787561829,19646278275,39919931392,3596,8954208256
1787561844,19744835056,39919353856,3596,8953249792
1787561859,19842574199,39982043136,3596,9015963648
1787561874,19946161655,39980298240,3596,9014116352
1787561889,20044880922,39919996928,3596,8954396672
1787561904,20143081314,39914078208,3596,8947965952
1787561919,20243292072,39917973504,3596,8952528896
1787561935,20342854793,39860551680,3544,8897175552
1787561950,20442998969,39904559104,3544,8939712512
1787561965,20576375915,40082898944,3630,9125138432
1787561980,20680747009,40187281408,3645,9229017088
1787561995,20779531901,40135331840,3645,9179271168
1787562010,20879171808,40188985344,3645,9229725696
1787562025,20977102762,40245338112,3645,9286139904
1787562040,21076994907,40201265152,3645,9242079232
1787562055,21176294416,40257814528,3645,9299787776
1787562070,21277135256,40213774336,3645,9255149568
1787562085,21376344447,40217382912,3645,9258487808
1787562100,21475185929,40176963584,3645,9218138112
1787562115,21574753350,40264642560,3645,9305542656
1787562131,21673244781,40277581824,3612,9319522304
1787562146,21772361042,40241590272,3612,9283338240
1787562161,21871764883,40291450880,3612,9332666368
1787562176,21973102521,40198967296,3579,9241788416
1787562191,22072012349,40211861504,3546,9256824832
1787562206,22171313525,40193093632,3546,9236971520
1787562221,22270182947,40158142464,3546,9202483200
1787562236,22368447187,40222650368,3546,9266278400
1787562251,22467550446,40187035648,3546,9231097856
1787562266,22566461038,40198901760,3546,9243521024
1787562281,22667506358,40234467328,3480,9280679936
1787562296,22764375848,40287195136,3447,9334689792
1787562311,22861474504,40295407616,3447,9342205952
1787562327,22958954450,40260780032,3447,9307504640
1787562342,23055215018,40222289920,3447,9268871168
1787562357,23150495412,40242827264,3380,9292341248
1787562372,23245493035,40180015104,3380,9229205504
1787562387,23342316929,40272936960,3380,9321033728
1787562402,23436623492,40220602368,3379,9270046720
1787562417,23530977400,40253452288,3379,9302147072
1787562432,23627161130,40213266432,3378,9262706688
1787562447,23721816743,40253325312,3378,9302077440
1787562462,23816352745,40270118912,3378,9319665664
1787562477,23910791212,40247148544,3326,9298677760
1787562492,24007130489,40143060992,3325,9194725376
1787562508,24130733298,40254660608,3409,9449689088
1787562523,24226801078,40305733632,3370,9501978624
1787562538,24345109884,40146948096,3369,9594351616
1787562553,24442691677,40526737408,3404,9685032960
1787562568,24567489639,40625131520,3472,10052431872
1787562583,24664900430,40764862464,3454,10191147008
1787562598,24758841043,40760147968,3454,10187702272
1787562613,24855658710,40686944256,3402,10116329472
1787562628,24973653978,40232181760,3351,10015961088
1787562643,25126621152,40299614208,3451,10448281600
1787562658,25227743985,40799809536,3483,10753708032
1787562673,25349313556,40888320000,3517,10684338176
1787562688,25470432536,40939671552,3618,11114754048
1787562704,25568846913,41198460928,3633,11372089344
1787562719,25667761959,41030008832,3600,11205570560
1787562734,25764467764,41236049920,3566,11411750912
1787562749,25861553839,41205112832,3566,11381608448
1787562764,25958286878,41186971648,3566,11363639296
1787562779,26055018358,41274908672,3566,11450318848
1787562794,26151730645,41281933312,3567,11458215936
1787562809,26248602312,41291730944,3565,11468546048
1787562824,26346033304,41303478272,3532,11481128960
1787562839,26442294373,41294036992,3532,11470401536
1787562854,26547330263,41186353152,3478,11734118400
1787562869,26682078852,40974888960,3532,11490701312
1787562884,26777728416,41182515200,3546,11698122752
1787562900,26875975305,41163509760,3545,11678502912
1787562915,26972467557,41161490432,3478,11678273536
1787562930,27069207628,40992464896,3394,11512909824
1787562945,27188669664,40762892288,3480,11691274240
1787562960,27288908979,40814579712,3461,11743608832
1787562975,27384848932,40718249984,3409,11649568768
1787562990,27505509643,40529842176,3462,11889283072
1787563005,27601247685,40473919488,3392,11836235776
1787563020,27696393807,40428920832,3340,11793805312
1787563035,27868895230,40124985344,3479,12042985472
1787563050,27969611970,40368857088,3509,12286038016
1787563065,28065132417,40263786496,3507,12181016576
1787563080,28160258374,40214642688,3454,12133777408
1787563096,28255004336,40239476736,3388,12161323008
1787563111,28389335323,40301445120,3473,12436393984
1787563126,28488968376,40447053824,3487,12581056512
1787563141,28589752045,40488411136,3420,12623818752
1787563156,28684284629,40451510272,3419,12587180032
1787563171,28778947509,40298037248,3367,12436275200
1787563186,28881749955,39639408640,3313,12575260672
1787563201,29009271112,40077434880,3502,12863610880
1787563216,29107811847,39675879424,3449,12901720064
1787563231,29236610809,40164249600,3551,13111947264
1787563246,29331284001,40227065856,3513,13175939072
1787563261,29466979935,39781048320,3531,13447376896
1787563276,29590045210,39764910080,3547,13321871360
1787563292,29712387990,39689342976,3595,13985669120
1787563307,29824659377,40064204800,3697,13995302912
1787563322,29923198486,40180465664,3712,14111961088
1787563337,30021400420,40216027136,3711,14147190784
1787563352,30117625281,40231251968,3710,14161481728
1787563367,30215086595,40132452352,3657,14066151424
1787563382,30346289856,40050454528,3623,14459240448
1787563397,30456294178,39997583360,3672,14379466752
1787563412,30565668315,39759122432,3671,14242349056
1787563427,30667751366,40144179200,3758,14400286720
1787563442,30765599120,40299634688,3773,14554447872
1787563457,30863116533,40213553152,3721,14470549504
1787563473,30986919102,39909322752,3668,14475046912
1787563488,31045572934,41353523200,3668,14484054016
1787563503,31171208847,41668259840,3754,14865936384
1787563518,31267734790,42216427520,3804,14989754368
1787563533,31372006231,42218885120,3767,14993645568
1787563548,31522771261,42159423488,3851,15405748224
1787563563,31650028552,42256613376,3952,15401127936
1787563578,31751972938,42402271232,3967,15546023936
1787563593,31852918567,42326188032,3967,15468867584
1787563608,31952436086,42358800384,3967,15501049856
1787563623,32055304520,42396483584,3967,15539998720
1787563638,32157805734,42396901376,3967,15539904512
1787563653,32258640277,42469629952,3967,15612624896
1787563669,32360515485,42121187328,3863,15268884480
1787563684,32478138455,42276761600,3862,15253004288
1787563699,32539622446,43571412992,3862,15248670720
1787563714,32620190947,44188344320,3948,15456944128
1787563729,32753557653,44472176640,4050,15461076992
1787563744,32857385901,44608569344,4065,15596531712
1787563759,32958879614,44616658944,4065,15604523008
1787563774,33061127886,44644614144,4066,15633174528
1787563789,33164335712,44667023360,4065,15654977536
1787563804,33275044690,44680466432,4065,15668523008
1787563819,33375780181,44663029760,4065,15651319808
1787563834,33478639436,44718145536,4065,15705976832
1787563850,33581600097,44672937984,4032,15661649920
1787563865,33684364549,44746678272,4032,15735357440
1787563880,33787314896,44733169664,4032,15721979904
1787563895,33888729244,44684312576,4032,15673491456
1787563910,33991346716,44688273408,4032,15677739008
1787563925,34094187415,44693524480,4032,15682174976
1787563940,34194620416,44821000192,4032,15810048000
1787563955,34296262802,44794540032,4032,15783407616
1787563970,34398713208,44814946304,4032,15804170240
1787563985,34500886944,44708913152,4032,15698157568
1787564000,34601970713,44739694592,4032,15729131520
1787564015,34705855442,44763299840,4032,15752212480
1787564030,34810407650,44747022336,4032,15738478592
1787564046,34910866071,44761284608,4032,15749423104
1787564061,35017807234,44748898304,4032,15737794560
1787564076,35118621261,44758953984,4032,15747870720
1787564091,35226389812,44716716032,4031,15705870336
1787564106,35328592121,44757901312,4031,15746756608
1787564121,35430436179,44719235072,4031,15707983872
1787564136,35537176506,44719443968,4031,15709364224
1787564151,35638801482,44738428928,4031,15709802496
1787564166,35742417243,44721786880,4031,15710478336
1787564181,35844630844,44722806784,4031,15711260672
1787564196,35953375645,44659138560,3979,15650881536
1787564211,36055050650,44660355072,3979,15651913728
1787564226,36179716797,44803829760,4050,15801937920
1787564242,36283647022,44844548096,4065,15841484800
1787564257,36383967331,44857352192,4065,15854010368
1787564272,36485229910,44885491712,4065,15882764288
1787564287,36589621067,44903346176,4065,15899451392
1787564302,36691710560,44895498240,4065,15893278720
1787564317,36794342601,45019828224,4065,16018083840
1787564332,36896992763,44944420864,4065,15942426624
1787564347,36997759307,44889165824,4065,15886598144
1787564362,37100263817,44897128448,4032,15894331392
1787564377,37202676830,44863012864,4032,15861788672
1787564392,37303981684,44864167936,4032,15862747136
1787564407,37405616939,44864950272,4032,15863394304
1787564422,37508302708,44865597440,4032,15864377344
1787564438,37610567371,44866428928,4032,15864881152
1787564453,37717875446,44914872320,4032,15913299968
1787564468,37820215300,44867620864,4032,15866626048
1787564483,37926936496,44889321472,4032,15887392768
1787564498,38029229268,44908285952,4032,15905964032
1787564513,38132416749,44902055936,4032,15900602368
1787564528,38234000032,44902670336,4032,15901442048
1787564543,38335785766,44923809792,4032,15921913856
1787564558,38436794017,44873957376,4032,15872692224
1787564573,38539328230,44874706944,4032,15873056768
1787564588,38641330031,44874788864,4032,15873208320
1787564603,38743257569,44875030528,4031,15873683456
1787564619,38845390033,44896251904,4031,15894466560
1787564634,38948311211,44944060416,4031,15942139904
1787564649,39049599794,44901437440,4031,15900139520
1787564664,39157029060,44938813440,4031,15937908736
1787564679,39259044851,44878270464,4031,15876972544
1787564694,39361981199,44913954816,4031,15912370176
1787564709,39463949021,44875571200,3979,15876624384
1787564724,39566045964,44833423360,3979,15834882048
1787564739,39674387840,44637622272,3978,15719149568
1787564754,39761078208,45390938112,4066,15847821312
1787564769,39862941113,45533888512,4080,15990194176
1787564784,39965376395,45527367680,4080,15983767552
1787564799,40066685887,45511598080,4080,15967649792
1787564815,40169937065,45532897280,4080,15988432896
1787564830,40271468795,45523480576,4080,15979945984
1787564845,40372655869,45525065728,4080,15980802048
1787564860,40473689677,45525778432,4080,15981604864
1787564875,40583427466,45551603712,4080,16006926336
1787564890,40685132073,45562245120,4080,16017575936
1787564905,40786318215,45532852224,4080,15998230528
1787564920,40887922808,45559898112,4080,16015970304
1787564935,40991077969,45573824512,4080,16028934144
1787564950,41092658651,45533265920,4080,15989870592
1787564965,41195030649,45533872128,4080,15990476800
1787564980,41296873901,45574696960,4080,16030625792
1787564996,41404126269,45535612928,4080,15991672832
1787565011,41506158724,45536346112,4080,15992360960
1787565026,41609483757,45536821248,4080,15992840192
1787565041,41711530755,45576822784,4080,16033075200
1787565056,41814094946,45582032896,4080,16038424576
1787565071,41917037932,45538578432,4080,15994019840
1787565086,42018791441,45558497280,4080,16014135296
1787565101,42123148072,45553106944,4080,16007946240
1787565116,42225298871,45542400000,4080,15998517248
1787565131,42327730029,45543157760,4080,15999102976
1787565146,42433894755,45681221632,4080,16136790016
1787565161,42535547829,45596995584,4080,16053637120
1787565176,42638195954,45556170752,4080,16011698176
1787565192,42739592038,45545730048,4080,16002056192
1787565207,42842829408,45596098560,4080,16051818496
1787565222,42944577297,45547876352,4080,16003993600
1787565237,43047225676,45604667392,4080,16061091840
1787565252,43149550192,45680275456,4080,16136118272
1787565267,43251184192,45579374592,4080,16035323904
1787565282,43353900127,45630316544,4080,16085700608
1787565297,43457015987,45580279808,4080,16036360192
1787565312,43561002942,45581475840,4080,16036802560
1787565327,43662428571,45628399616,4080,16084324352
1787565342,43766522413,45648183296,4080,16104517632
1787565357,43868954831,45648326656,4080,16103772160
1787565372,43972408892,45687926784,4080,16143835136
1787565388,44073983113,45685002240,4080,16140320768
1787565403,44176964293,45701734400,4080,16157503488
1787565418,44281082912,45603078144,4080,16059113472
1787565433,44382633824,45643358208,4080,16099274752
1787565448,44484138166,45604667392,4080,16059740160
1787565463,44586692035,45603942400,4080,16059863040
1787565478,44689382085,45603975168,4080,16060080128
1787565493,44791558179,45617545216,4080,16072941568
1787565508,44893960949,45604593664,4080,16060637184
1787565523,44995765730,45640044544,4080,16095141888
1787565538,45097693663,45643837440,4080,16100335616
1787565553,45206659723,45684658176,4080,16140312576
1787565568,45308739118,45650653184,4080,16106188800
1787565584,45413337519,45650522112,4080,16106418176
1787565599,45514795003,45651959808,4080,16106475520
1787565614,45617177442,45651316736,4080,16106586112
1787565629,45722926813,45630492672,4080,16086781952
1787565644,45824555480,45611728896,4080,16067260416
1787565659,45925862051,45650640896,4080,16107118592
1787565674,46028534784,45631123456,4080,16087375872
1787565689,46129762923,45611954176,4080,16067559424
1787565704,46231686433,45612298240,4080,16067661824
1787565719,46335444552,45611978752,4080,16068034560
1787565734,46438396367,45678759936,4080,16135245824
1787565749,46539248498,45719502848,4080,16174997504
1787565765,46640320075,45656420352,4080,16112017408
1787565780,46742597220,45612793856,4080,16068706304
1787565795,46845135620,45675020288,4080,16130449408
1787565810,46945840431,45653233664,4080,16108998656
1787565825,47047694420,45653061632,4080,16109150208
1787565840,47148551769,45656543232,4080,16112103424
1787565855,47250698001,45654511616,4080,16109961216
1787565870,47352856479,45661425664,4080,16117170176
1787565885,47455024519,45615603712,4080,16070688768
1787565900,47555833371,45644128256,4080,16100081664
1787565915,47662561707,45613264896,4047,16070668288
1787565930,47768582455,45688209408,4047,16145293312
1787565945,47869829478,45614301184,4047,16071061504
1787565961,47970445464,45697892352,4047,16155041792
1787565976,48071418320,45668536320,4047,16125751296
1787565991,48173330556,45651931136,4047,16108937216
1787566006,48274210561,45622517760,4047,16079167488
1787566021,48375720393,45622681600,4047,16079364096
1787566036,48483230227,45622669312,4047,16079638528
1787566051,48584047533,45652201472,4047,16109531136
1787566066,48685047762,45622669312,4047,16079855616
1787566081,48787219955,45622943744,4047,16080330752
1787566096,48889286159,45687676928,4047,16144941056
1787566111,48990651733,45623500800,4047,16080445440
1787566126,49092986469,45639155712,4047,16095457280
1787566141,49195037795,45663453184,4047,16120700928
1787566157,49295299455,45684842496,4046,16140791808
1787566172,49401873816,45664088064,4046,16120709120
1787566187,49501097686,45624680448,4046,16081584128
1787566202,49603215975,45678878720,4046,16135974912
1787566217,49703845332,45625114624,4046,16081911808
1787566232,49805942917,45635489792,4046,16091889664
1787566247,49907018489,45655908352,4046,16111759360
1787566262,50007235164,45649661952,4046,16106815488
1787566277,50108891167,45591740416,3994,16051195904
1787566292,50244704555,45247111168,4065,16192528384
1787566307,50347141507,45286563840,4080,16232443904
1787566322,50450560859,45324955648,4080,16271249408
1787566337,50554345857,45312491520,4080,16257818624
1787566353,50655596750,45293133824,4080,16238477312
1787566368,50757969218,45314711552,4080,16260091904
1787566383,50859665805,45355294720,4080,16300933120
1787566398,50961808240,45362642944,4080,16308199424
1787566413,51064827077,45333004288,4080,16277889024
1787566428,51167479041,45364289536,4080,16309448704
1787566443,51272529841,45337989120,4080,16283250688
1787566458,51374981965,45339897856,4080,16284925952
1787566473,51477817082,45341372416,4080,16286490624
1787566488,51579564892,45373763584,4047,16320053248
1787566503,51682071144,45376290816,4047,16323358720
1787566518,51783305920,45425635328,4047,16371687424
1787566534,51885301852,45387321344,4047,16333307904
1787566549,51987774914,45392531456,4047,16338739200
1787566564,52089940176,45391880192,4047,16339148800
1787566579,52191760989,45393031168,4047,16339648512
1787566594,52294831310,45434191872,4047,16389763072
1787566609,52395525001,45393608704,4047,16340307968
1787566624,52499689410,45421699072,4014,16370147328
1787566639,52600254942,45423259648,4014,16370851840
1787566654,52701820915,45360414720,4014,16308047872
1787566669,52803033343,45369991168,3981,16318193664
1787566684,52903002903,45406994432,3981,16355631104
1787566699,53003574093,45459578880,3981,16407953408
1787566714,53102760833,45435715584,3981,16384225280
1787566730,53203268962,45435097088,3980,16383942656
1787566745,53304241411,45406232576,3980,16355618816
1787566760,53404951476,45454524416,3947,16402980864
1787566775,53505844830,45374758912,3948,16324640768
1787566790,53605784339,45396828160,3914,16347213824
1787566805,53705871995,45366415360,3914,16317493248
1787566820,53804631957,45367631872,3914,16317775872
1787566835,53904991895,45366542336,3914,16317919232
1787566850,54021488855,44698066944,3846,16124530688
1787566865,54084516887,46148292608,3846,16185298944
1787566880,54175943411,46917476352,3932,16294715392
1787566895,54276967478,47001391104,3947,16377655296
1787566910,54377880376,47003844608,3947,16380231680
1787566926,54478158613,46975361024,3946,16351539200
1787566941,54578231162,47015419904,3913,16393187328
1787566956,54683442191,46981955584,3913,16358633472
1787566971,54782235034,47010947072,3913,16388628480
1787566986,54883904851,46884782080,3861,16263774208
1787567001,54983163751,46852894720,3861,16233132032
1787567016,55090756575,46793719808,3844,16237244416
1787567031,55163740725,48139472896,3931,16340344832
1787567046,55263365733,48293924864,3946,16494354432
1787567061,55365709984,48139116544,3893,16342044672
1787567076,55474411613,48098299904,3877,16424566784
1787567091,55577193243,48432594944,3979,16582381568
1787567106,55679004732,48507572224,3946,16657727488
1787567122,55779750255,48450670592,3946,16601100288
1787567137,55877403023,48456761344,3894,16609247232
1787567152,55978233796,48408227840,3861,16562221056
1787567167,56115533093,47855181824,3932,16526319616
1787567182,56219116681,47770853376,3895,16443953152
1787567197,56334780932,47440093184,3879,16318472192
1787567212,56417581475,48532807680,3965,16469757952
1787567227,56519374971,48711766016,3980,16648089600
1787567242,56620563599,48660705280,3980,16596832256
1787567257,56721646144,48650567680,3980,16586612736
1787567272,56823520053,48699559936,3980,16635195392
1787567287,56922783798,48664576000,3980,16600784896
1787567303,57022797623,48705892352,3980,16641634304
1787567318,57123347953,48701292544,3946,16637853696
1787567333,57222866662,48549617664,3862,16489390080
1787567348,57331295884,48663195648,3846,16395378688
1787567363,57414673609,49427374080,3933,16515837952
1787567378,57516271610,49475600384,3947,16563367936
1787567393,57614015045,49415168000,3947,16502697984
1787567408,57717300796,49444966400,3947,16531648512
1787567423,57815849747,49517899776,3946,16604368896
1787567438,57915786500,49571573760,3913,16659542016
1787567453,58014766365,49452519424,3913,16540930048
1787567468,58112592551,49475330048,3913,16564031488
1787567483,58212668950,49498947584,3880,16587952128
1787567499,58326047011,48860418048,3812,16579977216
1787567514,58443749562,49122004992,3899,16523317248
1787567529,58546666858,49160192000,3914,16561385472
1787567544,58654205161,48556793856,3846,16532561920
1787567559,58737049613,49577775104,3933,16594235392
1787567574,58837737470,49687166976,3948,16704106496
1787567589,58936723025,49665134592,3946,16681738240
1787567604,59041109264,49685405696,3946,16702177280
1787567619,59139849136,49741664256,3946,16757485568
1787567634,59240406037,49660555264,3946,16676724736
1787567649,59338853543,49684140032,3946,16699518976
1787567664,59438739506,49707933696,3946,16724324352
1787567680,59539823703,49669541888,3945,16686309376
1787567695,59640052541,49540874240,3860,16561569792
1787567710,59738609626,49417699328,3775,16441085952
1787567725,59884523976,49059282944,3830,16769687552
1787567740,59981520294,49730560000,3931,17012473856
1787567755,60081796316,49802657792,3946,17084682240
1787567770,60180226965,49780027392,3946,17062338560
1787567785,60280287688,49791188992,3946,17073586176
1787567800,60379353772,49843404800,3945,17124986880
1787567815,60477811373,49682305024,3861,16967786496
1787567830,60632389296,49412378624,3899,17135034368
1787567845,60733032326,49379921920,3913,17101697024
1787567860,60833200922,49302056960,3828,17027108864
1787567876,60958977131,49119178752,3899,17019199488
1787567891,61067987155,49283108864,3914,17183358976
1787567906,61166064978,49313173504,3881,17215070208
1787567921,61262706570,49347956736,3881,17249828864
1787567936,61360633084,49397407744,3881,17298804736
1787567951,61458870067,49405894656,3880,17306861568
1787567966,61558199074,49301045248,3795,17205997568
1787567981,61687412327,48801230848,3779,17286545408
1787567996,61798886754,48932618240,3833,17224605696
1787568011,61896588443,49165570048,3847,17456652288
1787568026,61993612246,49063952384,3847,17355030528
1787568041,62091316710,49112428544,3814,17404588032
1787568056,62187743492,49074405376,3813,17367318528
1787568072,62284379201,48944463872,3761,17239556096
1787568087,62420540180,48885039104,3799,17442598912
1787568102,62523351060,48925786112,3813,17483100160
1787568117,62620718496,48971001856,3813,17528283136
1787568132,62718657941,48835567616,3761,17394860032
1787568147,62843081927,48777846784,3832,17478168576
1787568162,62950791452,48890785792,3813,17592410112
1787568177,63047929651,48807944192,3761,17510150144
1787568192,63177507388,48509997056,3745,17795137536
1787568207,63288978086,48468656128,3847,17665728512
1787568222,63391399060,48411860992,3794,17612099584
1787568237,63520141318,47998148608,3777,17790337024
1787568253,63643037411,48093835264,3879,17836294144
1787568268,63741911700,47999283200,3827,17744703488
1787568283,63849130604,47405973504,3777,17872924672
1787568298,63975002259,47777083392,3864,17791860736
1787568313,64075124595,47814676480,3879,17829105664
1787568328,64174628314,47828783104,3879,17843380224
1787568343,64275077090,47638142976,3774,17657352192
1787568358,64411364605,47633346560,3845,17739218944
1787568373,64512124286,47630917632,3808,17737453568
1787568388,64638140992,47642222592,3879,17706524672
1787568403,64739290809,47770238976,3894,17834758144
1787568418,64845114669,47679561728,3893,17744109568
1787568434,64956771946,47729037312,3877,17701847040
1787568449,65058049676,48075993088,3912,17778393088
1787568464,65163603201,48185593856,3894,17887600640
1787568479,65268241552,48167972864,3861,17872465920
1787568494,65387701241,47731425280,3932,17907658752
1787568509,65488330330,47757115392,3947,17932517376
1787568524,65589831778,47791808512,3914,17968861184
1787568539,65688949042,47853314048,3913,18030112768
1787568554,65788728476,47649746944,3861,17828483072
1787568569,65881258436,47994667008,3845,17808072704
1787568584,65987883971,48222048256,3947,17921343488
1787568599,66087867280,48291311616,3947,17990000640
1787568614,66187355257,48298196992,3947,17997774848
1787568630,66292297214,48243388416,3914,17943764992
1787568645,66391186966,48318865408,3914,18018070528
1787568660,66492221790,48235909120,3862,17937494016
1787568675,66591999008,48266498048,3862,17969225728
1787568690,66718980623,48129441792,3933,18072281088
1787568705,66818887796,48104263680,3948,18047668224
1787568720,66920538528,48122494976,3947,18066153472
1787568735,67020278931,48153460736,3946,18095968256
1787568750,67120774207,48154607616,3946,18097942528
1787568765,67221356522,48243982336,3946,18187550720
1787568780,67321971861,48107757568,3945,18051125248
1787568795,67424802787,48134393856,3945,18077032448
1787568810,67524591489,48158752768,3945,18102046720
1787568826,67625356272,48051716096,3893,17997287424
1787568841,67724904974,47932235776,3841,17880621056
1787568856,67825843264,48338329600,3825,17839476736
1787568871,67887382689,49756860416,3825,17876901888
1787568886,68010437108,50385543168,3897,18006986752
1787568901,68098184581,51382652928,3997,18211987456
1787568916,68199111877,51517751296,4012,18343915520
1787568931,68301825192,51425587200,3960,18255638528
1787568946,68421528194,51282604032,3944,18239188992
1787568961,68511199341,52179562496,4031,18432450560
1787568976,68614076505,52215173120,4046,18466070528
1787568991,68718310460,52294643712,4046,18547380224
1787569006,68819826036,52320690176,4046,18572873728
1787569022,68921624330,52228603904,4046,18480951296
1787569037,69024617205,52143816704,3994,18398441472
1787569052,69126138484,52126908416,3994,18381578240
1787569067,69262781495,52091408384,4065,18462437376
1787569082,69365432742,52260298752,4080,18629873664
1787569097,69473789963,52221362176,4080,18591105024
1787569112,69576538605,52229951488,4080,18600124416
1787569127,69680785006,52254842880,4080,18623827968
1787569142,69783843674,52299870208,4080,18670497792
1787569157,69891204701,52282699776,4080,18652741632
1787569172,69994228862,52288446464,4080,18658500608
1787569187,70097688615,52293410816,4080,18663903232
1787569203,70201082228,52298227712,4080,18668662784
1787569218,70303628022,52317102080,4078,18686783488
1787569233,70407230738,52367847424,4047,18739609600
1787569248,70510104212,52351139840,4047,18721869824
1787569263,70610572376,52410867712,4047,18782146560
1787569278,70712343679,52307689472,4047,18678620160
1787569293,70814476503,52371374080,4047,18742325248
1787569308,70916511159,52310220800,4047,18681077760
1787569323,71018583965,52354961408,4047,18725986304
1787569338,71126027207,52312002560,4047,18683351040
1787569353,71228300230,52365357056,4047,18736365568
1787569368,71329638860,52342853632,4014,18715095040
1787569383,71430436789,52343918592,4014,18716438528
1787569399,71532604052,52345593856,4014,18717720576
1787569414,71634683443,52365713408,4014,18737815552
1787569429,71736508651,52369940480,4014,18749534208
1787569444,71837310133,52318859264,4014,18690953216
1787569459,71937371270,52319449088,4014,18691694592
1787569474,72038613997,52321087488,4013,18692993024
1787569489,72144555672,52349857792,4013,18721517568
1787569504,72246772874,52390137856,4013,18761510912
1787569519,72347255044,52323110912,4013,18694836224
1787569534,72454431110,52353622016,4013,18725134336
1787569549,72554222947,52323794944,4013,18695946240
1787569564,72653379667,52229746688,3961,18604675072
1787569579,72753079160,52190826496,3961,18565853184
1787569595,72895236631,51538653184,3945,18521563136
1787569610,72985406433,52303421440,4031,18650226688
1787569625,73086607693,52385312768,4046,18731868160
1787569640,73188764787,52437667840,4046,18783272960
1787569655,73290169009,52427231232,4046,18774044672
1787569670,73391018755,52391677952,4046,18738380800
1787569685,73492437981,52403589120,4046,18749624320
1787569700,73594131157,52453326848,4046,18800373760
1787569715,73696041197,52321288192,3994,18670194688
1787569730,73801848540,52399013888,3994,18746597376
1787569745,73936648937,51740258304,3978,18612244480
1787569760,74034990622,52173312000,4065,18755883008
1787569775,74136740258,52281450496,4080,18863767552
1787569791,74238520501,52240232448,4080,18822688768
1787569806,74340186143,52252655616,4080,18834997248
1787569821,74443180201,52290949120,4080,18873475072
1787569836,74544869060,52317573120,4080,18900328448
1787569851,74645392689,52327849984,4080,18910007296
1787569866,74747680926,52335169536,4080,18916503552
1787569881,74849541736,52273344512,4080,18855030784
1787569896,74951496925,52282556416,4081,18864398336
1787569911,75053698980,52296466432,4080,18878738432
1787569926,75156598981,52315463680,4080,18897567744
1787569941,75259456636,52279382016,4080,18861727744
1787569956,75359635646,52280754176,4080,18863222784
1787569971,75461070250,52334858240,4080,18916257792
1787569987,75567868020,52319055872,4080,18901315584
1787570002,75670034627,52362858496,4047,18945024000
1787570017,75772523912,52323094528,4047,18906423296
1787570032,75873823018,52313550848,4047,18896756736
1787570047,75980424162,52316917760,4047,18900205568
1787570062,76081665452,52330065920,4047,18911199232
1787570077,76183273402,52296097792,4047,18879246336
1787570092,76285295584,52305174528,4047,18887114752
1787570107,76387001441,52304130048,4047,18887372800
1787570122,76489690574,52305297408,4047,18888011776
1787570137,76588658994,52336775168,4014,18920538112
1787570152,76688213114,52338556928,4014,18921455616
1787570168,76789059657,52348264448,4014,18932400128
1787570183,76887856066,52336844800,4014,18921201664
1787570198,76986861759,52337549312,4014,18921627648
1787570213,77087750056,52308373504,4014,18892161024
1787570228,77187301692,52308860928,4014,18892521472
1787570243,77288146634,52351471616,4013,18935975936
1787570258,77388708805,52406218752,4013,18990305280
1787570273,77487720077,52310245376,4012,18894315520
1787570288,77587256958,52338761728,4012,18922192896
1787570303,77686990296,52309389312,3946,18895392768
1787570318,77785132004,52395950080,3946,18982641664
1787570333,77884720189,52309938176,3946,18895974400
1787570348,77983471126,52310523904,3946,18896576512
1787570364,78083020150,52236713984,3894,18825506816
1787570379,78193079352,52106489856,3964,18858094592
1787570394,78299833375,51436863488,3879,19052171264
1787570409,78420535392,52041318400,3966,18958389248
1787570424,78519184826,52110561280,3981,19026837504
1787570439,78617465811,52092329984,3981,19010211840
1787570454,78719834533,52096565248,3981,19013292032
1787570469,78820611306,52177477632,3981,19092164608
1787570484,78921023305,52088262656,3981,19005816832
1787570499,79019149064,52090908672,3981,19008524288
1787570514,79118001629,52122828800,3981,19039481856
1787570529,79216907454,52245663744,3981,19161972736
1787570545,79319896747,52102692864,3979,19020001280
1787570560,79418080835,52125220864,3979,19041665024
1787570575,79518474053,52107603968,3979,19024691200
1787570590,79617943411,52109791232,3979,19026739200
1787570605,79718112732,52137299968,3979,19054825472
1787570620,79817295493,52112744448,3979,19029950464
1787570635,79917489882,52114554880,3978,19031601152
1787570650,80017355743,52116201472,3978,19033395200
1787570665,80118977570,51865776128,3874,18788380672
1787570680,80295357684,51085254656,3929,19159453696
1787570695,80407053946,51320115200,4031,19077836800
1787570710,80505945308,51396874240,4046,19192856576
1787570725,80608190794,51457638400,4046,19254231040
1787570741,80710540758,51510788096,4046,19306606592
1787570756,80809444133,51282837504,3994,19081990144
1787570771,80930510022,50873643008,3945,19058188288
1787570786,81030146931,52154732544,4032,19261042688
1787570801,81131546182,52250517504,4047,19356315648
1787570816,81232338871,52263645184,4047,19370135552
1787570831,81332406863,52283715584,4047,19389493248
1787570846,81433934866,52336095232,4047,19442536448
1787570861,81536364084,52317818880,4047,19423199232
1787570876,81636806591,52293394432,4047,19399151616
1787570891,81738580684,52302462976,4047,19407663104
1787570906,81839800330,52308529152,4047,19414237184
1787570921,81939742723,52314812416,4047,19420585984
1787570937,82040634174,52323729408,4053,19428360192
1787570952,82141296412,52384620544,4047,19490570240
1787570967,82246286669,52373471232,4014,19479756800
1787570982,82347033115,52339605504,4014,19445743616
1787570997,82446853872,52344913920,4014,19450155008
1787571012,82547257869,52348678144,4013,19454717952
1787571027,82645525465,52358082560,4013,19464392704
1787571042,82746746828,52405403648,4013,19512307712
1787571057,82847503404,52360896512,4013,19467456512
1787571072,82947624590,52411297792,4013,19518402560
1787571087,83046871653,52444491776,4013,19551358976
1787571102,83147093948,52364017664,4013,19471319040
1787571117,83247593815,52366123008,4013,19473031168
1787571133,83348729398,52235358208,3961,19344392192
1787571148,83465605353,52483088384,4032,19422146560
1787571163,83570771063,52586668032,4047,19525615616
1787571178,83669136573,52505075712,4047,19443916800
1787571193,83771611275,52562923520,4047,19502178304
1787571208,83871071989,52524777472,4046,19463667712
1787571223,83970921844,52566167552,4046,19505762304
1787571238,84071852111,52519530496,4046,19458977792
1787571253,84172433923,52573900800,4046,19513262080
1787571268,84272276541,52547039232,4046,19487170560
1787571283,84372901371,52559130624,4046,19498844160
1787571298,84475984285,52561453056,4046,19500748800
1787571313,84579025714,52604108800,4046,19543375872
1787571329,84681087860,52499677184,3994,19440746496
1787571344,84799404818,52615581696,4065,19545452544
1787571359,84900163889,52663672832,4080,19593109504
1787571374,85003874800,52678365184,4080,19606704128
1787571389,85105332688,52682633216,4080,19610505216
1787571404,85205873051,52686426112,4080,19615219712
1787571419,85308248948,52699770880,4080,19628335104
1787571434,85411761576,52701855744,4080,19630800896
1787571449,85512721782,52728627200,4080,19657216000
1787571464,85614365829,52749885440,4047,19678826496
1787571479,85721908274,52706213888,4047,19636277248
1787571494,85822645669,52708126720,4047,19638112256
1787571510,85927171578,52711645184,4047,19642322944
1787571525,86028362562,52754587648,4047,19684331520
1787571540,86130279218,52804972544,4047,19734859776
1787571555,86232003687,52777160704,4047,19706687488
1787571570,86333644987,52729327616,4047,19659878400
1787571585,86435315111,52741505024,4047,19671793664
1787571600,86537081823,52812599296,4047,19742130176
1787571615,86638690984,52770361344,4047,19700449280
1787571630,86739820607,52805074944,4047,19733655552
1787571645,86841599193,52854145024,4047,19783757824
1787571660,86942345614,52739063808,4047,19669164032
1787571675,87043400690,52738768896,4047,19669426176
1787571690,87146056241,52739567616,4014,19669958656
1787571706,87250774471,52742553600,4014,19672682496
1787571721,87349675583,52781277184,4013,19712585728
1787571736,87452081170,52844408832,4013,19779387392
1787571751,87553524137,52742217728,4013,19673260032
1787571766,87655780662,52741201920,3980,19673206784
1787571781,87756730903,52771201024,3980,19703660544
1787571796,87855738947,52741976064,3980,19674038272
1787571811,87955950993,52783202304,3980,19714777088
1787571826,88055030307,52643663872,3895,19579367424
1787571841,88155609111,52645076992,3895,19579760640
1787571856,88269575708,52778405888,3966,19699167232
1787571871,88370110000,52841017344,3981,19761397760
1787571886,88472086231,52863320064,3981,19782934528
1787571902,88571683113,52876623872,3981,19797172224
1787571917,88672662394,52859695104,3980,19780018176
1787571932,88772375827,52922900480,3979,19843399680
1787571947,88873601137,52877512704,3980,19797360640
1787571962,88989237038,52880969728,3946,19801862144
1787571977,89087950249,52889538560,3946,19811336192
1787571992,89189688596,52894068736,3946,19815313408
1787572007,89289072798,52896149504,3946,19818188800
1787572022,89389358067,52750454784,3894,19674341376
1787572037,89488867036,52761636864,3894,19685806080
1787572052,89628955431,52242665472,3826,19562348544
1787572067,89732110067,52840566784,3896,19530686464
1787572082,89839546555,53367566336,4013,19880738816
1787572098,89944632221,53349269504,4013,19863953408
1787572113,90047258498,53401157632,4013,19916038144
1787572128,90148320232,53329616896,4013,19844567040
1787572143,90248951902,53370482688,4013,19883986944
1787572158,90351208020,53404344320,4013,19918868480
1787572173,90452591986,53396398080,4012,19910578176
1787572188,90551720462,53379055616,3947,19895754752
1787572203,90650583733,53347389440,3861,19866931200
1787572218,90758668750,53224456192,3812,19797393408
1787572233,90860904821,53701685248,3898,19981172736
1787572248,90958934710,53855981568,3879,20134940672
1787572263,91056540805,53812805632,3848,20093964288
1787572278,91155456455,53837484032,3848,20118085632
1787572294,91251951170,53796278272,3848,20077264896
1787572309,91349087824,53801136128,3848,20080988160
1787572324,91447405251,53805027328,3848,20086153216
1787572339,91545163523,53663358976,3796,19946262528
1787572354,91683076109,53345718272,3780,20020535296
1787572369,91786861584,53549928448,3882,20107001856
1787572384,91884850273,53611053056,3882,20168474624
1787572399,91982803672,53560692736,3880,20117975040
1787572414,92081712680,53521092608,3848,20079177728
1787572429,92179119614,53523816448,3813,20082839552
1787572444,92277184227,53526654976,3811,20086546432
1787572459,92374835714,53530374144,3811,20089692160
1787572474,92471523971,53534343168,3811,20092837888
1787572490,92569611882,53642117120,3778,20201402368
1787572505,92666328233,53494009856,3725,20056440832
1787572520,92778698436,52884738048,3709,20209119232
1787572535,92888953781,53070000128,3796,20076097536
1787572550,92987164282,52899614720,3707,19909640192
1787572565,93101932775,52474765312,3606,19634827264
1787572580,93225642475,52451061760,3679,19760775168
1787572595,93349124035,52463976448,3780,20010958848
1787572610,93461478415,52979085312,3866,20251148288
1787572625,93564872469,52943790080,3829,20218589184
1787572640,93663469022,52967063552,3829,20241182720
1787572655,93773902669,52595908608,3813,20191219712
1787572671,93845918238,54011973632,3900,20327555072
1787572686,93947565311,54114721792,3914,20429164544
1787572701,94051192363,54153687040,3913,20467965952
1787572716,94150594789,54169571328,3913,20483235840
1787572731,94249442471,54178836480,3913,20493348864
1787572746,94346269340,54189596672,3913,20504043520
1787572761,94446888259,54245056512,3912,20559163392
1787572776,94550681879,54243991552,3912,20557787136
1787572791,94650476371,54127194112,3827,20444758016
1787572806,94750343259,54137192448,3827,20454785024
1787572821,94872626336,54039445504,3759,20283326464
1787572836,94957198990,55420395520,3813,20473716736
1787572852,95051592981,55859630080,3883,20544708608
1787572867,95156325439,56107819008,3912,20791828480
1787572882,95255590529,56082399232,3912,20766527488
1787572897,95355831881,56133992448,3912,20816257024
1787572912,95453707932,56009625600,3860,20695564288
1787572927,95581079756,55765401600,3931,20846882816
1787572942,95680354879,55773061120,3913,20855013376
1787572957,95779683249,55780990976,3913,20863062016
1787572972,95880048119,55716286464,3861,20801462272
1787572987,95979076898,55614550016,3776,20702449664
1787573002,96096480783,55381725184,3744,20713508864
1787573017,96156186379,56800460800,3711,20709842944
1787573032,96256622727,57534504960,3885,20910399488
1787573047,96355913251,57648357376,3915,21023162368
1787573063,96454824480,57731215360,3915,21103759360
1787573078,96552637368,57636544512,3914,21010796544
1787573093,96651560142,57674432512,3914,21048397824
1787573108,96752860306,57654603776,3914,21028687872
1787573123,96852545560,57662160896,3913,21036175360
1787573138,96952277765,57669775360,3913,21043867648
1787573153,97051294565,57676357632,3913,21049786368
1787573168,97156176529,57683554304,3913,21058129920
1787573183,97257060582,57692844032,3912,21067431936
1787573198,97355378270,57565573120,3860,20942417920
1787573213,97466199068,57554911232,3844,20898390016
1787573228,97578875515,58738667520,3931,21101547520
1787573243,97681017872,58762678272,3946,21124890624
1787573259,97793689215,58209243136,3877,21018451968
1787573274,97887736635,58978549760,3964,21196419072
1787573289,97989122904,58978078720,3978,21196582912
1787573304,98091951676,58995998720,3978,21215178752
1787573319,98194395580,59026776064,3978,21245325312
1787573334,98294952410,58886242304,3926,21107130368
1787573349,98413078586,58454204416,3910,21033160704
1787573364,98522337464,58969198592,3997,21240430592
1787573379,98623066027,58996072448,4012,21266190336
1787573394,98727358269,58876624896,3960,21148397568
1787573409,98858819416,58413707264,3979,21152997376
1787573424,98971001289,58279768064,3978,21149044736
1787573440,99078988150,58560770048,4065,21245329408
1787573455,99184105525,58659639296,4080,21343469568
1787573470,99289273591,58668675072,4080,21352366080
1787573485,99394974038,58678616064,4080,21362360320
1787573500,99498728521,58686951424,4080,21370556416
1787573515,99601756330,58695892992,4080,21379878912
1787573530,99707608203,58702798848,4080,21385703424
1787573545,99809831967,58708996096,4080,21392629760
1787573560,99915861837,58716377088,4080,21400453120
1787573575,100021403466,58721734656,4046,21406371840
1787573590,100128872950,58734964736,4014,21420441600
1787573605,100232649734,58739888128,4014,21425356800
1787573620,100335821007,58742513664,4014,21428940800
1787573636,100438464990,58746757120,4014,21433077760
1787573651,100542393112,58771247104,4014,21456744448
1787573666,100648879903,58753884160,3981,21441523712
1787573681,100753197876,58757304320,3981,21444829184
1787573696,100857358541,58780393472,3981,21467811840
1787573711,100964457159,58763468800,3981,21450190848
1787573726,101067797068,58764529664,3980,21451550720
1787573741,101170534595,58795630592,3980,21482323968
1787573756,101273810964,58766209024,3980,21453529088
1787573771,101379482253,58769371136,3980,21455630336
1787573786,101482447688,58806898688,3980,21493727232
1787573801,101585032494,58835300352,3980,21521780736
1787573816,101687502158,58770886656,3980,21458132992
1787573832,101790392509,58771673088,3979,21458792448
1787573847,101908103747,58174902272,3911,21444886528
1787573862,102030973859,58924199936,3998,21520543744
1787573877,102134112709,58954612736,3980,21552111616
1787573892,102242157836,58970374144,3980,21568167936
1787573907,102345810668,59000877056,3979,21598679040
1787573922,102450805903,58976145408,3979,21573222400
1787573937,102559659800,58870038528,3927,21469839360
1787573952,102666224949,58872590336,3927,21472202752
1787573967,102771120695,58778206208,3911,21513678848
1787573982,102883264830,59072454656,4013,21724889088
1787573997,102987412451,59083939840,4014,21736452096
1787574013,103090892719,59088715776,4013,21740216320
1787574028,103194156867,58942603264,3961,21596823552
1787574043,103317070320,58735443968,3945,21611487232
1787574058,103420873134,59154407424,4047,21836378112
1787574073,103529915035,59149426688,4047,21822566400
1787574088,103634458952,59184603136,4047,21856235520
1787574103,103739075951,59247116288,4047,21919928320
1787574118,103842543408,59217387520,4046,21889679360
1787574133,103948299087,59263401984,4046,21935656960
1787574148,104054105939,59199799296,4046,21872107520
1787574163,104158460895,59203305472,4046,21875712000
1787574178,104263033332,59148849152,4046,21821915136
1787574193,104366059361,59197124608,4046,21870096384
1787574209,104470708712,59166175232,4013,21839257600
1787574224,104575152247,59173285888,4013,21845970944
1787574239,104679665046,59082473472,3961,21758652416
1787574254,104830557213,58416492544,3945,21711364096
1787574269,104960118473,58612539392,4047,21834309632
1787574284,105066244731,58565185536,4047,21786701824
1787574299,105169623771,58605850624,4047,21830037504
1787574314,105277330931,58616844288,4047,21837451264
1787574329,105382935944,58619441152,4047,21840855040
1787574344,105488832120,58602311680,4047,21824278528
1787574359,105593940288,58604810240,4047,21826658304
1787574374,105699177269,58593656832,4047,21816004608
1787574390,105805103386,58587394048,4047,21808553984
1787574405,105910194537,58589425664,4047,21810774016
1787574420,106022392683,58632261632,4047,21852602368
1787574435,106126258806,58593423360,4046,21813559296
1787574450,106229953844,58592030720,4046,21814108160
1787574465,106335690875,58594541568,4046,21815533568
1787574480,106440962825,58594922496,4046,21816594432
1787574495,106545744696,58595643392,4046,21817225216
1787574510,106649288383,58595758080,4046,21817741312
1787574525,106756131881,58645913600,4046,21866373120
1787574540,106860508197,58598129664,4013,21820567552
1787574555,106965602781,58492653568,3961,21717676032
1787574570,107089190280,58186747904,3945,21698695168
1787574586,107194256112,58571878400,4032,21847789568
1787574601,107299347300,58680934400,4014,21957099520
1787574616,107402725313,58703159296,4014,21979140096
1787574631,107507667519,58685988864,4014,21961392128
1787574646,107612548839,58689163264,4014,21965721600
1787574661,107716089697,58691416064,4014,21967785984
1787574676,107820823652,58736218112,4014,22011666432
1787574691,107925893276,58744692736,4014,22020259840
1787574706,108028208854,58723463168,4014,21999382528
1787574721,108132800807,58702303232,4014,21978738688
1787574736,108236316705,58703683584,4014,21980540928
1787574751,108338679099,58705772544,4014,21982113792
1787574766,108442804699,58707619840,4014,21983739904
1787574782,108547498562,58709340160,4014,21985374208
1787574797,108651217142,58710081536,4013,21986955264
1787574812,108754501225,58713575424,4013,21989896192
1787574827,108858516210,58715811840,4013,21991477248
1787574842,108961801588,58717011968,4012,21993025536
1787574857,109063856905,58717634560,4012,21993410560
1787574872,109167418418,58727763968,4012,22003818496
1787574887,109271261648,58728050688,4012,22003982336
1787574902,109377320466,58675445760,3927,21955031040
1787574917,109487242389,58332315648,3911,21935951872
1787574932,109610239239,58678800384,3998,22022582272
1787574947,109713672175,58684428288,4013,22029312000
1787574962,109816524981,58438479872,3928,21787049984
1787574978,109950867105,57982410752,3999,21976281088
1787574993,110054711309,57980243968,4014,21974274048
1787575008,110158717428,57983791104,4014,21977632768
1787575023,110262508666,58025308160,4014,22018392064
1787575038,110368333857,58029924352,4014,22032281600
1787575053,110471177308,57994776576,4013,21988421632
1787575068,110580006777,58000281600,4013,21993742336
1787575083,110684008005,58004025344,4013,21997441024
1787575098,110788239526,58042978304,4013,22036758528
1787575113,110892175585,58012729344,4013,22005235712
1787575128,110994893782,58083516416,4013,22077960192
1787575143,111100666825,58067963904,4013,22061957120
1787575158,111203953135,57904246784,3961,21899661312
1787575174,111336494997,57350545408,3945,21816111104
1787575189,111448523006,58174300160,4032,21930209280
1787575204,111554262514,58153361408,4047,21908496384
1787575219,111658239900,58165964800,4046,21922308096
1787575234,111762192471,58171588608,4046,21927772160
1787575249,111867409545,58177970176,4046,21933056000
1787575264,111970426044,58180337664,4046,21935095808
1787575279,112077075834,58182062080,4046,21937270784
1787575294,112181311243,58250821632,4046,22005420032
1787575309,112286860962,58225049600,4046,21980037120
1787575324,112392123606,58226876416,4046,21981614080
1787575339,112496171354,57995288576,3978,21855440896
1787575355,112623288496,58051334144,4065,21920116736
1787575370,112727523874,58056589312,4080,21926113280
1787575385,112832814016,58115301376,4080,21984620544
1787575400,112936422895,58064613376,4080,21933641728
1787575415,113041684449,58124333056,4080,21993582592
1787575430,113145761397,58129412096,4080,21999054848
1787575445,113250756834,58133524480,4080,22001909760
1787575460,113355648169,58135982080,4080,22005293056
1787575475,113460433899,58137612288,4080,22006620160
1787575490,113564637243,58138787840,4047,22008594432
1787575505,113668389531,58160783360,4047,22030761984
1787575520,113787817106,58169974784,4047,22039580672
1787575535,113889924811,58198482944,4047,22068482048
1787575551,113996492687,58201989120,4047,22072246272
1787575566,114101048384,58156089344,4047,22025981952
1787575581,114204146011,58158120960,4047,22027460608
1787575596,114308164581,58158731264,4047,22028939264
1787575611,114412353012,58161127424,4047,22031278080
1787575626,114517630870,58181341184,4047,22051553280
1787575641,114621183753,58182197248,4046,22051790848
1787575656,114728711355,58162491392,4046,22032490496
1787575671,114832860272,58163019776,4046,22032666624
1787575686,114937277400,58164101120,4046,22032900096
1787575701,115043327944,58162597888,4013,22033035264
1787575716,115146142405,58163388416,4013,22033653760
1787575732,115250665024,58161958912,4013,22033829888
1787575747,115354798328,58163331072,4013,22033936384
1787575762,115461396841,58041446400,3961,21915201536
1787575777,115582772719,57794895872,4032,22000693248
1787575792,115687348744,57989939200,4047,22194573312
1787575807,115791782762,57859178496,4047,22063783936
1787575822,115895889025,57901629440,4047,22106329088
1787575837,115999428356,57914499072,4047,22119428096
1787575852,116102445299,57959337984,4047,22164197376
1787575867,116208622873,57873022976,4047,22076661760
1787575882,116312589319,57862643712,4047,22067945472
1787575897,116416005182,57883783168,4014,22089588736
1787575912,116519205782,57862750208,4014,22068396032
1787575928,116621224408,57864581120,3980,22071640064
1787575943,116722938214,57865912320,3980,22072745984
1787575958,116825927998,57867935744,3947,22076235776
1787575973,116927787303,57869402112,3947,22076579840
1787575988,117029497505,57869021184,3947,22076743680
1787576003,117131358467,57869832192,3947,22076899328
1787576018,117231758795,57918312448,3947,22126817280
1787576033,117334493914,57870217216,3946,22077390848
1787576048,117435852954,57739833344,3861,21951934464
1787576063,117564597085,57185939456,3845,21850136576
1787576078,117669131602,57580851200,3947,22089793536
1787576093,117774687273,57517912064,3946,22027030528
1787576109,117877331196,57517604864,3946,22027341824
1787576124,117980030266,57518563328,3946,22028472320
1787576139,118081308139,57545338880,3946,22054432768
1787576154,118183165534,57521860608,3946,22031732736
1787576169,118284491280,57399975936,3893,21911834624
1787576184,118429445638,55839846400,3877,21884407808
1787576199,118539059554,56184258560,3979,22145589248
1787576214,118643025144,56116170752,3927,22078373888
1787576229,118790377051,55938195456,3998,22126714880
1787576244,118893509252,56055414784,4013,22243524608
1787576259,119002468490,56083881984,4013,22271823872
1787576274,119104625604,56154497024,4013,22342230016
1787576289,119208518244,56028954624,3961,22214860800
1787576305,119302960789,56632913920,4032,22249619456
1787576320,119410434194,56772325376,4046,22389141504
1787576335,119515091693,56776957952,4046,22393729024
1787576350,119619521192,56783069184,4046,22400208896
1787576365,119724598970,56789549056,4046,22406225920
1787576380,119831079054,56804782080,4013,22422315008
1787576395,119934546016,56809201664,3980,22428495872
1787576410,120036836196,56816001024,3980,22435090432
1787576425,120139136490,56834576384,3928,22456299520
1787576440,120254199304,56265965568,3912,22242365440
1787576455,120365841134,56531079168,3981,22507368448
1787576470,120467797295,56537284608,3981,22513438720
1787576486,120570520732,56542679040,3948,22519332864
1787576501,120671666666,56559853568,3915,22538129408
1787576516,120773958245,56564170752,3915,22542266368
1787576531,120875368383,56568500224,3915,22546690048
1787576546,120975927031,56571322368,3915,22549692416
1787576561,121079322934,56577032192,3915,22555348992
1787576576,121179992437,56579805184,3915,22557433856
1787576591,121280299593,56581382144,3914,22558916608
1787576606,121380692872,56582955008,3914,22561067008
1787576621,121481703181,56637579264,3914,22615375872
1787576636,121582343018,56598904832,3912,22577799168
1787576651,121682536351,56601534464,3912,22579961856
1787576666,121785890966,56635150336,3912,22613315584
1787576682,121888113607,56665849856,3879,22644633600
1787576697,121988414087,56485376000,3827,22467555328
1787576712,122107840998,56048504832,3811,22441721856
1787576727,122221180096,56319631360,3879,22615687168
1787576742,122324838642,56323563520,3878,22619467776
1787576757,122424288022,56074514432,3774,22375473152
1787576772,122584471278,55614509056,3916,22579159040
1787576787,122685694361,55843856384,3946,22807203840
1787576802,122785143381,55802359808,3913,22766944256
1787576817,122889658553,55819653120,3913,22784430080
1787576832,122990090700,55695433728,3861,22662688768
1787576847,123090061217,55703048192,3861,22670282752
1787576862,123193313093,55612002304,3880,22634819584
1787576878,123299324997,55704322048,3879,22595997696
1787576893,123388621577,56559009792,3966,22744252416
1787576908,123489718530,56571699200,3981,22755930112
1787576923,123589847314,56597839872,3981,22782160896
1787576938,123690671355,56586870784,3980,22770933760
1787576953,123789583104,56593694720,3979,22778097664
1787576968,123890290469,56621260800,3979,22805766144
1787576983,123993347445,56636817408,3978,22821339136
1787576998,124095054303,56695910400,3979,22880940032
1787577013,124194663951,56725209088,3978,22908870656
1787577028,124294877664,56676646912,3978,22870122496
1787577043,124394525562,56670433280,3978,22855155712
1787577058,124494474959,56553635840,3926,22739705856
1787577074,124618435191,56532901888,3910,22652170240
1787577089,124711946945,57135271936,3945,22671147008
1787577104,124867335893,56897421312,3944,22624718848
1787577119,124923243467,58367700992,3944,22642483200
1787577134,125011977493,58849959936,3979,22483140608
1787577149,125123678015,57856135168,3945,22574936064
1787577164,125227165104,58465927168,4032,22658387968
1787577179,125328379493,58607460352,4047,22798897152
1787577194,125431503863,58583633920,4047,22776164352
1787577209,125532529479,58632929280,4047,22825213952
1787577224,125635679819,58638774272,4047,22830333952
1787577239,125740549301,58611044352,4047,22803013632
1787577255,125843087304,58617901056,4046,22810357760
1787577270,125949271353,58628100096,3981,22822633472
1787577285,126050176701,58718064640,3981,22912086016
1787577300,126153610191,58640609280,3981,22835195904
1787577315,126255389696,58697494528,3981,22891827200
1787577330,126357894047,58654420992,3981,22848131072
1787577345,126460291786,58673160192,3981,22864601088
1787577360,126560680361,58688020480,3981,22882144256
1787577375,126661385528,58733711360,3981,22927712256
1787577390,126769832927,58677690368,3947,22873235456
1787577405,126870168793,58745925632,3947,22941061120
1787577420,126969952312,58685394944,3947,22880817152
1787577435,127071549838,58612772864,3895,22808993792
1787577451,127174010100,58601967616,3895,22799982592
1787577466,127271971181,58620882944,3895,22818607104
1787577481,127371881811,58591768576,3862,22789365760
1787577496,127472015414,58647687168,3862,22846337024
1787577511,127572544971,58561724416,3860,22760677376
1787577526,127707016865,57987186688,3844,22750339072
1787577541,127809421354,58293911552,3946,22877552640
1787577556,127911400225,58307686400,3946,22891737088
1787577571,128011923612,58270519296,3946,22853971968
1787577586,128112248961,58272768000,3946,22855663616
1787577601,128211163025,58273611776,3946,22857400320
1787577616,128313083070,58275946496,3946,22859096064
1787577632,128426048607,57527926784,3825,22701326336
1787577647,128513612078,58638999552,3912,22754369536
1787577662,128625237256,58510249984,3896,22694858752
1787577677,128722908483,59251445760,3998,22793523200
1787577692,128826197791,59274326016,4013,22816280576
1787577707,128928694917,59279806464,4013,22821720064
1787577722,129036339669,59305988096,4013,22846918656
1787577737,129137546234,59310444544,4012,22852587520
1787577752,129239967952,59314483200,3979,22857347072
1787577767,129342582441,59241041920,3927,22785896448
1787577782,129443173505,58937573376,3878,22763941888
1787577797,129569776809,59102400512,3965,22844407808
1787577812,129670768383,59208683520,3980,22950207488
1787577828,129771772610,59219517440,3980,22960238592
1787577843,129873424089,59221999616,3980,22964232192
1787577858,129976188154,59126325248,3928,22870810624
1787577873,130087809640,58619150336,3912,22993416192
1787577888,130211435677,58871832576,3999,22976630784
1787577903,130313085895,59003056128,3981,23108018176
1787577918,130415382208,59058917376,3981,23163527168
1787577933,130517053367,59014766592,3981,23119220736
1787577948,130617545312,59021844480,3981,23127064576
1787577963,130718350339,59066716160,3981,23171432448
1787577978,130821039223,59033247744,3981,23137509376
1787577993,130921654540,59036012544,3980,23140704256
1787578009,131024852642,59038863360,3980,23143858176
1787578024,131125246048,59043856384,3979,23148666880
1787578039,131226219891,59055116288,3979,23160475648
1787578054,131327940897,59088621568,3978,23193001984
1787578069,131428905948,59054837760,3978,23159435264
1787578084,131531011888,59056865280,3978,23161536512
1787578099,131631868899,59087646720,3945,23192735744
1787578114,131732484846,58956013568,3893,23064780800
1787578129,131862581166,58596478976,3964,23154417664
1787578144,131964136735,58541195264,3927,23101222912
1787578159,132091851349,58347745280,3946,23026458624
1787578174,132227259117,58084569088,3879,23015063552
1787578189,132335299753,58401071104,3981,23191420928
1787578205,132436352030,58415198208,3981,23205310464
1787578220,132536516600,58461569024,3981,23251705856
1787578235,132637825762,58423336960,3981,23214022656
1787578250,132740076449,58428252160,3948,23218941952
1787578265,132840757794,58432921600,3948,23224078336
1787578280,132942343091,58500489216,3948,23290789888
1787578295,133044373072,58444836864,3948,23234494464
1787578310,133144864297,58448134144,3948,23239106560
1787578325,133245517672,58491985920,3948,23283200000
1787578340,133345641545,58499751936,3948,23290384384
1787578355,133447310874,58517245952,3948,23308726272
1787578370,133546531475,58523115520,3947,23314055168
1787578386,133646136113,58535587840,3947,23325704192
1787578401,133746593276,58541039616,3947,23332065280
1787578416,133846214331,58544640000,3945,23335325696
1787578431,133947419716,58572169216,3945,23363239936
1787578446,134046953050,58487488512,3945,23278870528
1787578461,134147867256,58531012608,3945,23321849856
1787578476,134247246499,58518556672,3945,23309406208
1787578491,134363267944,58082541568,3876,23284838400
1787578506,134460867565,58743541760,3963,23310827520
1787578521,134562489841,58819198976,3978,23385886720
1787578536,134664518466,58530242560,3874,23102382080
1787578551,134779936509,57957961728,3929,23329669120
1787578566,134895355463,58934759424,4031,23342387200
1787578582,134996250072,58965688320,4046,23372173312
1787578597,135098768917,59013079040,4046,23420309504
1787578612,135201386750,58979180544,4046,23386296320
1787578627,135303616399,58903523328,3994,23312568320
1787578642,135442926488,58373091328,3978,23244140544
1787578657,135538824115,59011362816,4032,23405285376
1787578672,135646182661,59105509376,4047,23498276864
1787578687,135749495528,59113320448,4047,23506579456
1787578702,135850101232,59210047488,4047,23603130368
1787578717,135952654218,59199066112,4047,23591763968
1787578732,136059757153,59223334912,4047,23615561728
1787578747,136160346928,59224518656,4047,23617064960
1787578763,136262720477,59251478528,4047,23643672576
1787578778,136364929287,59193012224,4047,23586103296
1787578793,136467753031,59212156928,4047,23604981760
1787578808,136569189046,59259625472,4047,23652761600
1787578823,136671011949,59221909504,4014,23615774720
1787578838,136772806391,59268087808,4014,23661936640
1787578853,136873182246,59277905920,4014,23671971840
1787578868,136980883694,59226857472,4014,23621013504
1787578883,137081524096,59268571136,4014,23661854720
1787578898,137183778682,59228684288,3980,23623106560
1787578913,137283233272,59249164288,3980,23644000256
1787578928,137385416837,59229122560,3980,23624589312
1787578943,137486114720,59230609408,3980,23625728000
1787578959,137587760857,59230760960,3979,23626244096
1787578974,137688706549,59231772672,3979,23626903552
1787578989,137790569660,59099897856,3927,23497469952
1787579004,137891441233,59099922432,3927,23497961472
1787579019,137995292168,58419187712,3911,23751974912
1787579034,138125863850,58465628160,3998,23638396928
1787579049,138227866248,58568015872,4013,23739731968
1787579064,138330931165,58601140224,4013,23771578368
1787579079,138431295155,58394128384,3961,23568314368
1787579094,138534566171,58429698048,3945,23488696320
1787579109,138634549979,58990739456,4032,23639351296
1787579124,138736787108,58974846976,4047,23622447104
1787579140,138839512090,59030339584,4046,23677140992
1787579155,138942120282,59057528832,4046,23705530368
1787579170,139043942856,59069001728,4046,23717105664
1787579185,139145261820,59040514048,4046,23688499200
1787579200,139246780891,59044302848,4046,23691874304
1787579215,139349191946,59047370752,4046,23695081472
1787579230,139451521123,58988171264,4046,23635828736
1787579245,139554434114,59013480448,4046,23660945408
1787579260,139656432470,58909700096,3994,23559782400
1787579275,139798044578,58471600128,3978,23566237696
1787579290,139903364926,58713354240,4080,23740137472
1787579305,140005504677,58720153600,4080,23746093056
1787579321,140107676923,58767065088,4080,23793438720
1787579336,140214356498,58730573824,4080,23756382208
1787579351,140316645786,58733682688,4080,23760166912
1787579366,140419615225,58736197632,4080,23762735104
1787579381,140520710635,58737500160,4080,23764062208
1787579396,140622653715,58778583040,4080,23804755968
1787579411,140730697689,58779820032,4080,23806656512
1787579426,140831975742,58742493184,4080,23768821760
1787579441,140934015540,58830700544,4080,23857389568
1787579456,141035963095,58833199104,4080,23857573888
1787579471,141138144252,58772668416,4080,23798693888
1787579486,141240665842,58774003712,4080,23800524800
1787579501,141342027997,58773684224,4047,23800750080
1787579517,141444270245,58775625728,4047,23802888192
1787579532,141546458833,58779443200,4047,23806021632
1787579547,141649367165,58779332608,4047,23806861312
1787579562,141756393365,58809081856,4047,23836336128
1787579577,141858902180,58780147712,4047,23808065536
1787579592,141960651564,58781696000,4047,23809155072
1787579607,142063499094,58783064064,4047,23809716224
1787579622,142163799561,58822279168,4047,23849779200
1787579637,142266921522,58837504000,4047,23864778752
1787579652,142368623629,58838155264,4047,23865167872
1787579667,142470961940,58784206848,4047,23811203072
1787579682,142573128265,58783809536,4047,23811469312
1787579697,142674042797,58818482176,4047,23845933056
1787579713,142776512859,58789347328,4047,23816548352
1787579728,142877728098,58837028864,4046,23864262656
1787579743,142981030448,58790608896,4046,23817728000
1787579758,143083211639,58840064000,4046,23867883520
1787579773,143184361037,58792026112,4046,23818878976
1787579788,143286530062,58791653376,4046,23819276288
1787579803,143387763139,58794119168,4046,23819829248
1787579818,143489587888,58792902656,4046,23820316672
1787579833,143590967386,58793254912,4046,23821000704
1787579848,143693954080,58662027264,3994,23691427840
1787579863,143826554460,58456698880,4065,23894745088
1787579878,143932533798,58489556992,4080,23928098816
1787579894,144035853922,58492096512,4080,23930048512
1787579909,144137156196,58493173760,4080,23931998208
1787579924,144238907586,58494619648,4047,23934226432
1787579939,144341085401,58496802816,4047,23935938560
1787579954,144443514472,58499190784,4047,23938125824
1787579969,144544636954,58502377472,4047,23941480448
1787579984,144648397945,58503680000,4047,23943204864
1787579999,144750124846,58505252864,4047,23944933376
1787580014,144854332932,58507603968,4047,23946534912
1787580029,144955067630,58510553088,4047,23948652544
1787580044,145056759014,58511130624,4047,23950540800
1787580059,145158271393,58513649664,4047,23952347136
1787580074,145260711503,58516512768,4047,23955644416
1787580090,145362226851,58531328000,4047,23970258944
1787580105,145464007083,58533109760,4047,23971991552
1787580120,145564463584,58579357696,4047,24018558976
1787580135,145667718527,58536296448,4047,23975866368
1787580150,145768370434,58535796736,4013,23976284160
1787580165,145868443602,58536144896,4013,23976542208
1787580180,145970362893,58574348288,4013,24014622720
1787580195,146071355077,58628759552,4013,24068792320
1787580210,146173534008,58537844736,4013,23977689088
1787580225,146275940629,58537889792,4013,23978180608
1787580240,146375281242,58538704896,4013,23978352640
1787580255,146476486463,58537971712,4013,23978532864
1787580271,146577809886,58420334592,3961,23862865920
1787580286,146693430139,58208423936,3944,23734960128
1787580301,146803517049,58505744384,4046,24012443648
1787580316,146906666164,58509844480,4046,24016748544
1787580331,147007757873,58511474688,4046,24018681856
1787580346,147109248098,58513309696,4046,24020475904
1787580361,147210179577,58515517440,4046,24022179840
1787580376,147310977668,58517123072,4046,24024231936
1787580391,147414283939,58519343104,4046,24026267648
1787580406,147516845888,58420195328,3994,23929372672
1787580421,147614833822,58580090880,3978,23878533120
1787580436,147716089745,59103895552,4065,24001495040
1787580451,147818631138,59195977728,4080,24092524544
1787580467,147921849675,59207790592,4080,24104607744
1787580482,148024334027,59212103680,4080,24109035520
1787580497,148126831014,59218522112,4080,24115142656
1787580512,148228809771,59230228480,4047,24128491520
1787580527,148331286806,59233955840,4047,24131596288
1787580542,148433179437,59237122048,4047,24134860800
1787580557,148533875592,59238977536,4014,24137920512
1787580572,148635977944,59243012096,4014,24141807616
1787580587,148737498492,59243958272,4014,24143560704
1787580602,148838542246,59247095808,4014,24145276928
1787580617,148940835227,59248599040,4014,24147222528
1787580632,149041810970,59273719808,4014,24171433984
1787580647,149143771587,59252862976,4014,24150953984
1787580663,149245688027,59254079488,4014,24152694784
1787580678,149346547682,59316830208,4014,24214732800
1787580693,149447286817,59355287552,4014,24254377984
1787580708,149550239385,59296870400,4014,24195522560
1787580723,149650155103,59260190720,4014,24159133696
1787580738,149751032419,59256688640,3948,24157958144
1787580753,149851538791,59257475072,3947,24158076928
1787580768,149951607037,59301928960,3947,24202919936
1787580783,150050707792,59257323520,3947,24158466048
1787580798,150152305921,59256270848,3913,24158576640
1787580813,150252034700,59294998528,3913,24196231168
1787580828,150351209165,59257544704,3913,24159096832
1787580844,150456587058,59258220544,3913,24159723520
1787580859,150554953901,59257896960,3913,24159805440
1787580874,150659764098,59126886400,3860,24030789632
1787580889,150789201438,58874425344,3844,24047108096
1787580904,150895123913,59092865024,3946,24164147200
1787580919,150995243434,59094601728,3946,24165801984
1787580934,151105743593,58766196736,3878,24361291776
1787580949,151219473321,58949767168,3965,24038215680
1787580964,151321292863,58965610496,3980,24052678656
1787580979,151427433017,58981330944,3980,24068898816
1787580994,151528247227,58889121792,3927,23978340352
1787581009,151629789511,58892881920,3927,23981965312
1787581024,151772818558,58190090240,3998,24157327360
1787581040,151873386909,58237390848,3947,24206823424
1787581055,151973316310,58236084224,3913,24206954496
1787581070,152072625953,58242342912,3913,24212828160
1787581085,152172901408,58249945088,3913,24220012544
1787581100,152277423393,58115661824,3861,24087998464
1787581115,152376118012,58120658944,3861,24093310976
1787581130,152528265899,56751644672,3932,24127815680
1787581145,152633743660,56761122816,3914,24139325440
1787581160,152731459405,56666390528,3862,24047128576
1787581175,152851038131,56296288256,3845,24028729344
1787581190,152930625992,57632903168,3899,24108089344
1787581205,153035622481,57646620672,3914,24121798656
1787581220,153134357621,57652891648,3914,24127041536
1787581236,153234838006,57688801280,3914,24163876864
1787581251,153334602661,57731657728,3914,24206651392
1787581266,153435099015,57698914304,3914,24173457408
1787581281,153535475031,57734602752,3914,24209510400
1787581296,153634708311,57739694080,3913,24214142976
1787581311,153734769545,57627357184,3860,24104046592
1787581326,153878199813,56995844096,3931,24191889408
1787581341,153979353454,57064148992,3946,24259198976
1787581356,154080830865,57015959552,3946,24212045824
1787581371,154180947728,57035440128,3946,24231321600
1787581386,154280892635,57025269760,3946,24220639232
1787581401,154381672552,57030819840,3945,24227184640
1787581417,154480852840,56927531008,3893,24126713856
1787581432,154618420066,57025294336,3911,24053387264
1787581447,154748524891,56749166592,3997,24167399424
1787581462,154852420463,56849891328,3979,24268865536
1787581477,154954414018,56888967168,3979,24308326400
1787581492,155054809618,56906006528,3979,24324100096
1787581507,155155024382,56915595264,3979,24334245888
1787581522,155253836242,56801243136,3927,24222117888
1787581537,155382274650,56943026176,3998,24277708800
1787581552,155484002682,57039806464,4013,24374018048
1787581567,155590267436,56873553920,3961,24210640896
1787581582,155676527557,57387732992,3945,24097910784
1787581597,155775956767,57987993600,4032,24273633280
1787581613,155883592676,58019594240,4047,24305033216
1787581628,155986235695,58025541632,4014,24311779328
1787581643,156086147963,58032283648,4014,24317603840
1787581658,156192453595,58062012416,4014,24353075200
1787581673,156293135306,58041872384,3981,24328622080
1787581688,156394127697,58048360448,3948,24335880192
1787581703,156493906377,58053181440,3882,24342749184
1787581718,156594596684,58093649920,3881,24383320064
1787581733,156692960841,58062909440,3881,24352878592
1787581748,156791384746,58066714624,3881,24355749888
1787581763,156894254322,58115915776,3848,24406241280
1787581778,156993036386,58065977344,3848,24357478400
1787581793,157091125445,58068275200,3848,24359047168
1787581809,157192768355,58068586496,3848,24359636992
1787581824,157291129048,57993707520,3796,24287166464
1787581839,157389223751,57994293248,3796,24287674368
1787581854,157541046410,57843965952,3867,24392843264
1787581869,157640323197,57943367680,3881,24493264896
1787581884,157739769071,57891880960,3881,24440336384
1787581899,157839113605,57948196864,3881,24497025024
1787581914,157938034069,57895403520,3880,24444841984
1787581929,158036721345,57896505344,3879,24446619648
1787581944,158136015314,57900376064,3877,24449708032
1787581959,158234291530,57902309376,3877,24451452928
1787581974,158333347173,58011992064,3877,24561889280
1787581990,158431726702,57818198016,3825,24370388992
1787582005,158561917378,57281114112,3895,24366919680
1787582020,158664397642,57351053312,3910,24428838912
1787582035,158764371235,57229348864,3858,24309207040
1787582050,158855615326,57632186368,3843,24361771008
1787582065,158947254961,58135511040,3877,24307634176
1787582080,159054898413,58346156032,3876,24233091072
1787582095,159149988209,58593378304,3826,24095162368
1787582110,159351066845,56941301760,3983,24276893696
1787582125,159452983943,57077444608,4013,24412741632
1787582140,159568623899,57128062976,4013,24461578240
1787582155,159669189007,57016709120,3961,24351870976
1787582171,159761750330,57451737088,3945,24314195968
1787582186,159864135546,57672384512,4047,24473542656
1787582201,159966241448,57750409216,4047,24551280640
1787582216,160067918290,57702096896,4047,24503951360
1787582231,160169456023,57732902912,4047,24533385216
1787582246,160270617942,57719631872,4047,24520634368
1787582261,160373565932,57730662400,4047,24531607552
1787582276,160476565295,57744154624,4047,24544362496
1787582291,160577882735,57751875584,4047,24552230912
1787582306,160683491883,57757499392,4047,24557207552
1787582321,160785134188,57799036928,4047,24599646208
1787582336,160886576624,57764503552,4047,24564809728
1787582351,160988692275,57766785024,4046,24567263232
1787582367,161091051257,57767112704,4046,24568057856
1787582382,161196224940,57767919616,4046,24568733696
1787582397,161296612026,57808621568,4046,24609009664
1787582412,161398212621,57813794816,4046,24614813696
1787582427,161499431369,57799294976,4046,24600211456
1787582442,161600780141,57770729472,4046,24570937344
1787582457,161702317048,57771073536,4046,24571367424
1787582472,161804680021,57668169728,3961,24472231936
1787582487,161959115920,57345916928,4032,24633597952
1787582502,162059977728,57401851904,4047,24689451008
1787582517,162162045782,57402753024,4014,24691286016
1787582532,162263007099,57428971520,4014,24717811712
1787582548,162364469035,57450229760,3981,24739217408
1787582563,162465288163,57413283840,3981,24702689280
1787582578,162567240875,57415671808,3981,24704839680
1787582593,162666466763,57437732864,3981,24726319104
1787582608,162766752071,57424207872,3981,24712941568
1787582623,162868476310,57462353920,3981,24751607808
1787582638,162969540667,57464627200,3981,24753651712
1787582653,163071769578,57469808640,3980,24758509568
1787582668,163172457720,57493245952,3980,24781955072
1787582683,163272209200,57527033856,3980,24815820800
1787582698,163372837206,57435742208,3980,24725663744
1787582713,163472856039,57485049856,3979,24774553600
1787582728,163572592887,57439727616,3979,24729042944
1787582744,163672211889,57472016384,3979,24760483840
1787582759,163773697063,57441632256,3979,24731041792
1787582774,163873339227,57365184512,3893,24657530880
1787582789,163994175333,56953118720,3964,24658280448
1787582804,164093764774,56991494144,3946,24696705024
1787582819,164194995872,57002414080,3946,24707702784
1787582834,164293943137,56848248832,3894,24556867584
1787582849,164414777693,56285347840,3878,24520175616
1787582864,164519431089,56658542592,3980,24725409792
1787582879,164620901294,56663236608,3980,24729874432
1787582894,164721511431,56667840512,3980,24733294592
1787582909,164822287831,56143450112,3912,24772890624
1787582924,164925560205,57108697088,3912,24595673088
1787582940,165008427661,58176483328,3999,24709730304
1787582955,165113672312,58202468352,4014,24733732864
1787582970,165215033010,58205458432,4014,24736980992
1787582985,165315744546,58208006144,4014,24740032512
1787583000,165420281350,58210611200,4014,24742891520
1787583015,165521073921,58248527872,4014,24779563008
1787583030,165623859355,58220892160,4013,24753152000
1787583045,165724651026,58224939008,4013,24756342784
1787583060,165826133973,58254548992,3980,24787234816
1787583075,165932282202,58236981248,3946,24770314240
1787583090,166030017210,58270609408,3946,24804270080
1787583105,166131542904,58239614976,3946,24773922816
1787583121,166230851343,58243887104,3946,24777302016
1787583136,166332248776,58116472832,3894,24652451840
1787583151,166431934830,58118361088,3894,24654745600
1787583166,166540787532,58274582528,3826,24570712064
1787583181,166624693560,59235753984,3913,24697761792
1787583196,166731644651,59332317184,3928,24794783744
1787583211,166876061724,59298258944,3998,24908283904
1787583226,166977518503,59367591936,4013,24977285120
1787583241,167079016965,59380944896,4013,24990629888
1787583256,167180854426,59388559360,4013,24998539264
1787583271,167281844587,59403657216,4013,25012117504
1787583286,167382494450,59387793408,4013,24996982784
1787583301,167482811506,59420352512,4013,25029955584
1787583317,167584180326,59427811328,4013,25036873728
1787583332,167689379207,59277807616,3960,24889405440
1787583347,167833286178,59001675776,3998,25056690176
1787583362,167932674079,59095359488,4013,25150603264
1787583377,168035040155,59099688960,4013,25154560000
1787583392,168136194772,59104542720,4013,25159409664
1787583407,168238157935,59116605440,4013,25171120128
1787583422,168338445821,59121737728,4013,25175793664
1787583437,168437767406,59122520064,4013,25177714688
1787583452,168537025613,58997641216,3928,25056370688
1787583467,168684032339,58658373632,3999,25143943168
1787583482,168783139152,58755452928,4013,25240473600
1787583498,168886697962,58779934720,4013,25264500736
1787583513,168991805533,58769989632,4013,25254273024
1787583528,169092884713,58774339584,4013,25258356736
1787583543,169198531533,58791854080,4013,25276628992
1787583558,169297634130,58793988096,4013,25278898176
1787583573,169398461289,58837372928,4013,25321451520
1787583588,169500648551,58659078144,3961,25146155008
1787583603,169601558255,58662363136,3961,25149915136
1787583618,169719513110,58541056000,4032,25172418560
1787583633,169827131198,58573275136,4047,25204363264
1787583648,169928889076,58575241216,4047,25206517760
1787583663,170030686088,58576961536,4047,25208848384
1787583679,170132574334,58581524480,4047,25212669952
1787583694,170233771578,58583695360,4046,25214717952
1787583709,170334937471,58586419200,4046,25217347584
1787583724,170436733901,58609643520,4046,25240780800
1787583739,170538002845,58590814208,4046,25223041024
1787583754,170639646525,58593648640,4046,25224732672
1787583769,170740195868,58595913728,4046,25227026432
1787583784,170841705821,58617495552,4046,25248706560
1787583799,170943303882,58599698432,4046,25230667776
1787583814,171044421261,58508955648,3994,25142964224
1787583829,171195813389,58450079744,4065,25220157440
1787583844,171297486041,58495569920,4080,25264967680
1787583859,171398545510,58500435968,4080,25269968896
1787583875,171506058678,58520379392,4080,25290014720
1787583890,171608050773,58542051328,4080,25311875072
1787583905,171708875993,58524311552,4080,25294082048
1787583920,171811217079,58528284672,4080,25297936384
1787583935,171915357551,58530058240,4080,25299660800
1787583950,172016645706,58586288128,4080,25355939840
1787583965,172117797744,58545672192,4080,25316151296
1787583980,172224423031,58568531968,4080,25338294272
1787583995,172324972525,58550747136,4080,25320247296
1787584010,172437557706,58550775808,4080,25321082880
1787584025,172537964752,58551406592,4080,25321574400
1787584040,172639012929,58551779328,4080,25321734144
1787584055,172741082672,58552573952,4080,25322463232
1787584071,172842973795,58596716544,4081,25365618688
1787584086,172947097970,58553823232,4080,25323511808
1787584101,173046539529,58554478592,4080,25324417024
1787584116,173148975251,58555973632,4080,25324900352
1787584131,173252437030,58570661888,4080,25340133376
1787584146,173354015289,58556112896,4080,25325580288
1787584161,173455158097,58555990016,4080,25325760512
1787584176,173557597532,58555949056,4080,25326067712
1787584191,173659193956,58577006592,4080,25346183168
1787584206,173760572459,58557317120,4080,25326579712
1787584221,173863484013,58597023744,4080,25366552576
1787584236,173965512177,58559909888,4080,25329524736
1787584252,174067965064,58560204800,4080,25330311168
1787584267,174169260547,58561011712,4080,25330667520
1787584282,174271113215,58562162688,4080,25331167232
1787584297,174373118460,58562129920,4080,25331449856
1787584312,174476275433,58562596864,4080,25331867648
1787584327,174579407734,58562543616,4080,25332072448
1787584342,174681096534,58562945024,4080,25332334592
1787584357,174784127604,58561671168,4047,25332527104
1787584372,174883260458,58562248704,4047,25332903936
1787584387,174984606781,58562105344,4047,25333235712
1787584402,175085594262,58562605056,4047,25333809152
1787584417,175191115279,58582786048,4014,25354149888
1787584432,175291276860,58563002368,4014,25334493184
1787584448,175391188865,58584555520,4014,25355419648
1787584463,175491998800,58564141056,4014,25335709696
1787584478,175593708923,58563661824,4014,25335943168
1787584493,175693193945,58564890624,4013,25336176640
1787584508,175793546445,58565341184,4013,25336827904
1787584523,175893867132,58565644288,4013,25336930304
1787584538,175993761433,58581999616,4013,25353838592
1787584553,176093831919,58581377024,3980,25353871360
1787584568,176193552266,58581602304,3980,25354010624
1787584583,176293919181,58581463040,3980,25354166272
1787584598,176393580682,58580672512,3980,25354514432
1787584613,176491771788,58460258304,3928,25235652608
1787584629,176618016945,57922097152,3999,25322409984
1787584644,176717735214,57930137600,4014,25328857088
1787584659,176818699114,57931927552,4013,25330515968
1787584674,176918599032,57956311040,4013,25354387456
1787584689,177018672168,57973395456,4013,25372073984
1787584704,177119416773,57998557184,4013,25397989376
1787584719,177218474138,58023682048,3980,25424023552
1787584734,177321172471,57949827072,3947,25351311360
1787584749,177420652024,57950212096,3947,25351471104
1787584764,177519960698,57952051200,3947,25353101312
1787584779,177619242675,57833136128,3895,25236914176
1787584794,177754261325,57840332800,3965,25395224576
1787584809,177853940987,57915748352,3980,25469943808
1787584825,177954407701,57920167936,3980,25474105344
1787584840,178054539952,58043871232,3980,25597644800
1787584855,178154795025,57923256320,3980,25478090752
1787584870,178252536498,57925292032,3980,25480085504
1787584885,178351826683,57928273920,3980,25482276864
1787584900,178451949872,58038489088,3980,25592172544
1787584915,178552119675,57878282240,3928,25435422720
1787584930,178658706863,57868836864,3916,25310941184
1787584945,178768947133,57947574272,4014,25388732416
1787584960,178869687070,57949507584,3981,25392173056
1787584975,178970297882,57953849344,3979,25395896320
1787584990,179071049477,57956634624,3979,25399132160
1787585006,179175571782,57973956608,3979,25415151616
1787585021,179273267124,57975975936,3979,25417236480
1787585036,179371951728,57980108800,3979,25421316096
1787585051,179473257978,57984045056,3946,25427116032
1787585066,179571193150,58028044288,3946,25470910464
1787585081,179671034285,58029981696,3946,25472806912
1787585096,179772328080,57783291904,3842,25230327808
1787585111,179929301942,57280122880,3984,25380388864
1787585126,180030533762,57331187712,4014,25430773760
1787585141,180131576924,57248595968,4014,25348452352
1787585156,180236919589,57356857344,3981,25458159616
1787585171,180336827895,57269657600,3981,25370148864
1787585187,180438351392,57334435840,3981,25433501696
1787585202,180538617636,57296707584,3980,25397809152
1787585217,180639745264,57327390720,3980,25428049920
1787585232,180739082979,57316212736,3980,25416462336
1787585247,180839719824,57286189056,3980,25387143168
1787585262,180939533164,57289740288,3980,25391046656
1787585277,181042703727,57294741504,3980,25395535872
1787585292,181143760968,57317154816,3979,25417015296
1787585307,181244783757,57176518656,3927,25280249856
1787585322,181369880183,56782745600,3911,25444532224
1787585337,181468730373,57177653248,3998,25365487616
1787585352,181569158016,57220919296,3980,25409679360
1787585368,181669225740,57176621056,3980,25365073920
1787585383,181768481758,57241915392,3980,25429680128
1787585398,181868235254,57181368320,3979,25369640960
1787585413,181966283642,57116217344,3927,25306566656
1787585428,182067197792,57117347840,3927,25308123136
1787585443,182215757477,56576167936,3878,25468628992
1787585458,182321117651,56659300352,3965,25314291712
1787585473,182419261873,56665903104,3947,25320992768
1787585488,182518411883,56799244288,3946,25452879872
1787585503,182617023678,56772726784,3946,25427763200
1787585518,182715788894,56617799680,3894,25274867712
1787585533,182838081069,56333099008,3878,25280495616
1787585548,182909297555,57461346304,3965,25328513024
1787585564,183008701736,57483816960,3947,25351086080
1787585579,183106358938,57408901120,3947,25276383232
1787585594,183206410265,57307271168,3895,25177055232
1787585609,183304969195,57369001984,3895,25239543808
1787585624,183402767895,57311756288,3895,25181802496
1787585639,183535878334,55763218432,3965,25277681664
1787585654,183635956353,55812845568,3980,25326493696
1787585669,183734719049,55828869120,3980,25342369792
1787585684,183833601169,55834259456,3980,25347420160
1787585699,183931161663,55838752768,3979,25352646656
1787585714,184030131316,55927685120,3946,25442283520
1787585729,184129150467,55843135488,3946,25357090816
1787585745,184227770847,55843803136,3946,25358700544
1787585760,184326489112,55768461312,3894,25284378624
1787585775,184414235778,56572620800,3878,25264844800
1787585790,184473731339,57949827072,3878,25270738944
1787585805,184564657220,58678288384,3965,25372725248
1787585820,184663564298,58707402752,3979,25402097664
1787585835,184760784521,58713100288,3946,25409011712
1787585850,184859402966,58576830464,3894,25274863616
1787585865,185011135069,57051836416,3878,25231065088
1787585880,185107455603,57491382272,3965,25292550144
1787585895,185207318810,57590013952,3980,25391132672
1787585910,185308650104,57637052416,3980,25437679616
1787585925,185407093826,57601585152,3980,25402712064
1787585941,185505436307,57509482496,3928,25313050624
1787585956,185610537223,57550356480,3862,25355730944
1787585971,185745092700,56972152832,3933,25428475904
1787585986,185844540753,57094324224,3947,25550430208
1787586001,185942918743,57101967360,3947,25557876736
1787586016,186041639890,56985149440,3947,25440792576
1787586031,186141507728,57008226304,3947,25466949632
1787586046,186239522802,57044340736,3947,25499918336
1787586061,186337667227,56997908480,3947,25454215168
1787586076,186435733432,57000984576,3946,25456840704
1787586091,186534844765,57002471424,3913,25458946048
1787586106,186632293382,56935936000,3861,25394753536
1787586121,186754650212,56613797888,3938,25444786176
1787586137,186852855674,56681717760,3914,25512787968
1787586152,186949985997,56685064192,3881,25517572096
1787586167,187047952552,56638189568,3881,25471639552
1787586182,187143253110,56640077824,3848,25474179072
1787586197,187241621579,56524017664,3795,25360367616
1787586212,187365686057,56230051840,3778,25353547776
1787586227,187458768229,56738242560,3831,25455194112
1787586242,187556267322,56746299392,3846,25462882304
1787586257,187654200588,56820989952,3846,25537581056
1787586272,187750665426,56776974336,3846,25493651456
1787586287,187847977761,56757227520,3845,25473921024
1787586302,187945513908,56758874112,3845,25475198976
1787586318,188042351170,56687583232,3793,25407049728
1787586333,188185385858,56324141056,3777,25344729088
1787586348,188288217741,56294273024,3774,25154646016
1787586363,188428464617,55697059840,3797,25357475840
1787586378,188573761309,56497733632,3884,25390391296
1787586393,188674877387,56566325248,3914,25458712576
1787586408,188772989282,56534704128,3913,25427210240
1787586423,188871201216,56492277760,3861,25386373120
1787586438,188996173752,56056238080,3898,25444667392
1787586453,189095129954,56056631296,3913,25444917248
1787586468,189193955562,56063508480,3913,25452703744
1787586483,189291814511,56135368704,3912,25524543488
1787586499,189390209836,56167530496,3912,25555795968
1787586514,189493412777,56191815680,3912,25579683840
1787586529,189592000645,56030392320,3860,25420828672
1787586544,189717047746,55936733184,3931,25599651840
1787586559,189816528084,55829696512,3894,25495347200
1787586574,189934396462,55549591552,3878,25483309056
1787586589,190018206319,56275890176,3965,25564717056
1787586604,190116429300,56340353024,3980,25628610560
1787586619,190214940949,56242429952,3928,25533968384
1787586634,190326124043,55931899904,3998,25395273728
1787586649,190435582826,56033452032,4013,25495982080
1787586664,190535854072,56048365568,4013,25510707200
1787586679,190635288783,56053915648,4013,25516736512
1787586695,190735163488,56045277184,4012,25507319808
1787586710,190835309031,56129871872,4012,25591869440
1787586725,190936672733,56068018176,4012,25530458112
1787586740,191035865562,55908343808,3960,25373114368
1787586755,191139295748,55927582720,3960,25392054272
1787586770,191255642127,56077344768,4031,25562378240
1787586785,191355989266,56070635520,3994,25558147072
1787586800,191456530407,56040169472,3994,25527652352
1787586815,191555927977,56034136064,3994,25521012736
1787586830,191656305879,56035913728,3994,25523986432
1787586845,191768129330,56183857152,4065,25544429568
1787586860,191872503494,56197754880,4080,25558540288
1787586876,191978228192,56201347072,4080,25561845760
1787586891,192078366646,56207060992,4080,25567723520
1787586906,192178877219,56212213760,4080,25571975168
1787586921,192278552549,56278798336,4080,25639284736
1787586936,192379579262,56281120768,4047,25642602496
1787586951,192479574778,56220463104,4047,25582043136
1787586966,192585050232,56285143040,4047,25646882816
1787586981,192683956361,56291565568,4047,25652629504
1787586996,192784548936,56294121472,4047,25655717888
1787587011,192884548154,56304312320,4047,25671331840
1787587026,192985623509,56237641728,4047,25599401984
1787587041,193085948918,56342663168,4047,25704046592
1787587056,193186114121,56242831360,4047,25604325376
1787587072,193286324368,56247422976,4047,25608581120
1787587087,193390181638,56317571072,4047,25679011840
1787587102,193489903573,56304873472,4047,25666134016
1787587117,193590290312,56301932544,4047,25663500288
1787587132,193691911384,56256385024,4047,25617534976
1787587147,193791897782,56317980672,4014,25680285696
1787587162,193890851702,56321286144,4014,25683767296
1787587177,193992067831,56322351104,4013,25684393984
1787587192,194091198810,56317870080,4013,25680105472
1787587207,194192019167,56390672384,4013,25752940544
1787587222,194291913973,56269729792,4013,25632161792
1787587237,194393022231,56270864384,4013,25633046528
1787587252,194492706253,56329830400,3980,25693196288
1787587268,194591438334,56335228928,3980,25698516992
1787587283,194694583674,56329269248,3947,25694679040
1787587298,194792757411,56252559360,3895,25618853888
1787587313,194925237642,55797379072,3966,25598816256
1787587328,195023179758,55899291648,3981,25700024320
1787587343,195122793861,55936241664,3981,25737089024
1787587358,195225790661,55924006912,3981,25724678144
1787587373,195323759277,55919583232,3981,25720094720
1787587388,195423873340,55892987904,3980,25694011392
1787587403,195523820524,55916425216,3980,25715965952
1787587418,195622712777,55995457536,3980,25795944448
1787587433,195720928009,55908421632,3980,25709510656
1787587448,195821137241,55952670720,3980,25752649728
1787587464,195924354730,55915610112,3980,25716195328
1787587479,196023366014,55977033728,3980,25777139712
1787587494,196121756278,55856267264,3927,25659088896
1787587509,196221970911,55793876992,3927,25597743104
1787587524,196344073770,55839019008,3997,25798725632
1787587539,196444378533,55870193664,4012,25829449728
1787587554,196543949586,55931695104,4012,25890578432
1787587569,196649333473,55871467520,3979,25832284160
1787587584,196746898369,55872098304,3946,25833582592
1787587599,196844931529,55940919296,3946,25901662208
1787587614,196942980812,55815892992,3894,25778692096
1787587629,197060482966,55501787136,3826,25577054208
1787587644,197164354362,55840829440,3928,25696706560
1787587660,197310854173,55458406400,3912,25755000832
1787587675,197366932309,56910864384,3912,25758957568
1787587690,197472774409,57203740672,4014,25931284480
1787587705,197572693355,57305989120,4014,26033455104
1787587720,197673075673,57297690624,4014,26025160704
1787587735,197773317565,57302421504,4014,26029334528
1787587750,197873082130,57284087808,4014,26011451392
1787587765,197972785338,57273212928,4014,26001113088
1787587780,198071852641,57363902464,4014,26091638784
1787587795,198170943294,57266069504,4014,25993523200
1787587810,198274663852,57273933824,4014,26001428480
1787587825,198372837255,57421135872,4014,26148593664
1787587841,198472724201,57276145664,4013,26004078592
1787587856,198572756318,57296195584,4012,26023890944
1787587871,198673164906,57357451264,4012,26084913152
1787587886,198772645923,57342009344,4012,26070257664
1787587901,198870773915,57304760320,4012,26032271360
1787587916,198970491496,57267908608,4012,25996005376
1787587931,199068997806,57299759104,4012,26027487232
1787587946,199168560090,57366110208,4012,26094006272
1787587961,199268219489,56785420288,3892,26049200128
1787587976,199389552291,57319043072,3946,25968185344
1787587991,199501137523,57464332288,3999,26043752448
1787588006,199600134153,57498435584,3981,26077798400
1787588021,199699900612,57542979584,3981,26122481664
1787588037,199798695336,57498816512,3981,26079289344
1787588052,199900064144,57506766848,3981,26086580224
1787588067,199999070675,57521963008,3981,26100826112
1787588082,200099127102,57431191552,3981,26011103232
1787588097,200196909736,57449246720,3981,26028539904
1787588112,200296077407,57528938496,3981,26108567552
1787588127,200394243222,57568563200,3981,26147713024
1787588142,200493137229,57588228096,3982,26168168448
1787588157,200591736698,57536647168,3981,26116399104
1787588172,200690755729,57474195456,3981,26053877760
1787588187,200789968325,57529077760,3981,26109079552
1787588202,200888272422,57542774784,3981,26122432512
1787588217,200987387801,57545809920,3980,26125643776
1787588233,201084330286,57548398592,3946,26129784832
1787588248,201182282838,57483300864,3945,26064494592
1787588263,201281034963,57483952128,3945,26064769024
1787588278,201379651453,57537339392,3945,26117259264
1787588293,201479229072,57550073856,3945,26130223104
1787588308,201577419475,57544343552,3945,26125680640
1787588323,201675453489,57595203584,3945,26175258624
1787588338,201773527415,57283371008,3808,25869635584
1787588353,201897223411,56649302016,3779,25704218624
1787588368,202009761986,56760360960,3811,25670074368
1787588383,202100016946,57565847552,3913,25848061952
1787588398,202248347824,57303429120,3999,26111729664
1787588413,202348688688,57252982784,4014,26085617664
1787588429,202447715536,57293185024,4014,26125815808
1787588444,202547156402,57288257536,4014,26120871936
1787588459,202646264666,57289449472,4014,26122170368
1787588474,202746111732,57246056448,3981,26079526912
1787588489,202845117948,57289752576,3980,26123644928
1787588504,202948740736,57302798336,3980,26136289280
1787588519,203048039713,57260470272,3980,26093645824
1787588534,203147174622,57319055360,3980,26152607744
1787588549,203251156534,57348857856,3980,26182262784
1787588564,203350279249,57323982848,3980,26158215168
1787588579,203447830662,57304858624,3980,26138484736
1787588594,203548061417,57182343168,3927,26018570240
1787588610,203647325796,57185734656,3926,26021658624
1787588625,203807836831,56625229824,3997,26078425088
1787588640,203907878137,56634126336,4012,26085904384
1787588655,204008192777,56685936640,4012,26136481792
1787588670,204107683054,56686198784,4012,26137788416
1787588685,204207609514,56703127552,4012,26154844160
1787588700,204308239026,56704950272,4012,26156879872
1787588715,204407959521,56611241984,3960,26064777216
1787588730,204539848129,55858987008,3979,26030813184
1787588745,204666784861,55851958272,4065,26197250048
1787588760,204777352534,55924314112,4080,26270056448
1787588775,204877600859,55980220416,4080,26325581824
1787588790,204978020442,55976280064,4047,26323144704
1787588806,205077017226,56001282048,4047,26347859968
1787588821,205176746652,55946293248,4047,26292920320
1787588836,205276212658,56001851392,4047,26348720128
1787588851,205376463623,56035016704,4047,26380181504
1787588866,205476242127,55961518080,4047,26307284992
1787588881,205575404087,55964225536,4047,26310901760
1787588896,205675174035,55968456704,4047,26314514432
1787588911,205775836759,55971213312,4047,26317733888
1787588926,205874802790,55973277696,4047,26319331328
1787588941,205975220574,56034275328,4046,26380980224
1787588956,206074231684,55978536960,4046,26325172224
1787588971,206176060041,55981359104,4046,26328358912
1787588986,206274403056,55985569792,4046,26331373568
1787589002,206375120647,56077783040,4046,26424623104
1787589017,206475012259,56020770816,4046,26366500864
1787589032,206575531951,56080224256,4046,26426925056
1787589047,206675202601,56021995520,4046,26368356352
1787589062,206774738650,55883411456,3994,26232348672
1787589077,206900223459,55608487936,4065,26366312448
1787589092,206999730378,55694151680,4080,26450825216
1787589107,207099634542,55697326080,4080,26453704704
1787589122,207203682605,55705075712,4080,26461356032
1787589137,207303848828,55708590080,4080,26465165312
1787589152,207403344150,55719677952,4081,26475843584
1787589167,207502377503,55713361920,4080,26469314560
1787589183,207602465322,55769628672,4080,26525605888
1787589198,207702938442,55717064704,4080,26472955904
1787589213,207802859607,55752708096,4080,26509520896
1787589228,207903180628,55784337408,4080,26540728320
1787589243,208003363856,55726231552,4080,26482823168
1787589258,208103404184,55728463872,4080,26485583872
1787589273,208203268910,55731052544,4080,26487373824
1787589288,208303296893,55732404224,4080,26488995840
1787589303,208404038215,55733911552,4080,26490736640
1787589318,208504946460,55736168448,4080,26492510208
1787589333,208604430459,55737769984,4080,26494230528
1787589348,208704058138,55739731968,4080,26495836160
1787589363,208805783007,55776825344,4080,26533412864
1787589379,208908889557,55739998208,4080,26496397312
1787589394,209009614193,55740882944,4080,26496602112
1787589409,209109800321,55791476736,4080,26546495488
1787589424,209210718516,55739920384,4080,26497028096
1787589439,209310571383,55740665856,4080,26497110016
1787589454,209409296344,55739842560,4047,26497060864
1787589469,209510407786,55739691008,4047,26497310720
1787589484,209610057583,55740014592,4047,26497662976
1787589499,209709043064,55739752448,4047,26497781760
1787589514,209808350739,55741124608,4047,26498281472
1787589529,209907402774,55741362176,4047,26498813952
1787589544,210007714116,55783628800,4047,26540748800
1787589560,210106124605,55795122176,4047,26552840192
1787589575,210205282677,55796060160,4047,26552946688
1787589590,210305012533,55795535872,4047,26553057280
1787589605,210409699405,55741546496,4047,26499444736
1787589620,210508622316,55769755648,4047,26526883840
1787589635,210607985800,55829970944,4047,26586214400
1787589650,210708763848,55743107072,4047,26500325376
1787589665,210809651830,55742812160,4047,26500558848
1787589680,210908425732,55743619072,4046,26500755456
1787589695,211008390477,55779057664,4046,26536255488
1787589710,211106715461,55743434752,4046,26501824512
1787589725,211207903717,55775453184,4046,26531766272
1787589740,211306303087,55745568768,4046,26502053888
1787589756,211410963267,55744770048,4046,26502324224
1787589771,211510323669,55745982464,4013,26504364032
1787589786,211607966411,55802122240,3980,26561630208
1787589801,211707550958,55801991168,3980,26561691648
1787589816,211806330789,55643930624,3928,26406215680
1787589831,211924874914,55471321088,3999,26479534080
1787589846,212024390480,55577964544,4014,26585411584
1787589861,212122518879,55583449088,3981,26591264768
1787589876,212222840249,55586095104,3981,26593464320
1787589891,212320983563,55602016256,3981,26610388992
1787589906,212419254189,55604473856,3981,26612166656
1787589921,212517727558,55604584448,3981,26613669888
1787589937,212617228800,55606566912,3981,26615181312
1787589952,212715900451,55608295424,3981,26616655872
1787589967,212814559191,55647490048,3981,26654732288
1787589982,212913034063,55657947136,3948,26666725376
1787589997,213011837200,55659196416,3948,26669035520
1787590012,213109004256,55661502464,3947,26670624768
1787590027,213205832494,55617867776,3946,26627518464
1787590042,213305331792,55619465216,3946,26629136384
1787590057,213403759489,55619690496,3913,26630496256
1787590072,213503270710,55631179776,3913,26641989632
1787590087,213598985996,55641817088,3913,26652618752
1787590102,213697655599,55642435584,3912,26653364224
1787590117,213794309204,55545110528,3860,26557657088
1787590133,213902070154,54959738880,3759,26305835008
1787590148,213958178542,56402968576,3759,26315677696
1787590163,214039587228,57553678336,3847,26425888768
1787590178,214178332134,57357578240,3932,26601267200
1787590193,214277194148,57418375168,3947,26660888576
1787590208,214376214502,57384579072,3947,26626961408
1787590223,214474531446,57387675648,3947,26630287360
1787590238,214572260703,57348890624,3861,26593800192
1787590253,214677984589,57236758528,3845,26583351296
1787590268,214772523442,58023481344,3932,26675159040
1787590283,214871746158,58035740672,3947,26686287872
1787590298,214970360678,58040201216,3914,26691309568
1787590313,215068535466,58046181376,3914,26697875456
1787590329,215165769861,58053033984,3914,26704363520
1787590344,215264597820,58060201984,3913,26711711744
1787590359,215363452924,58065551360,3913,26716884992
1787590374,215461962959,57951129600,3861,26604085248
1787590389,215574912093,58055888896,3932,26703396864
1787590404,215673799144,58154676224,3946,26801188864
1787590419,215772545237,58217680896,3946,26863988736
1787590434,215870470236,58170843136,3946,26817290240
1787590449,215969611988,58043727872,3894,26693361664
1787590464,216067486891,58049396736,3861,26699190272
1787590479,216192412817,57617182720,3931,26799067136
1787590494,216291500462,57691602944,3946,26873196544
1787590509,216391133471,57635201024,3913,26818539520
1787590525,216489659708,57565896704,3861,26750148608
1787590540,216601262610,57761976320,3845,26719326208
1787590555,216703859516,58130366464,3931,26843549696
1787590570,216807749004,58261598208,3944,26974298112
1787590585,216905907675,58271518720,3913,26985111552
1787590600,217004257639,58159517696,3861,26874933248
1787590615,217102295259,58163662848,3861,26879770624
1787590630,217211258099,58237452288,3899,26986758144
1787590645,217310824999,58383269888,3914,27130261504
1787590660,217408412583,58328629248,3914,27076673536
1787590675,217506988438,58198761472,3862,26948321280
1787590690,217644424657,57550524416,3846,26887143424
1787590706,217742275877,57925984256,3933,26990292992
1787590721,217841605662,57988915200,3946,27053998080
1787590736,217939384365,57993846784,3913,27059593216
1787590751,218037767036,57949683712,3913,27015573504
1787590766,218136295816,57955860480,3912,27021258752
1787590781,218234395761,58009079808,3878,27075350528
1787590796,218333090414,57993019392,3878,27059400704
1787590811,218437531397,57999306752,3878,27065593856
1787590826,218535282770,57871298560,3826,26939797504
1787590841,218651807556,57474129920,3758,26985172992
1787590856,218793505658,57059799040,3898,27085762560
1787590871,218891920336,56990322688,3861,27017187328
1787590886,218988931797,56975560704,3861,27003527168
1787590902,219072597992,57554210816,3793,26937384960
1787590917,219175756171,56435150848,3864,27107377152
1787590932,219304279118,56550617088,3966,27097681920
1787590947,219404526054,56524500992,3981,27071299584
1787590962,219509166060,56629526528,3981,27176374272
1787590977,219606274295,56538456064,3980,27084058624
1787590992,219704373468,56542191616,3980,27089084416
1787591007,219804053139,56547602432,3979,27094392832
1787591022,219902474621,56552013824,3946,27099369472
1787591037,220001484065,56559558656,3946,27106086912
1787591052,220104409575,56568123392,3946,27114672128
1787591067,220203265605,56572137472,3913,27119673344
1787591082,220300366387,56576589824,3912,27125096448
1787591098,220398511888,56463134720,3860,27013832704
1787591113,220516326892,56453812224,3931,27150446592
1787591128,220616667074,56566661120,3946,27261870080
1787591143,220716870532,56423886848,3894,27123089408
1787591158,220832520821,56290103296,3849,27146440704
1787591173,220941727782,56377036800,3947,27235520512
1787591188,221041024538,56291217408,3895,27152560128
1787591203,221139144122,56292909056,3862,27156049920
1787591218,221238470913,56296906752,3862,27159621632
1787591233,221335808000,56302903296,3862,27165446144
1787591248,221433568769,56355708928,3862,27218001920
1787591263,221555944207,56058937344,3845,27222466560
1787591278,221638397953,57180987392,3932,27359162368
1787591294,221735137649,57176743936,3947,27352862720
1787591309,221833879478,57098915840,3947,27276165120
1787591324,221943057738,57156378624,3946,27333447680
1787591339,222041455996,57126793216,3946,27304878080
1787591354,222140578140,57184972800,3946,27361878016
1787591369,222238065651,57175314432,3946,27352797184
1787591384,222337360011,57138180096,3913,27316285440
1787591399,222434368790,57043914752,3861,27224399872
1787591414,222550365296,57096265728,3931,27316527104
1787591429,222647898698,57145077760,3946,27364474880
1787591444,222746684444,57018834944,3893,27241127936
1787591459,222866932883,56551862272,3844,27248627712
1787591475,222978458612,56804671488,3946,27430219776
1787591490,223076307696,56768258048,3946,27393671168
1787591505,223176022270,56770965504,3946,27396354048
1787591520,223274241619,56773038080,3946,27399151616
1787591535,223370898454,56654348288,3894,27282112512
1787591550,223491031319,56395276288,3878,27222888448
1787591565,223596419269,56642383872,3980,27320975360
1787591580,223698046617,55889285120,3912,27327094784
1787591595,223793966333,56965005312,3912,27171807232
1787591610,223895369411,57568833536,3999,27298033664
1787591625,223995506818,57597128704,4014,27326025728
1787591640,224094826624,57625509888,3980,27355385856
1787591655,224194997830,57681543168,3980,27410522112
1787591671,224293846568,57666650112,3980,27395899392
1787591686,224393356783,57713049600,3980,27442585600
1787591701,224491415242,57685647360,3980,27413606400
1787591716,224588782767,57764622336,3979,27493605376
1787591731,224687402182,57747144704,3979,27477237760
1787591746,224787641684,57750441984,3979,27479691264
1787591761,224887263761,57682640896,3927,27414003712
1787591776,224987160463,57880702976,3998,27485847552
1787591791,225086396628,57945145344,4013,27549904896
1787591806,225186013249,57951023104,4013,27555721216
1787591821,225284174813,57984417792,4013,27588763648
1787591836,225382790148,57845518336,3961,27452477440
1787591851,225484474207,58237902848,4032,27513307136
1787591867,225584291815,58356576256,4047,27631058944
1787591882,225683843734,58319802368,4047,27594534912
1787591897,225782769246,58322759680,4046,27597004800
1787591912,225881677159,58326794240,4046,27601158144
1787591927,225985185340,58373832704,4046,27648823296
1787591942,226082861465,58371977216,4046,27646521344
1787591957,226182360209,58399068160,4046,27673530368
1787591972,226280495934,58338148352,4046,27612807168
1787591987,226379571896,58340671488,4013,27616337920
1787592002,226478364332,58221973504,3961,27499921408
1787592017,226587440526,58065645568,3945,27563163648
1787592032,226679080426,58657677312,4032,27664822272
1787592047,226778034615,58759839744,4014,27767160832
1787592062,226875630354,58728673280,4014,27735764992
1787592078,226981628696,58719084544,4014,27726458880
1787592093,227078585486,58720849920,4014,27727843328
1787592108,227179799885,58735079424,4014,27742109696
1787592123,227278070277,58725765120,4014,27732566016
1787592138,227376615557,58757050368,4014,27763044352
1787592153,227473297175,58727247872,3981,27735171072
1787592168,227570781745,58727444480,3948,27736141824
1787592183,227668220425,58758254592,3948,27767115776
1787592198,227765050773,58729103360,3948,27737554944
1787592213,227863081644,58729746432,3948,27738583040
1787592228,227958582645,58730303488,3947,27739586560
1787592243,228060286610,58742284288,3947,27751030784
1787592258,228156111369,58793406464,3947,27801755648
1787592274,228253184228,58734178304,3947,27742437376
1787592289,228349839757,58734473216,3945,27742834688
1787592304,228447321668,58734608384,3945,27743608832
1787592319,228545854435,58686255104,3945,27694485504
1787592334,228641720424,58686107648,3945,27695423488
1787592349,228739313721,58559164416,3893,27570929664
1787592364,228912842145,58084474880,3964,27687968768
1787592379,229011850811,58073014272,3979,27682299904
1787592394,229109489062,57961631744,3926,27567251456
1787592409,229246045411,57292140544,3858,27503599616
1787592424,229353144956,57552646144,4016,27610435584
1787592439,229453101963,57630494720,4046,27695976448
1787592454,229550411655,57648365568,4046,27711311872
1787592470,229648787895,57632768000,4046,27690016768
1787592485,229747206167,57638350848,4046,27695083520
1787592500,229845491415,57645002752,4046,27702042624
1787592515,229944797939,57650655232,4046,27706871808
1787592530,230056100632,57550536704,3994,27616681984
1787592545,230172302377,57764691968,4065,27724132352
1787592560,230272584331,57788809216,4080,27748990976
1787592575,230371528157,57795059712,4080,27755368448
1787592590,230470598294,57774866432,4080,27735527424
1787592605,230570052367,57781227520,4080,27741978624
1787592620,230669297020,57787039744,4080,27747807232
1787592635,230766771432,57791631360,4047,27752607744
1787592650,230870333313,57835016192,4047,27795832832
1787592665,230969161480,57798021120,4047,27759513600
1787592681,231071654960,57801887744,4047,27762851840
1787592696,231171870546,57806761984,4047,27767910400
1787592711,231270174079,57837215744,4047,27797065728
1787592726,231368336322,57811054592,4047,27772297216
1787592741,231467017322,57847500800,4047,27808870400
1787592756,231565715097,57815629824,4047,27776921600
1787592771,231663197024,57867751424,4047,27828817920
1787592786,231761325142,57821974528,4047,27782410240
1787592801,231864042567,57821941760,4014,27784699904
1787592816,231961918226,57823350784,4014,27785220096
1787592831,232060037583,57823879168,4014,27785908224
1787592846,232158731985,57857122304,4014,27818876928
1787592861,232257211058,57824653312,4013,27786747904
1787592876,232354629432,57824563200,4013,27786870784
1787592892,232452142250,57824980992,4013,27787104256
1787592907,232551594007,57854685184,4013,27817385984
1787592922,232649874836,57847472128,4013,27808247808
1787592937,232749159101,57826078720,4013,27788570624
1787592952,232847262066,57854152704,4013,27816292352
1787592967,232949276065,57857290240,4013,27819454464
1787592982,233047818350,57705148416,3961,27670081536
1787592997,233165045959,57446666240,3945,27598548992
1787593012,233246041077,58601594880,4032,27716857856
1787593027,233345683429,58657374208,4047,27772559360
1787593042,233443939230,58628943872,4046,27742785536
1787593057,233543197947,58618126336,4046,27732389888
1787593072,233641727295,58620215296,4046,27735244800
1787593088,233740841105,58623246336,4046,27738177536
1787593103,233840078340,58626998272,4046,27740753920
1787593118,233939508147,58677157888,4046,27792019456
1787593133,234039200529,58658897920,4046,27773513728
1787593148,234136811499,58506948608,3994,27624464384
1787593163,234236096815,58509209600,3994,27626786816
1787593178,234365166098,58097205248,4065,27719520256
1787593193,234465912561,58222305280,4080,27843751936
1787593208,234566152093,58195496960,4080,27817349120
1787593223,234665280831,58201473024,4080,27823034368
1787593238,234764598591,58205036544,4080,27826257920
1787593253,234863138949,58252455936,4081,27872964608
1787593268,234961496755,58212782080,4080,27832836096
1787593284,235065490888,58261245952,4080,27882610688
1787593299,235162888689,58280325120,4080,27899805696
1787593314,235263612681,58294599680,4080,27916226560
1787593329,235362893244,58233856000,4080,27856252928
1787593344,235460573920,58235043840,4080,27856576512
1787593359,235560115998,58238431232,4080,27859533824
1787593374,235659012855,58268250112,4080,27889893376
1787593389,235758353040,58280357888,4080,27901276160
1787593404,235857994832,58277367808,4080,27898425344
1787593419,235958245221,58297733120,4080,27918897152
1787593434,236057346865,58241318912,4080,27862085632
1787593449,236157978000,58240606208,4080,27862626304
1787593464,236256847263,58264223744,4080,27885572096
1787593479,236355800296,58242478080,4080,27864064000
1787593495,236455893468,58240987136,4047,27864035328
1787593510,236555074369,58297815040,4047,27920498688
1787593525,236653762025,58297634816,4014,27920416768
1787593540,236752198044,58268999680,4014,27891781632
1787593555,236850613070,58273075200,4014,27896868864
1787593570,236949619948,58288357376,4014,27912122368
1787593585,237048432325,58241716224,4014,27865202688
1787593600,237150494436,58242080768,4014,27865563136
1787593615,237248896799,58259304448,4014,27883266048
1787593630,237346680134,58242433024,4014,27866775552
1787593645,237445771975,58283438080,4014,27906912256
1787593660,237545429633,58244251648,4014,27867570176
1787593675,237643383811,58243452928,4014,27867729920
1787593691,237741297883,58244481024,4014,27867947008
1787593706,237838731331,58242060288,3981,27867095040
1787593721,237936996912,58261954560,3980,27887095808
1787593736,238032574787,58242269184,3980,27867529216
1787593751,238130636339,58242609152,3980,27867901952
1787593766,238227571770,58241638400,3946,27867992064
1787593781,238324448746,58242904064,3946,27868262400
1787593796,238420925918,58282819584,3946,27907907584
1787593811,238517933391,58242875392,3946,27868893184
1787593826,238614991179,58241163264,3879,27868606464
1787593841,238711269628,58147844096,3826,27778609152
1787593856,238835429276,57838493696,3865,27837833216
1787593871,238931382576,57896718336,3847,27896422400
1787593887,239039064092,57360015360,3779,27933679616
1787593902,239165052845,57738842112,3866,27850596352
1787593917,239259681188,57745444864,3880,27856875520
1787593932,239355687484,57798201344,3880,27909349376
1787593947,239455772054,57819680768,3880,27930664960
1787593962,239554034338,57648861184,3826,27762483200
1787593977,239683620681,57564327936,3897,27854086144
1787593992,239780570751,57576701952,3911,27865841664
1787594007,239877091656,57615994880,3879,27904888832
1787594022,239973295591,57629163520,3879,27918848000
1787594037,240070242827,57525886976,3827,27818029056
1787594052,240212589821,57575854080,3898,27919994880
1787594067,240309770139,57672646656,3913,28016128000
1787594083,240406907737,57438842880,3809,27786678272
1787594098,240545579557,56824946688,3776,27863089152
1787594113,240654219584,57280344064,3946,28087525376
1787594128,240752739589,57259712512,3946,28065406976
1787594143,240857106104,57284005888,3946,28090322944
1787594158,240955629227,57263124480,3946,28069117952
1787594173,241052600755,57258991616,3946,28065746944
1787594188,241148782545,57236180992,3894,28044238848
1787594203,241245899348,57251688448,3861,28061958144
1787594218,241342561014,57212825600,3861,28021514240
1787594233,241457752185,56897191936,3845,28159795200
1787594248,241523515133,58139619328,3793,27928932352
1787594263,241646929792,57996087296,3878,28221214720
1787594279,241733263409,59100999680,3965,28131188736
1787594294,241829927520,59194658816,3980,28224028672
1787594309,241927846454,59137769472,3980,28166385664
1787594324,242026268292,59095429120,3978,28124499968
1787594339,242122429169,59145666560,3947,28175618048
1787594354,242217792641,59206447104,3947,28236869632
1787594369,242313921081,59166375936,3946,28196974592
1787594384,242410141125,59050663936,3894,28083634176
1787594399,242524851110,58693775360,3878,28065812480
1787594414,242630530532,58930147328,3980,28199124992
1787594429,242728981108,58936107008,3980,28204163072
1787594444,242827709804,58969354240,3980,28237897728
1787594459,242923003099,59027484672,3980,28295544832
1787594475,243019871411,59000983552,3979,28269625344
1787594490,243116596979,58833768448,3927,28104863744
1787594505,243243793079,58524561408,3998,28197863424
1787594520,243343796176,58552254464,4013,28224888832
1787594535,243440711062,58588045312,3980,28262498304
1787594550,243539370184,58579685376,3980,28254498816
1787594565,243635772981,58454712320,3927,28132188160
1787594580,243733438660,58470797312,3927,28148215808
1787594595,243855242506,58073812992,3998,28185780224
1787594610,243954164979,58080530432,4013,28191375360
1787594625,244052124706,58124963840,4013,28236091392
1787594640,244155208043,58142953472,4013,28254425088
1787594655,244251771210,58147385344,4013,28259229696
1787594670,244351660750,58023641088,3960,28137512960
1787594685,244448566375,57925881856,3960,28038815744
1787594701,244576295677,57783308288,4031,28141199360
1787594716,244679770633,57778511872,4045,28137750528
1787594731,244777758296,57782362112,3980,28142702592
1787594746,244875966949,57790377984,3980,28149628928
1787594761,244973096296,57795133440,3980,28155121664
1787594776,245071148098,57742434304,3928,28105007104
1787594791,245170064074,57699373056,3928,28062572544
1787594806,245280934438,57031094272,3912,28055609344
1787594821,245374510372,57542463488,3966,28144541696
1787594836,245472574253,57549979648,3948,28153094144
1787594851,245570236081,57552936960,3948,28156235776
1787594866,245667305019,57556512768,3948,28159610880
1787594881,245763914226,57560178688,3948,28162953216
1787594897,245860142351,57563975680,3948,28166561792
1787594912,245956827852,57661362176,3948,28264398848
1787594927,246055515136,57614389248,3948,28216901632
1787594942,246152685292,57617670144,3948,28220821504
1787594957,246249749035,57582280704,3948,28185088000
1787594972,246345576580,57621229568,3946,28223655936
1787594987,246441908297,57589055488,3946,28191297536
1787595002,246538518032,57617629184,3946,28220260352
1787595017,246636149590,57594454016,3946,28196564992
1787595032,246732794491,57627394048,3945,28230643712
1787595047,246831292688,57627975680,3913,28230995968
1787595062,246926565826,57597317120,3911,28200665088
1787595077,247022183065,57502097408,3859,28108783616
1787595092,247118581738,57412812800,3807,28020207616
1787595107,247258718481,57492168704,3862,28093919232
1787595123,247354390789,58013986816,3964,28165095424
1787595138,247460638342,58041962496,3979,28192219136
1787595153,247556297469,58054111232,3979,28204498944
1787595168,247654393112,58047934464,3979,28198748160
1787595183,247751825139,58012946432,3927,28165537792
1787595198,247857387334,57691852800,3945,27994181632
1787595213,247949950079,57890193408,3929,27977453568
1787595228,248053113862,58269986816,4046,28291268608
1787595243,248151244573,58290290688,4046,28312248320
1787595258,248253347597,58289029120,4046,28311015424
1787595273,248351483922,58298060800,4047,28319838208
1787595288,248450087420,58301313024,4046,28322693120
1787595303,248548863614,58305396736,4046,28327366656
1787595319,248648656048,58244067328,3994,28268711936
1787595334,248786498711,57746358272,4065,28379500544
1787595349,248891216167,57772974080,4080,28405932032
1787595364,248989785585,57782956032,4080,28416286720
1787595379,249089530287,57792151552,4080,28424790016
1787595394,249188484774,57748205568,4047,28381671424
1787595409,249287611289,57754058752,4047,28387528704
1787595424,249387991150,57757552640,4047,28391747584
1787595439,249486507635,57791111168,4047,28425351168
1787595454,249584165629,57776918528,4047,28409737216
1787595469,249682733094,57820569600,4047,28454825984
1787595484,249779917168,57776005120,4047,28409630720
1787595499,249878217588,57778204672,4047,28412391424
1787595514,249977061790,57780424704,4047,28414365696
1787595530,250075911235,57822121984,4047,28456239104
1787595545,250173916086,57805217792,4047,28438437888
1787595560,250272451667,57788506112,4047,28422283264
1787595575,250371040860,57870069760,4047,28503527424
1787595590,250469922772,57791606784,4047,28425936896
1787595605,250568704211,57832189952,4047,28466032640
1787595620,250669003809,57822437376,4046,28456800256
1787595635,250766928560,57793458176,4046,28427837440
1787595650,250865216969,57794433024,4046,28428423168
1787595665,250963937530,57837858816,4013,28472983552
1787595680,251062145841,57838444544,4013,28473782272
1787595695,251160460995,57889861632,4013,28524584960
1787595710,251259471654,57894862848,4013,28530040832
1787595725,251357376276,57901809664,4013,28536406016
1787595741,251455630236,57731026944,3961,28367904768
1787595756,251570829121,58006736896,4032,28519350272
1787595771,251668808134,58168025088,4014,28680065024
1787595786,251767045408,58112880640,4014,28625575936
1787595801,251870984639,58128650240,4014,28641177600
1787595816,251968364846,58170118144,4014,28681547776
1787595831,252068035999,58171437056,4014,28684222464
1787595846,252166377649,58130186240,4014,28642017280
1787595861,252264439685,58087264256,3981,28600078336
1787595876,252362524611,58110107648,3981,28622274560
1787595891,252460379942,58143473664,3980,28656381952
1787595906,252558274089,58095312896,3980,28607819776
1787595921,252658330954,58109890560,3980,28623400960
1787595936,252755851221,58125656064,3980,28638597120
1787595952,252855048236,58096951296,3980,28609515520
1787595967,252956459419,58096721920,3980,28609978368
1787595982,253054351734,58134802432,3980,28648366080
1787595997,253151710610,58131226624,3927,28646825984
1787596012,253250873141,58131705856,3927,28647190528
1787596027,253365037663,58231681024,3911,28586659840
1787596042,253453039017,59167461376,3998,28731129856
1787596057,253551344241,59234697216,4013,28797509632
1787596072,253650249922,59214708736,4013,28777578496
1787596087,253748426309,59248357376,4013,28811026432
1787596102,253847978042,59250339840,4012,28812779520
1787596117,253945381086,59231805440,4012,28794920960
1787596132,254045526009,59192709120,3960,28758855680
1787596147,254126950091,59832074240,3944,28653113344
1787596163,254231462669,60092993536,4046,28781805568
1787596178,254328562197,60097576960,4046,28785790976
1787596193,254428439823,60110409728,4013,28799561728
1787596208,254527110000,60114821120,4013,28803538944
1787596223,254625839523,59990257664,3961,28682334208
1787596238,254729267162,59836813312,3945,28659544064
1787596253,254787253058,61332918272,3945,28662636544
1787596268,254868826652,62431838208,4032,28759535616
1787596283,254967668915,62512996352,4047,28849205248
1787596298,255066153801,62511661056,4047,28838039552
1787596313,255167046262,62570643456,4047,28897681408
1787596328,255267452664,62584098816,4047,28910379008
1787596343,255365245221,62629351424,4053,28956422144
1787596358,255465183770,62598422528,4047,28925100032
1787596374,255563326479,62537580544,4047,28864151552
1787596389,255663124761,62620454912,4047,28946825216
1787596404,255762557141,62594682880,4047,28920336384
1787596419,255862355896,62599122944,4014,28926050304
1787596434,255960553135,62551322624,4014,28879204352
1787596449,256060081605,62553141248,4014,28881059840
1787596464,256159483854,62554419200,4013,28882874368
1787596479,256258304849,62578995200,4013,28907163648
1787596494,256356845908,62558535680,4013,28886630400
1787596509,256457930109,62562590720,4013,28890238976
1787596524,256555864552,62562603008,4013,28890701824
1787596539,256654555468,62563966976,4013,28891471872
1787596554,256753689341,62564982784,4013,28891996160
1787596570,256856964520,62472040448,3961,28802334720
1787596585,256980373973,62482358272,4032,28901466112
1787596600,257080127230,62543323136,4047,28962013184
1787596615,257180421164,62554279936,4047,28972380160
1787596630,257278981390,62571712512,4047,28990234624
1787596645,257386514566,62581096448,4046,28999344128
1787596660,257484639790,62583521280,4046,29001613312
1787596675,257584409594,62585278464,4046,29003710464
1787596690,257684050287,62587027456,4046,29005758464
1787596705,257782515662,62590009344,4046,29008060416
1787596720,257881354496,62592835584,4046,29010366464
1787596735,257980652161,62465019904,3994,28886626304
1787596750,258080154986,62464712704,3961,28886867968
1787596765,258180561843,62156607488,3945,29085753344
1787596781,258301052125,62197403648,4047,29006315520
1787596796,258404704070,62213398528,4047,29023080448
1787596811,258502479070,62170329088,4047,28979974144
1787596826,258602326951,62200078336,4047,29010055168
1787596841,258702793308,62199382016,4047,29009469440
1787596856,258802567860,62215008256,4047,29024366592
1787596871,258901833625,62180061184,4047,28990201856
1787596886,259001848346,62182600704,4047,28992245760
1787596901,259101209906,62185684992,4047,28994625536
1787596916,259201710607,62215995392,4047,29026242560
1787596931,259301558090,62189064192,4047,28998135808
1787596946,259401232534,62190358528,4047,29000376320
1787596961,259501572575,62213443584,4047,29023449088
1787596976,259599907360,62227963904,4046,29037871104
1787596992,259700158368,62260731904,4046,29071126528
1787597007,259800851877,62283501568,4046,29092601856
1787597022,259899794082,62265425920,4046,29074407424
1787597037,259998337317,62202548224,4046,29012422656
1787597052,260099891244,62237310976,4046,29047271424
1787597067,260197876379,62204596224,4046,29014392832
1787597082,260297308986,62203412480,4013,29014499328
1787597097,260396289224,62146887680,3961,28958191616
1787597112,260495463394,62186541056,3928,29000261632
1787597127,260618019927,61878943744,3999,29142839296
1787597142,260718220370,61798871040,4014,29062168576
1787597157,260821946857,61768970240,4014,29032419328
1787597172,260919608349,61772570624,4014,29035540480
1787597188,261021925235,61785194496,4014,29048680448
1787597203,261121728356,61857320960,4014,29120741376
1787597218,261221297319,61819580416,4014,29082353664
1787597233,261320625264,61789085696,4014,29051793408
1787597248,261419723054,61790302208,4014,29053292544
1787597263,261518173272,61793755136,4014,29055799296
1787597278,261621010951,61819146240,4014,29082247168
1787597293,261720520157,61836378112,3981,29100482560
1787597308,261819649051,61954547712,3980,29218889728
1787597323,261923680501,61845356544,3980,29109415936
1787597338,262021950214,61877059584,3980,29141372928
1787597353,262120500530,61815549952,3979,29078753280
1787597368,262219278939,61794963456,3979,29059403776
1787597383,262316495035,61794693120,3946,29059796992
1787597399,262414969697,61839458304,3946,29104578560
1787597414,262513796738,61665378304,3894,28933685248
1787597429,262616008813,61688598528,3893,28956160000
1787597444,262754019472,60863066112,3931,29072498688
1787597459,262852233522,60743962624,3894,28957298688
1787597474,262991883959,60168089600,3878,28886732800
1787597489,263092032372,60632989696,3965,29018697728
1787597504,263190264717,60730068992,3980,29114785792
1787597519,263289455410,60703920128,3980,29088419840
1787597534,263387713109,60708929536,3980,29093089280
1787597549,263494685035,60122890240,3912,29116846080
1787597564,263610545031,60567347200,3999,29061697536
1787597579,263709354257,60575309824,4014,29069447168
1787597594,263807046476,60578668544,4014,29072527360
1787597610,263907027396,60583698432,4014,29078478848
1787597625,264011745475,60634378240,4013,29128663040
1787597640,264111477331,60607746048,4013,29101989888
1787597655,264211652406,60638941184,4013,29132705792
1787597670,264310097014,60617482240,3980,29111914496
1787597685,264407766111,60621455360,3979,29116260352
1787597700,264506516953,60627230720,3979,29122220032
1787597715,264606108025,60633866240,3979,29128220672
1787597730,264704204578,60635205632,3979,29130137600
1787597745,264804298580,60540907520,3927,29037895680
1787597760,264946991143,60275724288,3998,29143830528
1787597775,265047333781,60273754112,4013,29141622784
1787597790,265145647602,60147728384,3961,29017976832
1787597805,265258978801,59973193728,3945,29083926528
1787597821,265354429577,60381868032,4031,29095731200
1787597836,265459047970,60409434112,4046,29121683456
1787597851,265557417873,60374458368,4013,29087571968
1787597866,265656478977,60438843392,4013,29151117312
1787597881,265755677101,60380139520,4013,29094612992
1787597896,265853647679,60384526336,4013,29098098688
1787597911,265953241282,60389261312,4013,29101232128
1787597926,266053194767,60391796736,4013,29104836608
1787597941,266153503744,60271804416,3961,28987867136
1787597956,266286788872,60131692544,3879,29043245056
1787597971,266390865018,60378161152,3981,29168218112
1787597986,266488372510,60337618944,3981,29126250496
1787598001,266588819419,60344762368,3981,29134651392
1787598017,266687380478,60322856960,3981,29112668160
1787598032,266786630876,60326604800,3981,29116383232
1787598047,266889579164,60338995200,3981,29128704000
1787598062,266989060663,60344791040,3981,29133840384
1787598077,267088009837,60346241024,3981,29135032320
1787598092,267186148868,60346466304,3980,29136609280
1787598107,267287585195,60349673472,3980,29139066880
1787598122,267385547913,60350144512,3980,29139464192
1787598137,267484662087,60351004672,3980,29139726336
1787598152,267582335304,60414545920,3980,29203132416
1787598167,267680791474,60429881344,3947,29220757504
1787598182,267778380577,60395536384,3945,29186117632
1787598197,267876093952,60395835392,3945,29186678784
1787598213,267982569864,59768717312,3877,29088256000
1787598228,268101840145,59987615744,3946,29199618048
1787598243,268201672869,59961556992,3946,29173993472
1787598258,268298275997,59964325888,3946,29175566336
1787598273,268395180090,59965644800,3946,29177004032
1787598288,268492406496,59974295552,3946,29186043904
1787598303,268595387196,59761065984,3809,28978851840
1787598318,268712727516,59409326080,3777,29009702912
1787598333,268812791336,60036440064,3951,29119422464
1787598348,268910643258,60121468928,3948,29204672512
1787598363,269007199491,60106342400,3948,29189685248
1787598378,269104537783,60110336000,3948,29193953280
1787598393,269201888514,60154155008,3948,29237878784
1787598409,269304099239,60129509376,3947,29212647424
1787598424,269401798906,60170084352,3947,29252816896
1787598439,269498633727,60189794304,3947,29273235456
1787598454,269596697802,60223348736,3946,29306372096
1787598469,269692925215,60208996352,3945,29292036096
1787598484,269789992256,60190564352,3946,29273710592
1787598499,269888063118,60190752768,3945,29274005504
1787598514,269987272625,60166434816,3893,29251522560
1787598529,270085000384,60021690368,3841,29108547584
1787598544,270219360783,59666911232,3912,29177622528
1787598559,270318539199,59645386752,3927,29155508224
1787598574,270433644465,59105853440,3858,29154213888
1787598589,270536104280,59477528576,3912,29185036288
1787598605,270665481509,59470462976,3965,29310869504
1787598620,270764898455,59556802560,3980,29397139456
1787598635,270872481611,59530231808,3947,29371863040
1787598650,270969498288,59620716544,3947,29461995520
1787598665,271071879611,59580452864,3947,29422096384
1787598680,271167920214,59595169792,3947,29436801024
1787598695,271267056610,59470307328,3895,29314387968
1787598710,271379118341,59161960448,3879,29284675584
1787598725,271478998221,59625353216,3966,29398978560
1787598740,271576939333,59691876352,3981,29463879680
1787598755,271675952886,59646439424,3981,29420019712
1787598770,271773150659,59691413504,3981,29473116160
1787598785,271871987692,59734372352,3981,29507604480
1787598801,271972045400,59704172544,3981,29477068800
1787598816,272069588058,59656867840,3981,29430145024
1787598831,272170457006,59660255232,3980,29433671680
1787598846,272268073089,59663994880,3979,29435990016
1787598861,272366656916,59695165440,3979,29467791360
1787598876,272464408529,59666853888,3978,29440016384
1787598891,272563098032,59669278720,3978,29442134016
1787598906,272661420687,59671076864,3978,29444276224
1787598921,272759148684,59675619328,3978,29447979008
1787598936,272856791770,59677642752,3978,29450412032
1787598951,272965336926,59095986176,3877,29462437888
1787598966,273079847332,59128782848,3912,29331890176
1787598981,273195253342,59346448384,3998,29471305728
1787598996,273294929653,59238985728,3961,29365772288
1787599012,273416716197,59248226304,4032,29426266112
1787599027,273532326335,59333644288,4047,29511245824
1787599042,273631221296,59344093184,4014,29522780160
1787599057,273734360579,59348672512,4014,29527064576
1787599072,273831088044,59359883264,3981,29540605952
1787599087,273928433337,59306328064,3981,29486301184
1787599102,274026544774,59311808512,3981,29490864128
1787599117,274124487793,59414773760,3948,29595512832
1787599132,274221364735,59317063680,3948,29498109952
1787599147,274319051228,59319476224,3948,29499469824
1787599162,274415399396,59320946688,3948,29501181952
1787599177,274513990737,59322167296,3948,29503361024
1787599192,274609929479,59324833792,3947,29506011136
1787599208,274708070599,59355996160,3947,29536444416
1787599223,274805678343,59377008640,3947,29557477376
1787599238,274903756302,59406135296,3947,29586563072
1787599253,275000130991,59358703616,3914,29540999168
1787599268,275101547645,59362619392,3914,29544726528
1787599283,275197789044,59363975168,3913,29545848832
1787599298,275294317088,59381395456,3912,29563297792
1787599313,275392947967,59201167360,3860,29386014720
1787599328,275514380287,58824105984,3931,29476253696
1787599343,275610894633,58865594368,3946,29517168640
1787599358,275709323436,58837446656,3945,29489090560
1787599373,275805832689,58840059904,3944,29492101120
1787599388,275903136659,58842845184,3944,29493993472
1787599403,276000434707,58752008192,3892,29406515200
1787599418,276112926514,58592657408,3911,29434425344
1787599434,276211023503,58902417408,3910,29361885184
1787599449,276309910359,59692011520,3997,29487263744
1787599464,276408810403,59698962432,4012,29493608448
1787599479,276515112105,59588689920,3960,29385547776
1787599494,276635161534,59129843712,3944,29369716736
1787599509,276718605173,60353634304,3998,29426556928
1787599524,276819190215,60446990336,4013,29518942208
1787599539,276919031051,60343463936,3961,29416833024
1787599554,277053268053,60019163136,3999,29532872704
1787599569,277150754312,60028948480,4014,29541904384
1787599584,277251652416,60089610240,4014,29602566144
1787599599,277350780616,60084568064,4014,29598044160
1787599614,277448798253,60104560640,4014,29617799168
1787599629,277548247313,60059906048,3981,29573361664
1787599645,277646232921,60063600640,3981,29577773056
1787599660,277744596590,60068065280,3981,29582368768
1787599675,277844411905,60104790016,3981,29618249728
1787599690,277948459366,60108603392,3981,29622521856
1787599705,278045862607,60113530880,3981,29628116992
1787599720,278144055673,60113891328,3948,29629599744
1787599735,278241398690,60116594688,3948,29631504384
1787599750,278340908797,60118773760,3947,29633036288
1787599765,278440096474,60124176384,3947,29639299072
1787599780,278538176660,60126007296,3946,29640916992
1787599795,278636875266,60134981632,3913,29650284544
1787599810,278735312871,60170457088,3913,29686452224
1787599825,278833427191,60170215424,3913,29686673408
1787599840,278930951576,60136050688,3912,29652258816
1787599856,279030757038,60154966016,3911,29670486016
1787599871,279128630441,59397554176,3843,29491539968
1787599886,279247189239,59665743872,3930,29525528576
1787599901,279345857464,59616055296,3893,29477724160
1787599916,279472036720,59625869312,3964,29645086720
1787599931,279570307861,59675996160,3979,29693775872
1787599946,279667964623,59678457856,3979,29696942080
1787599961,279767325529,59540930560,3927,29561909248
1787599976,279888425316,58887819264,3998,29631950848
1787599991,279987509051,58902241280,3961,29648203776
1787600006,280091460357,59306999808,3945,29631291392
1787600021,280147983735,60826136576,3945,29633634304
1787600036,280267684515,61197877248,4032,29748785152
1787600052,280369840701,61302431744,4046,29853216768
1787600067,280472347832,61282959360,4013,29834567680
1787600082,280572998501,61292199936,4013,29844090880
1787600097,280671235238,61358166016,4013,29908733952
1787600112,280770731872,61401481216,4013,29953703936
1787600127,280869905716,61357363200,4013,29908332544
1787600142,280971078623,61317410816,4013,29869363200
1787600157,281071025439,61322870784,4013,29874515968
1787600172,281170637578,61192671232,3961,29746937856
1787600187,281280588457,61113397248,3945,29732335616
1787600202,281388098643,61329797120,4047,29884518400
1787600217,281488802796,61337096192,4014,29891706880
1787600232,281590892541,61342007296,4014,29896978432
1787600247,281690058040,61346263040,4014,29902159872
1787600263,281789318890,61384245248,4014,29939679232
1787600278,281888947315,61357723648,4014,29912645632
1787600293,281989238488,61363924992,4014,29919596544
1787600308,282089710651,61365821440,4013,29921312768
1787600323,282191827778,61367906304,4013,29923155968
1787600338,282290871102,61370249216,4013,29925208064
1787600353,282389708333,61371621376,4013,29927665664
1787600368,282488695310,61375094784,4013,29929644032
1787600383,282589375736,61402324992,4013,29957738496
1787600398,282690914663,61379534848,4013,29934960640
1787600413,282793143142,61382033408,4013,29937147904
1787600428,282893740079,61225668608,3961,29783445504
1787600443,282992020827,61548507136,4032,29752016896
1787600458,283095633978,61653032960,4046,29857026048
1787600474,283196078220,61717700608,4046,29921107968
1787600489,283298379715,61719650304,4046,29923307520
1787600504,283403881577,61709918208,4046,29913022464
1787600519,283502068819,61698609152,4046,29901881344
1787600534,283603137095,61730299904,4046,29934075904
1787600549,283703946875,61732442112,4046,29936025600
1787600564,283805674742,61623508992,3994,29829652480
1787600579,283906490574,61636485120,3994,29841412096
1787600594,284006418354,61637734400,3994,29843361792
1787600609,284134207674,61607649280,4065,29902307328
1787600624,284233232868,61591707648,4080,29886316544
1787600639,284334935116,61596643328,4080,29891469312
1787600654,284435812901,61631410176,4080,29926694912
1787600670,284537510377,61610319872,4080,29904547840
1787600685,284638270812,61614075904,4080,29908787200
1787600700,284738891513,61666533376,4080,29960220672
1787600715,284840037286,61623156736,4080,29917749248
1787600730,284941260391,61670809600,4080,29965713408
1787600745,285044143707,61630042112,4080,29924339712
1787600760,285145108570,61630459904,4080,29925830656
1787600775,285246049970,61632778240,4080,29927616512
1787600790,285348611251,61634867200,4080,29929517056
1787600805,285447951368,61636526080,4080,29931089920
1787600820,285548944976,61636796416,4047,29932531712
1787600835,285650794083,61639831552,4047,29935804416
1787600850,285753114798,61642481664,4047,29937598464
1787600865,285855909293,61644648448,4047,29939556352
1787600881,285957693428,61644898304,4047,29940248576
1787600896,286058273550,61643280384,4014,29940445184
1787600911,286159990023,61642539008,3981,29940539392
1787600926,286261003116,61646426112,3981,29950746624
1787600941,286361670253,61643169792,3981,29940989952
1787600956,286464008022,61643448320,3981,29941334016
1787600971,286564318746,61644447744,3981,29941731328
1787600986,286663248062,61642194944,3948,29941747712
1787601001,286763114955,61671383040,3948,29969244160
1787601016,286863254581,61670645760,3948,29969567744
1787601031,286965975044,61670539264,3948,29969620992
1787601046,287066960584,61671256064,3947,29969747968
1787601061,287168376249,61691084800,3947,29989945344
1787601077,287270633124,61671555072,3947,29970124800
1787601092,287372314640,61671649280,3947,29971066880
1787601107,287471940718,61671170048,3914,29971456000
1787601122,287571924124,61671800832,3914,29971587072
1787601137,287673456262,61672292352,3912,29972123648
1787601152,287772795134,61692178432,3912,29992574976
1787601167,287870769184,61576450048,3860,29879058432
1787601182,288000703774,61127352320,3898,29871988736
1787601197,288099743889,61136617472,3913,29880594432
1787601212,288198318874,61138272256,3913,29882810368
1787601227,288298368578,61140807680,3912,29884616704
1787601242,288399184404,61141254144,3911,29886201856
1787601257,288499877719,61056094208,3859,29801299968
1787601273,288632126517,59465986048,3829,29862404096
1787601288,288771278742,59608989696,3931,29792116736
1787601303,288871266518,59603099648,3946,29787897856
1787601318,288970577332,59609952256,3946,29794177024
1787601333,289069428186,59615969280,3913,29800001536
1787601348,289169786668,59501637632,3861,29689012224
1787601363,289296092626,59169476608,3880,29664305152
1787601378,289417458736,59111436288,3879,29722738688
1787601393,289520934199,59467493376,3966,29833809920
1787601408,289620963173,59481677824,3981,29847269376
1787601423,289721176434,59492524032,3948,29858304000
1787601438,289819602564,59498520576,3914,29865951232
1787601453,289925372014,59507634176,3914,29875744768
1787601469,290022237520,59516768256,3914,29884309504
1787601484,290120365013,59522117632,3913,29890281472
1787601499,290221662781,59528880128,3880,29897400320
1787601514,290320060625,59532185600,3846,29901996032
1787601529,290420375386,59449774080,3794,29821685760
1787601544,290520294264,59426750464,3794,29799206912
1787601559,290638844267,59158884352,3778,29792489472
1787601574,290748160572,59361456128,3881,29914812416
1787601589,290849256901,59359096832,3880,29912879104
1787601604,290948036519,59240853504,3828,29797351424
1787601619,291094691425,59155017728,3899,29904650240
1787601634,291195340499,59044175872,3862,29795917824
1787601649,291312190455,58758328320,3846,29760843776
1787601665,291404584724,59617398784,3932,29868666880
1787601680,291505695147,59627765760,3947,29877637120
1787601695,291606454662,59633713152,3946,29883957248
1787601710,291713864094,59648475136,3946,29898829824
1787601725,291815156565,59674849280,3946,29923676160
1787601740,291915488000,59657822208,3945,29908369408
1787601755,292015800422,59673538560,3945,29923024896
1787601770,292115581552,59710468096,3944,29960634368
1787601785,292215617996,59605356544,3892,29858435072
1787601800,292353340719,59312070656,3930,29850570752
1787601815,292463535594,59259588608,3926,29804572672
1787601830,292599287302,59200921600,3997,29901422592
1787601845,292702494483,59210194944,4012,29909151744
1787601861,292804046337,59215798272,4012,29915492352
1787601876,292922158452,58806706176,3944,29900521472
1787601891,293032939096,59265052672,3979,29822611456
1787601906,293163011966,58737618944,3978,29779726336
1787601921,293253984380,59604275200,4065,29892186112
1787601936,293356392433,59621847040,4080,29908017152
1787601951,293460354614,59636801536,4080,29924515840
1787601966,293563003847,59656671232,4080,29943697408
1787601981,293666124080,59662917632,4080,29950369792
1787601996,293768948924,59708678144,4080,29995925504
1787602011,293871720351,59678183424,4080,29965328384
1787602026,293975286852,59707543552,4080,29995847680
1787602042,294079660820,59723894784,4080,30010019840
1787602057,294182569379,59736313856,4080,30023704576
1787602072,294287140282,59709022208,4080,29995630592
1787602087,294388877883,59715895296,4080,30001946624
1787602102,294496049394,59722727424,4080,30009544704
1787602117,294597779258,59727269888,4079,30014017536
1787602132,294699753923,59729801216,4047,30018211840
1787602147,294801659052,59733807104,4047,30021640192
1787602162,294905230757,59738181632,4047,30026268672
1787602177,295007105185,59741798400,4047,30029582336
1787602192,295108483666,59742961664,4047,30030311424
1787602207,295209218913,59743518720,4047,30030712832
1787602222,295311565739,59743739904,4047,30031364096
1787602238,295413915617,59744198656,4047,30031642624
1787602253,295516024833,59744509952,4047,30032539648
1787602268,295619253091,59745456128,4047,30032936960
1787602283,295720352763,59746742272,4047,30033412096
1787602298,295820606514,59813244928,4047,30100262912
1787602313,295922910272,59745636352,4014,30034468864
1787602328,296024094976,59745849344,4014,30034677760
1787602343,296131754804,59796201472,4014,30084579328
1787602358,296230593583,59745660928,4014,30035349504
1787602373,296331645781,59747209216,4013,30035574784
1787602388,296431988502,59747610624,4013,30036140032
1787602403,296531966132,59798810624,4013,30088388608
1787602418,296633703951,59748491264,4013,30036819968
1787602434,296735887876,59748823040,4012,30037024768
1787602449,296834522897,59748462592,4011,30037204992
1787602464,296936207361,59746934784,3979,30037553152
1787602479,297041461383,59618717696,3927,29911031808
1787602494,297144754413,59156103168,3878,30037331968
1787602509,297277898571,59260268544,3965,29999157248
1787602524,297380606951,59266621440,3980,30005501952
1787602539,297485052518,59318263808,3980,30056955904
1787602554,297587208886,59199176704,3928,29940772864
1787602569,297720417629,58839994368,3912,30040039424
1787602584,297837404260,59090079744,3966,30033948672
1787602599,297939776137,59098284032,3981,30041210880
1787602614,298042566401,59102638080,3982,30045966336
1787602630,298141766305,59104161792,3948,30048002048
1787602645,298243614065,59149324288,3948,30092275712
1787602660,298345318729,59122167808,3948,30066290688
1787602675,298446996048,59161305088,3948,30104289280
1787602690,298547423341,59167887360,3948,30112342016
1787602705,298647796671,59138441216,3947,30082576384
1787602720,298748467992,59140509696,3947,30085718016
1787602735,298848706901,59144855552,3946,30088871936
1787602750,298949953533,59149082624,3946,30093434880
1787602765,299050953653,59156312064,3946,30100021248
1787602780,299151693630,59155865600,3913,30101671936
1787602795,299250863444,59160641536,3913,30106128384
1787602811,299349741169,59064963072,3861,30012702720
1787602826,299449924419,59067842560,3861,30016057344
1787602841,299587960448,58759815168,3898,30126891008
1787602856,299686921458,58729746432,3861,30098583552
1787602871,299799958649,58669154304,3844,30075052032
1787602886,299908395483,58952658944,3946,30301683712
1787602901,300007649630,58962370560,3946,30312173568
1787602916,300106766643,58966315008,3913,30317469696
1787602931,300204211465,58970669056,3913,30320754688
1787602946,300300048236,58973609984,3913,30323875840
1787602961,300397149924,58883862528,3861,30236827648
1787602976,300502142955,59042861056,3812,30215839744
1787602991,300600409558,59161653248,3862,30197764096
1787603007,300729751534,58445418496,3846,30332092416
1787603022,300817497866,59258200064,3933,30239490048
1787603037,300919057493,59279683584,3947,30259081216
1787603052,301017282663,59364683776,3947,30345216000
1787603067,301115551521,59333963776,3947,30313242624
1787603082,301214661824,59341275136,3947,30320988160
1787603097,301314040773,59347795968,3946,30328008704
1787603112,301414034748,59392983040,3913,30373949440
1787603127,301512668069,59404951552,3913,30386253824
1787603142,301611680328,59304103936,3861,30286602240
1787603157,301741527403,58794242048,3931,30374461440
1787603172,301843031908,58837958656,3946,30418071552
1787603187,301942588844,58876166144,3946,30455566336
1787603202,302040701045,58849988608,3913,30430818304
1787603218,302138777524,58562854912,3844,30337884160
1787603233,302268110142,58431152128,3946,30466228224
1787603248,302365929186,58472296448,3946,30507171840
1787603263,302464178234,58487341056,3946,30523428864
1787603278,302563126346,58354184192,3894,30400745472
1787603293,302694132200,58109800448,3878,30349864960
1787603308,302790286224,58726801408,3965,30474915840
1787603323,302890435205,58844471296,3980,30591447040
1787603338,302990099134,58725937152,3928,30475014144
1787603353,303084307656,58793771008,3911,30426640384
1787603368,303189920373,59439329280,3998,30626816000
1787603383,303297810028,59470225408,4013,30657437696
1787603398,303397843156,59398778880,4013,30585307136
1787603413,303509973734,59418644480,4013,30605230080
1787603429,303608959882,59457294336,4013,30643728384
1787603444,303710971840,59486797824,4013,30672678912
1787603459,303810745783,59486728192,4012,30671986688
1787603474,303911936991,59444006912,4012,30630895616
1787603489,304013321215,59380224000,3959,30569926656
1787603504,304134083136,59378716672,3998,30632542208
1787603519,304235951041,59404820480,4013,30658662400
1787603534,304337236503,59421626368,4013,30675283968
1787603549,304437923287,59426177024,4013,30679650304
1787603564,304539503892,59370237952,3961,30626455552
1787603579,304639641821,59313029120,3961,30569127936
1787603594,304769267556,59286761472,4038,30665719808
1787603609,304872077709,59397820416,4047,30776778752
1787603624,304972828159,59425357824,4047,30804033536
1787603640,305074616780,59452907520,4047,30831484928
1787603655,305176432520,59436277760,4046,30814908416
1787603670,305279290912,59449491456,4046,30827945984
1787603685,305381424298,59454099456,4046,30832623616
1787603700,305484347564,59531194368,4013,30910599168
1787603715,305585714750,59517394944,4013,30896992256
1787603730,305685731207,59473248256,4013,30853275648
1787603745,305786077131,59517681664,4013,30895632384
1787603760,305887254515,59529768960,4013,30909448192
1787603775,305994210660,59437101056,3961,30818594816
1787603790,306104386753,59600576512,4032,30848364544
1787603805,306214606287,59617452032,4047,30868549632
1787603820,306316755065,59679895552,4047,30931013632
1787603836,306419432977,59685572608,4046,30936473600
1787603851,306523477259,59717603328,4046,30969229312
1787603866,306630472425,59755077632,4046,31005622272
1787603881,306730441076,59748802560,4046,31000137728
1787603896,306835361381,59698806784,4013,30950047744
1787603911,306936113097,59699400704,4013,30951612416
1787603926,307046153291,59724038144,4013,30975987712
1787603941,307145782985,59712802816,3980,30965993472
1787603956,307246536078,59615989760,3928,30871076864
1787603971,307389879901,59180527616,3966,30859026432
1787603986,307489076718,59222003712,3981,30900301824
1787604001,307592305421,59238346752,3981,30917136384
1787604016,307692136002,59230441472,3981,30908469248
1787604031,307792991973,59230375936,3981,30908661760
1787604047,307894394600,59233046528,3981,30910595072
1787604062,307994789676,59232972800,3981,30911279104
1787604077,308096840982,59235753984,3980,30913540096
1787604092,308203986145,59245064192,3980,30923993088
1787604107,308305567112,59246854144,3980,30924926976
1787604122,308407583085,59247599616,3979,30925336576
1787604137,308510617506,59266916352,3979,30945660928
1787604152,308613861093,59248336896,3979,30926458880
1787604167,308716223325,59268800512,3979,30946750464
1787604182,308817743262,59114602496,3927,30796214272
1787604197,308925413457,58818641920,3910,30782545920
1787604212,309024080610,59392974848,3997,30895190016
1787604227,309127144524,59417018368,4012,30919364608
1787604243,309230249070,59280490496,3960,30785531904
1787604258,309364238094,59221209088,4031,30910443520
1787604273,309467569200,59246661632,4046,30935089152
1787604288,309571191322,59256881152,4046,30945648640
1787604303,309675030297,59234848768,4046,30923681792
1787604318,309779076697,59231195136,4046,30919331840
1787604333,309882194067,59245424640,4045,30932910080
1787604348,309991441215,59013853184,3912,31034859520
1787604363,310120846590,59058331648,3999,30923341824
1787604378,310221964748,59071348736,4014,30936117248
1787604393,310324437835,59075842048,3981,30941618176
1787604408,310425700843,59080208384,3981,30945165312
1787604423,310525493736,59082756096,3981,30949208064
1787604439,310627741578,59086442496,3948,30952669184
1787604454,310727845637,59089805312,3948,30957256704
1787604469,310827595125,59095289856,3947,30962606080
1787604484,310927252918,59127631872,3914,30995529728
1787604499,311027902223,59099439104,3914,30967926784
1787604514,311125384542,59102584832,3914,30970515456
1787604529,311222857796,59109085184,3913,30977736704
1787604544,311321663812,59112312832,3913,30980108288
1787604559,311420974395,59114655744,3913,30982729728
1787604574,311518613207,59119501312,3913,30986465280
1787604589,311618272262,59120353280,3912,30988992512
1787604604,311717922033,58984939520,3861,30856171520
1787604619,311859817236,58054135808,3930,30927540224
1787604635,311957749373,58139631616,3945,31012528128
1787604650,312056244071,58020683776,3893,30895616000
1787604665,312187434182,57900019712,3963,31032590336
1787604680,312290789230,57818669056,3978,30952693760
1787604695,312391251841,57703473152,3926,30839660544
1787604710,312491395070,57799319552,3926,30934159360
1787604725,312614628603,57996079104,3997,30952374272
1787604740,312713945052,57883762688,3960,30842429440
1787604755,312850187430,57714630656,4031,30960537600
1787604770,312950450227,57780957184,4046,31024586752
1787604785,313052116262,57789583360,4046,31033135104
1787604800,313168901750,57162235904,3978,31061516288
1787604816,313297390649,57267834880,4065,30965399552
1787604831,313399738940,57375232000,4080,31071551488
1787604846,313501042251,57401856000,4080,31098433536
1787604861,313602827823,57365237760,4080,31061024768
1787604876,313702567285,57436114944,4080,31132413952
1787604891,313803690723,57446125568,4080,31142465536
1787604906,313904412823,57386663936,4080,31083241472
1787604921,314005556431,57478631424,4047,31175897088
1787604936,314105072214,57567305728,4047,31264645120
1787604951,314204745861,57552183296,4047,31249715200
1787604966,314303986603,57509470208,4047,31206572032
1787604981,314404397280,57497718784,4047,31195615232
1787604996,314504479950,57506852864,4047,31203106816
1787605011,314605850394,57562152960,4047,31259418624
1787605027,314705863221,57532088320,4047,31229341696
1787605042,314811625332,57513766912,4047,31211507712
1787605057,314911019313,57575059456,4047,31272484864
1787605072,315011687389,57606967296,4047,31304024064
1787605087,315112990152,57518649344,4047,31216128000
1787605102,315212766261,57582129152,4047,31279034368
1787605117,315313316171,57453973504,4014,31151980544
1787605132,315411827333,57453617152,4014,31152054272
1787605147,315511596445,57576755200,4014,31274287104
1787605162,315611708874,57549066240,4013,31247659008
1787605177,315719812070,57521000448,4013,31219965952
1787605192,315821541113,57521668096,4013,31220690944
1787605207,315923583366,57523523584,4013,31221661696
1787605223,316025855396,57523732480,4013,31222071296
1787605238,316127797664,57523179520,4012,31222263808
1787605253,316230585474,57543942144,4012,31242690560
1787605268,316333121209,57458147328,4012,31156400128
1787605283,316437559079,57336889344,3960,31037739008
1787605298,316589059103,57433837568,4031,31192772608
1787605313,316693544543,57506852864,4046,31265140736
1787605328,316796175990,57500332032,4046,31258112000
1787605343,316899333162,57503064064,4046,31261282304
1787605358,317002452411,57512083456,4046,31270289408
1787605373,317110188446,57125785600,3978,31300448256
1787605388,317247217507,57245736960,4065,31277670400
1787605404,317350537882,57226534912,4047,31259435008
1787605419,317452267386,57298706432,4047,31331614720
1787605434,317553528587,57240154112,4047,31273091072
1787605449,317654161545,57246208000,4047,31279034368
1787605464,317755272768,57312268288,4014,31346405376
1787605479,317855988431,57391935488,4014,31426068480
1787605494,317957201848,57261785088,4014,31296315392
1787605509,318057180930,57356341248,4014,31390412800
1787605524,318159309650,57340080128,4014,31373836288
1787605539,318265506979,57344172032,4014,31377338368
1787605554,318368399705,57380954112,4014,31414923264
1787605569,318468912464,57395576832,4014,31429107712
1787605584,318569351439,57360134144,4014,31393611776
1787605600,318669544200,57361227776,4014,31395381248
1787605615,318770268328,57370886144,4015,31404113920
1787605630,318870629351,57366126592,4013,31400566784
1787605645,318970767923,57369042944,4013,31402422272
1787605660,319071240786,57367490560,3980,31402541056
1787605675,319173708465,57367158784,3980,31402639360
1787605690,319273477314,57387565056,3980,31422984192
1787605705,319372750357,57388867584,3946,31425347584
1787605720,319474311329,57389678592,3946,31425597440
1787605735,319574336697,57390759936,3946,31425957888
1787605750,319671972195,57286438912,3894,31324135424
1787605765,319816955841,56819838976,3878,31584133120
1787605780,319881781145,57925464064,3878,31247777792
1787605796,319976477412,58516074496,3965,31383736320
1787605811,320074425883,58538270720,3980,31405535232
1787605826,320172753725,58551468032,3980,31417954304
1787605841,320271818528,58426535936,3895,31297069056
1787605856,320423147917,58459967488,3933,31391555584
1787605871,320521103245,58521915392,3915,31454302208
1787605886,320619011268,58491035648,3915,31423483904
1787605901,320719154715,58527731712,3882,31461134336
1787605916,320814425974,58528980992,3881,31462707200
1787605931,320911959317,58546343936,3881,31480377344
1787605946,321009212284,58569281536,3881,31502737408
1787605961,321104684881,58615328768,3880,31549157376
1787605976,321202222364,58621804544,3880,31554224128
1787605991,321300174413,58630819840,3880,31564480512
1787606007,321395416567,58631946240,3847,31566680064
1787606022,321493343173,58495369216,3794,31432462336
1787606037,321587801741,58550296576,3794,31487455232
1787606052,321685313469,58972262400,3778,31399542784
1787606067,321771939668,60036587520,3865,31579832320
1787606082,321868415557,59987431424,3880,31530999808
1787606097,321966370331,59808489472,3827,31353110528
1787606112,322067245703,60211134464,3897,31428698112
1787606127,322165854807,60177297408,3912,31394476032
1787606142,322262468057,60240609280,3912,31458177024
1787606157,322360956105,60130332672,3860,31349878784
1787606172,322489896822,59840176128,3930,31414648832
1787606187,322590836929,59933151232,3945,31506657280
1787606203,322689958551,59785240576,3827,31363260416
1787606218,322786436735,59763904512,3827,31341633536
1787606233,322907053199,59482009600,3846,31312015360
1787606248,323016933813,59647713280,3845,31397294080
1787606263,323124196641,59865440256,3947,31575392256
1787606278,323222676802,59821547520,3946,31531266048
1787606293,323321485385,59745705984,3894,31457742848
1787606308,323443434078,59289776128,3878,31558467584
1787606323,323563203160,59226161152,3980,31519481856
1787606338,323662878492,59238645760,3979,31532716032
1787606353,323763903514,59258736640,3979,31553900544
1787606368,323865321907,59267981312,3979,31561478144
1787606383,323966012435,59125493760,3927,31423234048
1787606399,324098346445,58696876032,3965,31361769472
1787606414,324210002347,58796482560,4013,31465431040
1787606429,324310553841,58873044992,4013,31541448704
1787606444,324412345829,58816385024,4012,31485595648
1787606459,324518860294,58694033408,3960,31364485120
1787606474,324664105849,58621681664,4031,31444336640
1787606489,324774744047,58798034944,4046,31620497408
1787606504,324875941047,58758230016,4046,31580946432
1787606519,324984798155,58771075072,4046,31593320448
1787606534,325086733572,58848808960,4046,31671357440
1787606549,325188962482,58776866816,4046,31599509504
1787606564,325296813413,58747547648,3994,31572160512
1787606580,325430278162,58521522176,4065,31629443072
1787606595,325532283581,58547027968,4080,31654178816
1787606610,325635094436,58552520704,4080,31659352064
1787606625,325738553144,58603847680,4080,31703285760
1787606640,325841734166,58601861120,4080,31708524544
1787606655,325950132942,58571931648,4080,31678337024
1787606670,326053069058,58576261120,4080,31683637248
1787606685,326155568077,58614018048,4080,31720923136
1787606700,326257987794,58619740160,4047,31727222784
1787606715,326360403848,58588569600,4047,31696076800
1787606730,326462130321,58593001472,4047,31701622784
1787606745,326564559916,58597896192,4047,31705624576
1787606761,326665878518,58640076800,4047,31747694592
1787606776,326771685244,58601594880,4014,31710384128
1787606791,326873559123,58603511808,3981,31713468416
1787606806,326974919171,58604978176,3981,31715139584
1787606821,327079343432,58627448832,3981,31737470976
1787606836,327179821821,58647244800,3915,31759740928
1787606851,327279777608,58643378176,3882,31755382784
1787606866,327378913065,58628288512,3882,31741124608
1787606881,327478892947,58609156096,3882,31722340352
1787606896,327578169908,58609692672,3882,31723102208
1787606911,327677421510,58611032064,3882,31723999232
1787606926,327775958752,58612203520,3881,31724654592
1787606941,327875666969,58612559872,3880,31725613056
1787606957,327974981153,58657927168,3880,31771107328
1787606972,328074524430,58613907456,3880,31727230976
1787606987,328173622203,58614194176,3879,31727603712
1787607002,328273989808,58674790400,3878,31787700224
1787607017,328373425219,58615099392,3878,31728648192
1787607032,328472452638,58524753920,3826,31640502272
1787607047,328604952208,58171097088,3810,31819276288
1787607062,328702589176,58582704128,3845,31576240128
1787607077,328836180659,58435555328,3843,31558823936
1787607092,328935408028,58962604032,3930,31681900544
1787607107,329035325808,58861719552,3892,31583948800
1787607122,329161842187,58215063552,3876,31576465408
1787607137,329269983750,58351153152,3926,31605288960
1787607153,329406651773,58038755328,3997,31629041664
1787607168,329506530159,58019676160,4012,31610044416
1787607183,329605642712,58124881920,3979,31715794944
1787607198,329705737950,58064461824,3927,31657828352
1787607213,329809015837,58036207616,3927,31629737984
1787607228,329934032101,57666830336,3946,31546503168
1787607243,330053350102,57788829696,3945,31556775936
1787607258,330137970334,58911338496,4032,31739367424
1787607273,330239361266,58969681920,4047,31797813248
1787607288,330344925977,58996490240,4047,31824285696
1787607303,330444144839,59008614400,4047,31836205056
1787607318,330546644127,58951675904,4047,31778635776
1787607334,330649298533,58959147008,4047,31786786816
1787607349,330753528623,58978201600,4047,31805411328
1787607364,330856585596,58974601216,4047,31802281984
1787607379,330960204758,58980880384,4047,31808847872
1787607394,331067275908,58984898560,4047,31812046848
1787607409,331170111808,58987827200,4047,31815864320
1787607424,331271702424,58993541120,4046,31821205504
1787607439,331373886252,59060432896,4046,31886868480
1787607454,331477233731,59003092992,4046,31829729280
1787607469,331578950728,59007627264,4046,31835353088
1787607484,331679920853,59011448832,4046,31838982144
1787607499,331781725934,59016278016,4046,31843762176
1787607514,331882929256,59026169856,4046,31853371392
1787607530,331984218993,59091542016,4046,31918161920
1787607545,332086041990,58961305600,3994,31790604288
1787607560,332197359313,59181518848,3978,31737212928
1787607575,332293147076,59825823744,4065,31807291392
1787607590,332396240861,59942457344,4080,31923097600
1787607605,332497548032,59969490944,4080,31949246464
1787607620,332598498309,59970523136,4080,31951237120
1787607635,332700493225,59907223552,4047,31888748544
1787607650,332800890528,60007333888,4047,31988801536
1787607665,332900737627,59924197376,4048,31906910208
1787607680,333003222743,59981242368,4047,31963205632
1787607695,333104081687,59988701184,4047,31969771520
1787607710,333207134128,60012101632,4047,31993458688
1787607726,333307599695,59995287552,4047,31975686144
1787607741,333410164226,60006506496,4047,31987531776
1787607756,333512607509,59991531520,4014,31974191104
1787607771,333614876186,59953795072,4014,31936569344
1787607786,333717429357,60025405440,4014,32007942144
1787607801,333818786399,60049002496,4014,32031502336
1787607816,333918721149,60051054592,4014,32033435648
1787607831,334019442985,60051820544,3981,32035069952
1787607846,334118838707,60006707200,3948,31991001088
1787607861,334219609928,60042203136,3948,32026738688
1787607876,334319387915,59947827200,3947,31932092416
1787607891,334418748475,60001832960,3914,31987519488
1787607906,334518826428,60017422336,3914,32002633728
1787607922,334618180918,60039536640,3914,32024952832
1787607937,334716325756,60030660608,3914,32015474688
1787607952,334815708758,60008947712,3914,31994511360
1787607967,334912491195,60032286720,3914,32017014784
1787607982,335010775834,60009684992,3913,31995199488
1787607997,335109377877,59881635840,3861,31870050304
1787608012,335199220885,60518588416,3845,31869882368
1787608027,335309969865,60675731456,3947,31985278976
1787608042,335410295278,60674826240,3946,31985483776
1787608057,335514529220,60677742592,3946,31987781632
1787608072,335613514287,60677312512,3945,31987400704
1787608087,335713136449,60617592832,3945,31927406592
1787608103,335813795087,60713701376,3944,32023285760
1787608118,335918184725,60562849792,3892,31875559424
1787608133,336056705789,59793809408,3963,31914524672
1787608148,336156866258,59826950144,3978,31946670080
1787608163,336258305090,59703132160,3926,31824760832
1787608178,336376610499,59677810688,3997,31975165952
1787608193,336479503688,59523727360,3960,31823081472
1787608208,336592954443,59260067840,3892,31768834048
1787608223,336706204973,59357102080,3994,31855738880
1787608238,336841061482,59366887424,4065,31990509568
1787608253,336943849481,59439996928,4080,32064507904
1787608268,337047138150,59397644288,4080,32021585920
1787608283,337160716406,59427336192,4080,32051810304
1787608299,337263214290,59482914816,4080,32106778624
1787608314,337365682705,59443281920,4080,32067559424
1787608329,337466854962,59460333568,4047,32083566592
1787608344,337569811111,59490611200,4047,32115163136
1787608359,337670647234,59506245632,4047,32129945600
1787608374,337772658565,59510484992,4047,32135905280
1787608389,337874242838,59478532096,4047,32103108608
1787608404,337977556853,59523629056,4047,32148082688
1787608419,338078807632,59532349440,4047,32157245440
1787608434,338180761644,59484819456,4047,32109977600
1787608449,338281589905,59579969536,4046,32204050432
1787608464,338384229492,59579428864,4046,32204533760
1787608479,338486225575,59541237760,4046,32165425152
1787608495,338587719702,59555618816,4046,32180809728
1787608510,338690497044,59555962880,4046,32181243904
1787608525,338792617768,59613749248,4046,32239108096
1787608540,338901516054,59557629952,4046,32182824960
1787608555,339002369231,59579711488,4046,32204009472
1787608570,339103858739,59435208704,3994,32062173184
1787608585,339240817248,59209592832,4032,32077852672
1787608600,339350442956,59290730496,4047,32158924800
1787608615,339452459087,59302371328,4047,32170098688
1787608630,339553363699,59360047104,4014,32229011456
1787608645,339656541527,59347521536,4014,32216158208
1787608660,339756668995,59300675584,4014,32168673280
1787608675,339858015206,59319640064,4015,32187846656
1787608691,339958826580,59305021440,4014,32174014464
1787608706,340059188351,59335708672,4014,32203616256
1787608721,340160857332,59252412416,4014,32121151488
1787608736,340262095667,59313618944,4014,32181800960
1787608751,340363819516,59359674368,4014,32228499456
1787608766,340463888856,59380248576,4014,32248745984
1787608781,340563978713,59325722624,4014,32194850816
1787608796,340667253046,59386421248,3981,32256069632
1787608811,340766534138,59323559936,3981,32193343488
1787608826,340868138970,59397734400,3980,32266936320
1787608841,340969660398,59329675264,3980,32198635520
1787608856,341070728429,59335716864,3980,32205721600
1787608871,341171567620,59344179200,3979,32213241856
1787608887,341272490690,59330121728,3946,32201023488
1787608902,341373596326,59389009920,3946,32260149248
1787608917,341473206567,59395936256,3946,32265834496
1787608932,341573908454,59293786112,3946,32164290560
1787608947,341674670330,59200540672,3894,32073822208
1787608962,341804311652,59137224704,3965,32230465536
1787608977,341905766544,59141779456,3980,32234291200
1787608992,342004367881,59001278464,3928,32097013760
1787609007,342129702447,58579480576,3999,32047480832
1787609022,342231459699,58638438400,4014,32106020864
1787609037,342337993409,58679529472,4013,32147574784
1787609052,342438399544,58641510400,4013,32108244992
1787609067,342538594574,58685620224,3980,32154439680
1787609083,342639822013,58645946368,3947,32115765248
1787609098,342739649362,58604445696,3947,32074219520
1787609113,342839509956,58607722496,3947,32077623296
1787609128,342944561051,58690080768,3946,32158924800
1787609143,343045099268,58668027904,3946,32137928704
1787609158,343146384436,58552479744,3894,32024989696
1787609173,343258518115,58880139264,3932,32142753792
1787609188,343357428693,58909712384,3914,32171270144
1787609203,343457942770,58888294400,3914,32151826432
1787609218,343556913869,58935418880,3914,32198115328
1787609233,343657596963,58783825920,3862,32048869376
1787609248,343762503746,58847760384,3862,32113180672
1787609263,343906271143,58468786176,3900,32223981568
1787609279,344006728424,58445275136,3915,32190619648
1787609294,344106344788,58464772096,3915,32209358848
1787609309,344206210346,58432733184,3915,32177893376
1787609324,344307199435,58436472832,3914,32181714944
1787609339,344406776461,58439725056,3913,32185163776
1787609354,344507043075,58478030848,3913,32223469568
1787609369,344606660027,58531065856,3913,32275173376
1787609384,344705785147,58552315904,3913,32297443328
1787609399,344804490459,58450624512,3913,32195686400
1787609414,344904389000,58452721664,3912,32197459968
1787609429,345005563272,58317914112,3859,32065179648
1787609444,345126126365,57980243968,3843,32300027904
1787609460,345264611810,57773948928,3878,32070684672
1787609475,345361473035,58407686144,3877,32029503488
1787609490,345421583308,59760926720,3877,31990951936
1787609505,345525177710,59845345280,3946,32072916992
1787609520,345625088107,59953537024,3946,32180981760
1787609535,345727850008,59916300288,3945,32143704064
1787609550,345827657397,59954888704,3945,32182312960
1787609565,345929034076,59827843072,3893,32058159104
1787609580,346057191106,59830517760,3912,32025214976
1787609595,346171815208,60233883648,3998,32050905088
1787609610,346271812938,60189229056,4013,32006049792
1787609625,346372083856,60247830528,3980,32065671168
1787609640,346471528048,60200251392,3980,32017666048
1787609656,346572183426,60106092544,3928,31927164928
1787609671,346735617389,59690557440,3999,32091631616
1787609686,346835660417,59540238336,4014,31941275648
1787609701,346936681150,59601534976,4014,32001925120
1787609716,347037094221,59613814784,4014,32013946880
1787609731,347141334216,59619520512,4014,32020566016
1787609746,347242152139,59627106304,4013,32028160000
1787609761,347342398175,59638280192,4012,32039006208
1787609776,347443062795,59635359744,4012,32036265984
1787609791,347543658951,59645353984,4012,32045989888
1787609806,347644323176,59633577984,4012,32033296384
1787609821,347744779371,59657846784,4012,32057774080
1787609837,347846060641,59661336576,4012,32062332928
1787609852,347947845570,59665752064,4012,32066658304
1787609867,348048738110,59565793280,3960,31968215040
1787609882,348160518484,59327283200,3859,31805796352
1787609897,348273780037,59768549376,3930,31892758528
1787609912,348362815442,60716380160,4032,32009060352
1787609927,348464783303,60724969472,4047,32016248832
1787609942,348565351304,60729303040,4047,32021458944
1787609957,348671931482,60744204288,4047,32035995648
1787609972,348773095530,60757639168,4047,32049385472
1787609987,348874339945,60762996736,4047,32054652928
1787610002,348976904682,60795191296,4047,32087756800
1787610017,349079362999,60716306432,4047,32008777728
1787610033,349181934475,60760539136,4047,32052518912
1787610048,349283093998,60779778048,4047,32070983680
1787610063,349386095670,60717559808,4047,32009596928
1787610078,349488453254,60832927744,4047,32124936192
1787610093,349589728154,60725202944,3981,32019210240
1787610108,349691243215,60755374080,3981,32049213440
1787610123,349793201454,60794564608,3981,32088330240
1787610138,349894887111,60745535488,3980,32039161856
1787610153,349996058436,60806864896,3980,32099516416
1787610168,350097277440,60801269760,3980,32095289344
1787610183,350198192676,60806873088,3947,32101896192
1787610198,350297978167,60807315456,3947,32102694912
1787610213,350398405381,60877848576,3947,32172511232
1787610229,350498788682,60868272128,3947,32163471360
1787610244,350599752976,60744548352,3947,32039940096
1787610259,350700710672,60676104192,3895,31973441536
1787610274,350797737899,61159333888,3879,31965913088
1787610289,350900623156,61569941504,3966,32069275648
1787610304,351001940222,61574213632,3981,32072699904
1787610319,351102872165,61580120064,3981,32078516224
1787610334,351204752619,61644611584,3980,32142888960
1787610349,351310142532,61584211968,3978,32082677760
1787610364,351411837354,61586518016,3978,32084578304
1787610379,351512608534,61589803008,3978,32088743936
1787610394,351612138062,61592772608,3945,32093036544
1787610409,351712482246,61536612352,3912,32037572608
1787610425,351813210199,61627572224,3912,32127614976
1787610440,351912533049,61629132800,3912,32129540096
1787610455,352014477062,61560922112,3860,32063864832
1787610470,352125666636,61575299072,3792,31868059648
1787610485,352242884778,61403279360,3811,32011231232
1787610500,352365521383,61518249984,3864,31940173824
1787610515,352476205349,61692346368,3981,32065318912
1787610530,352577820138,61721452544,3948,32094568448
1787610545,352678676031,61699121152,3947,32073412608
1787610560,352779251920,61766955008,3947,32141008896
1787610575,352878776146,61803032576,3914,32178049024
1787610590,352977623307,61792321536,3913,32166957056
1787610606,353077431420,61750329344,3881,32126926848
1787610621,353181554216,61771698176,3848,32148013056
1787610636,353281645205,61776642048,3848,32153407488
1787610651,353380476934,61786824704,3848,32162590720
1787610666,353480549514,61740400640,3802,32118902784
1787610681,353608739875,61684162560,3866,32081281024
1787610696,353709099351,61726093312,3881,32121393152
1787610711,353808091758,61741838336,3881,32137543680
1787610726,353907298141,61747486720,3881,32143167488
1787610741,354009931581,61767163904,3879,32161914880
1787610756,354110980842,61769109504,3878,32165212160
1787610771,354210250436,61772066816,3877,32168374272
1787610786,354310796668,61640589312,3825,32038060032
1787610802,354427086748,61560381440,3896,32164130816
1787610817,354526964492,61550440448,3911,32153382912
1787610832,354627462956,61552476160,3910,32155877376
1787610847,354730437359,61508161536,3910,32111550464
1787610862,354829273502,61252915200,3806,31860436992
1787610877,354956582228,60771246080,3861,32063574016
1787610892,355089926109,61323493376,3896,31868641280
1787610907,355223261142,61029081088,3858,31714930688
1787610922,355355835892,61236396032,3929,31812857856
1787610937,355465201202,61612302336,4046,32055459840
1787610952,355567295371,61565693952,4046,32008331264
1787610967,355669246112,61568630784,3994,32014032896
1787610983,355796132633,61146374144,4065,32153866240
1787610998,355897880826,61160660992,4080,32167075840
1787611013,356000017340,61141377024,4080,32147177472
1787611028,356103684477,61132324864,4080,32139296768
1787611043,356206259267,61073190912,4080,32079908864
1787611058,356308595611,61146980352,4047,32154804224
1787611073,356410720043,61198110720,4047,32205844480
1787611088,356513311963,61195083776,4047,32201801728
1787611103,356616329248,61173538816,4047,32181002240
1787611118,356718637989,61121994752,4047,32129224704
1787611133,356821092642,61191061504,4047,32198729728
1787611148,356928805114,61198995456,4047,32207114240
1787611163,357031037210,61145419776,4047,32152375296
1787611179,357133791069,61276168192,4046,32283750400
1787611194,357235218184,61220401152,4046,32227401728
1787611209,357335981571,61221822464,4046,32229564416
1787611224,357439373975,61276246016,4046,32284061696
1787611239,357541753379,61240733696,4046,32246734848
1787611254,357643295241,61262528512,4046,32269864960
1787611269,357746002857,61224062976,4046,32231383040
1787611284,357846332982,61221191680,3980,32231141376
1787611299,357947295633,61049200640,3928,32060485632
1787611314,358076540465,60750807040,3912,32117280768
1787611329,358178539515,61195726848,3999,32279552000
1787611344,358280197022,61218549760,4014,32300789760
1787611360,358380960226,61248364544,4012,32331501568
1787611375,358482084775,61183631360,3981,32267960320
1787611390,358582573214,61239943168,3981,32324251648
1787611405,358682517573,61297721344,3981,32381030400
1787611420,358782417244,61240152064,3981,32324165632
1787611435,358882551004,61127716864,3981,32211824640
1787611450,358983438169,61193801728,3981,32277258240
1787611465,359083597911,61195890688,3981,32278921216
1787611480,359184694717,61197086720,3981,32280535040
1787611495,359284682142,61200158720,3981,32284176384
1787611510,359384969475,61200257024,3981,32284545024
1787611525,359487333713,61264375808,3979,32348327936
1787611540,359591353210,61205946368,3979,32289902592
1787611556,359692013652,61207752704,3979,32292380672
1787611571,359794648661,61210959872,3979,32294608896
1787611586,359894463077,61220388864,3979,32304693248
1787611601,359994499481,61208580096,3979,32292900864
1787611616,360095444823,61270552576,3978,32355106816
1787611631,360195205651,61150679040,3945,32235700224
1787611646,360307312059,60691070976,3826,32183193600
1787611661,360414213597,61700751360,3912,32101453824
1787611676,360605804644,61098508288,3896,32096366592
1787611691,360701018509,61834272768,3998,32253530112
1787611706,360803611586,61902942208,4013,32314368000
1787611721,360904643042,61861646336,4013,32273588224
1787611737,361006660133,61745893376,3961,32159191040
1787611752,361106940097,61748285440,3961,32162611200
1787611767,361218671395,61905788928,3945,32074735616
1787611782,361284234864,62248058880,3945,32117030912
1787611797,361394811373,62055596032,4047,32208150528
1787611812,361496140793,62062116864,4014,32216113152
1787611827,361599386061,62068027392,4014,32221474816
1787611842,361700508049,62073384960,4014,32226762752
1787611857,361802034667,62079967232,4014,32232701952
1787611872,361903736134,62084395008,4014,32238080000
1787611887,362003873382,62091890688,4014,32245436416
1787611902,362104950450,62099812352,4013,32253259776
1787611917,362207042779,62139326464,4013,32293261312
1787611933,362309165946,61502967808,3980,32331644928
1787611948,362411655384,61508599808,3979,32336539648
1787611963,362512593914,61506039808,3979,32332759040
1787611978,362614254671,61520130048,3979,32341868544
1787611993,362714439690,61523640320,3979,32344494080
1787612008,362815811916,61317931008,3927,32139874304
1787612023,362921543391,61320486912,3927,32141795328
1787612038,363046242531,61169651712,3998,32225746944
1787612053,363156364806,61277593600,4013,32331190272
1787612068,363259360267,61160718336,3961,32214720512
1787612083,363404126346,60879486976,4032,32292077568
1787612098,363506383657,60810268672,4047,32221577216
1787612114,363608785729,60885200896,4047,32294182912
1787612129,363710682205,60889014272,4047,32298123264
1787612144,363813075305,60894056448,4047,32302895104
1787612159,363915076029,60899495936,4047,32307777536
1787612174,364018012928,60902014976,4046,32311566336
1787612189,364121023926,60906639360,4046,32315850752
1787612204,364223073773,60912574464,4046,32321585152
1787612219,364325527645,60918497280,4046,32327671808
1787612234,364427254766,60922380288,4046,32331759616
1787612249,364529414012,60992172032,4046,32401092608
1787612264,364632099608,61000478720,4046,32408649728
1787612279,364733854903,60940296192,4046,32348295168
1787612294,364836454150,60746543104,3994,32157884416
1787612310,364944666462,60989325312,3978,32210575360
1787612325,365057935948,60981272576,4080,32385720320
1787612340,365160171400,60983160832,4080,32387878912
1787612355,365262132186,60945870848,4080,32350806016
1787612370,365364720245,60948090880,4080,32353308672
1787612385,365468681978,61013708800,4080,32419446784
1787612400,365571094030,60952133632,4080,32357113856
1787612415,365673196869,60954017792,4080,32359006208
1787612430,365775194623,61016997888,4080,32422346752
1787612445,365877644991,61026816000,4080,32431439872
1787612460,365980242765,60962656256,4080,32368963584
1787612475,366082096743,60956721152,4047,32362500096
1787612491,366188977733,60899094528,4047,32305827840
1787612506,366291375346,60935720960,4047,32342835200
1787612521,366392724567,61026803712,4047,32433332224
1787612536,366494697109,60946395136,4047,32353198080
1787612551,366597360763,60956073984,4047,32362463232
1787612566,366700288375,60959674368,4014,32366452736
1787612581,366801692236,61015461888,4014,32423194624
1787612596,366902743141,60960653312,4014,32368873472
1787612611,367004335382,60961591296,4014,32369270784
1787612626,367105439431,60980715520,4020,32387375104
1787612641,367205924746,60977160192,4014,32384569344
1787612656,367306857720,60977729536,4014,32385413120
1787612671,367407929738,60978950144,4014,32385679360
1787612687,367510214572,60956753920,4014,32364105728
1787612702,367611417960,60967383040,4014,32374628352
1787612717,367712541349,61036974080,4013,32444424192
1787612732,367814700279,60975443968,4013,32382562304
1787612747,367916906774,60980383744,4013,32387747840
1787612762,368017533422,60979916800,4013,32387985408
1787612777,368118730862,60982947840,4013,32390332416
1787612792,368220190671,60917108736,4013,32324014080
1787612807,368321274343,60979245056,4012,32386277376
1787612822,368422092110,60855513088,3960,32265543680
1787612837,368523185205,60855136256,3960,32265629696
1787612852,368676916546,60349775872,4031,32278540288
1787612868,368779388580,60442861568,4046,32371101696
1787612883,368880691904,60447236096,4046,32376004608
1787612898,368982156494,60449234944,4013,32379125760
1787612913,369083188597,60451487744,4013,32381210624
1787612928,369185564358,60326248448,3961,32258105344
1787612943,369307057265,60351713280,4032,32432635904
1787612958,369408861026,60359847936,4047,32440647680
1787612973,369511628657,60363767808,4047,32444145664
1787612988,369613488677,60366966784,4047,32447340544
1787613003,369714573491,60369100800,4047,32450211840
1787613018,369816614595,60375789568,4047,32456036352
1787613033,369916698395,60381179904,4047,32461647872
1787613048,370018176568,60317564928,4047,32398630912
1787613064,370119263840,60388302848,4047,32468533248
1787613079,370221309182,60381167616,4047,32462012416
1787613094,370322895068,60388421632,4047,32468701184
1787613109,370424876643,60396838912,4047,32477331456
1787613124,370530434366,60402057216,4047,32482295808
1787613139,370635479268,60404084736,4046,32483885056
1787613154,370735344333,60404523008,4046,32485752832
1787613169,370835165429,60406808576,4046,32487256064
1787613184,370937002783,60406689792,4012,32488710144
1787613199,371038391768,60408152064,3980,32490295296
1787613214,371138986443,60503040000,3980,32585973760
1787613229,371240134495,60407672832,3980,32490872832
1787613245,371340458831,60406595584,3947,32490893312
1787613260,371440647787,60288045056,3862,32375193600
1787613275,371580184019,59980320768,3900,32464502784
1787613290,371680228824,59988975616,3914,32472817664
1787613305,371778243589,59989864448,3882,32474386432
1787613320,371877215867,59953680384,3882,32437583872
1787613335,371978422002,59959357440,3882,32443514880
1787613350,372076518411,59961520128,3882,32445353984
1787613365,372176694798,59963813888,3882,32447266816
1787613380,372275469084,59964526592,3882,32449146880
1787613395,372374096240,59969413120,3882,32453677056
1787613410,372472058757,59971465216,3882,32455430144
1787613425,372575509925,59972947968,3880,32457125888
1787613441,372675142208,59975909376,3846,32460128256
1787613456,372773006853,60024918016,3813,32511299584
1787613471,372870472511,59977199616,3813,32463843328
1787613486,372969425116,59979702272,3812,32465612800
1787613501,373066571399,59980845056,3810,32467193856
1787613516,373164510071,59981389824,3777,32468959232
1787613531,373260336228,59862614016,3725,32352096256
1787613546,373358406098,59628281856,3621,32122187776
1787613561,373498914764,59200372736,3676,32176250880
1787613576,373615640556,59476402176,3762,32324014080
1787613591,373687546700,58453712896,3864,32452657152
1787613606,373789825063,58430541824,3878,32425816064
1787613621,373888991946,58456899584,3826,32452497408
1787613637,374029683282,58168938496,3845,32346591232
1787613652,374165443853,58133241856,3879,32366260224
1787613667,374323431810,57548992512,3965,32789164032
1787613682,374424467985,57487843328,3980,32712695808
1787613697,374526718334,57572122624,3980,32786132992
1787613712,374627445452,57635745792,3979,32838569984
1787613727,374728283078,57492770816,3927,32687218688
1787613742,374867419380,57225904128,3911,32676155392
1787613757,374952630109,57504423936,3998,32789733376
1787613772,375054753897,57590390784,4013,32864624640
1787613787,375157410032,57612390400,4012,32875511808
1787613802,375258049039,57647374336,3979,32891084800
1787613818,375359572182,57624743936,3979,32857206784
1787613833,375465397457,57543491584,3927,32763797504
1787613848,375576117090,57356070912,3911,32727937024
1787613863,375650841971,56853086208,3998,32829546496
1787613878,375752560528,56489803776,4013,32849756160
1787613893,375854617068,56571518976,4013,32918921216
1787613908,375955165194,56413700096,3961,32746831872
1787613923,376095293710,55791882240,3945,32861908992
1787613938,376221212138,55972102144,4047,32878092288
1787613953,376322937352,55993360384,4046,32879063040
1787613968,376426656917,56045772800,4046,32919007232
1787613983,376528721571,56065908736,4046,32918253568
1787613998,376629807810,56055701504,4013,32893964288
1787614014,376730868593,56073363456,3980,32897101824
1787614029,376832561565,56096563200,3947,32900521984
1787614044,376934429533,56122363904,3947,32904183808
1787614059,377035712834,56142778368,3947,32904462336
1787614074,377136953639,56077303808,3895,32825397248
1787614089,377258897716,56364089344,3933,32899002368
1787614104,377367159621,56459997184,3948,32951603200
1787614119,377468393338,56341938176,3948,32816627712
1787614134,377568750325,56431271936,3948,32884342784
1787614149,377668853943,56515551232,3947,32952418304
1787614164,377770710391,56522211328,3947,32940777472
1787614179,377872722008,56505319424,3947,32895467520
1787614195,377974397662,56537096192,3947,32900788224
1787614210,378076806317,56210661376,3914,32904237056
1787614225,378177992745,56227364864,3914,32906285056
1787614240,378279053976,56249843712,3914,32908419072
1787614255,378381077858,56271691776,3913,32910290944
1787614270,378487684793,56218505216,3860,32841293824
1787614285,378613567355,55606431744,3844,32638103552
1787614300,378717171208,56098648064,3931,32827961344
1787614315,378817881566,56128266240,3946,32835227648
1787614330,378920453325,55871905792,3945,32906551296
1787614345,379021441618,55833186304,3945,32843202560
1787614360,379123336062,55865462784,3945,32848166912
1787614376,379224611299,55771746304,3893,32735408128
1787614391,379359303490,55446646784,3912,32700698624
1787614406,379461884399,55559323648,3927,32793583616
1787614421,379604053311,55350984704,3998,32825925632
1787614436,379711780321,55339999232,4013,32790609920
1787614451,379814317877,55301578752,3960,32730357760
1787614466,379940049461,55320584192,3944,32631103488
1787614481,380036624843,55450288128,4031,32733208576
1787614496,380139019903,55487578112,4046,32741556224
1787614511,380245417943,55536377856,4046,32754008064
1787614526,380349025006,55657529344,4046,32841187328
1787614541,380451084957,55690096640,4046,32846778368
1787614556,380554669570,55641620480,4046,32773263360
1787614572,380657362625,55546134528,3994,32654594048
1787614587,380805285981,54319882240,3945,32656039936
1787614602,380893702488,54897061888,4032,32742404096
1787614617,381001828198,54976913408,4047,32760012800
1787614632,381103445264,55011454976,4047,32762331136
1787614647,381205749295,55045873664,4047,32764465152
1787614662,381308180792,55115063296,4047,32798973952
1787614677,381411350189,55165984768,4048,32809799680
1787614692,381514070554,55171497984,4047,32779657216
1787614707,381617484769,55195082752,4047,32774647808
1787614722,381720351707,55229009920,4046,32776249344
1787614737,381823801011,55296225280,4046,32808427520
1787614753,381925950936,55296331776,4046,32780279808
1787614768,382028955832,55036334080,4046,32830488576
1787614783,382131195191,55023288320,4046,32786345984
1787614798,382238760196,55059734528,4046,32788500480
1787614813,382341583344,55095136256,4046,32790310912
1787614828,382443937211,55132573696,4045,32792449024
1787614843,382548049409,55046434816,3961,32674422784
1787614858,382677293370,54805209088,4032,32760717312
1787614873,382779797703,54862471168,4047,32787943424
1787614888,382886984516,54883520512,4047,32783695872
1787614903,382989540592,54977880064,4047,32850296832
1787614918,383092428165,54940000256,4047,32786092032
1787614933,383195120217,54976057344,4047,32791601152
1787614949,383298502953,55054012416,4047,32835690496
1787614964,383401025544,55085592576,4047,32839802880
1787614979,383504642697,55079227392,4047,32801783808
1787614994,383607775670,55157522432,4047,32850845696
1787615009,383710918808,54818775040,4014,32827658240
1787615024,383814273815,54830112768,4014,32809844736
1787615039,383917860486,54906564608,4014,32849862656
1787615054,384020264610,55042748416,4014,32952619008
1787615069,384123434034,55037353984,4014,32918515712
1787615084,384226863053,54955950080,4013,32811094016
1787615099,384329527116,54982250496,4013,32811642880
1787615114,384431962520,55012663296,4013,32811851776
1787615129,384534356311,55102226432,3980,32873836544
1787615145,384636474255,55098142720,3980,32836800512
1787615160,384737914178,55103942656,3980,32812171264
1787615175,384839823055,55138017280,3980,32812658688
1787615190,384942267542,55166386176,3980,32813355008
1787615205,385043058967,55072456704,3912,32749023232
1787615220,385143988237,54229471232,3912,32768991232
1787615235,385211475239,54073421824,3999,32896282624
1787615250,385318963620,54201090048,4014,32961961984
1787615265,385420369837,53901434880,4014,32953819136
1787615280,385523637012,53897932800,4012,32918855680
1787615295,385625583363,53884264448,4012,32868945920
1787615310,385728102863,53914574848,4011,32871297024
1787615326,385829293705,53957685248,3979,32873218048
1787615341,385932010050,54004457472,3979,32876580864
1787615356,386033548631,54040866816,3946,32877907968
1787615371,386135744667,54079995904,3946,32879779840
1787615386,386235870901,54116511744,3946,32881606656
1787615401,386348416569,53690589184,3826,32833986560
1787615416,386462944410,53490749440,3826,32581677056
1787615431,386586421662,53181263872,3984,32828170240
1787615446,386688490119,53272485888,4014,32879239168
1787615461,386791310104,53279645696,4014,32847441920
1787615476,386893412151,53333737472,4013,32852926464
1787615491,386994110700,53381636096,4012,32857694208
1787615506,387096727300,53428965376,3979,32862482432
1787615522,387198960802,53478780928,3979,32867692544
1787615537,387300600237,53553524736,3946,32901033984
1787615552,387402827537,53633601536,3946,32931463168
1787615567,387503749001,53686530048,3913,32942489600
1787615582,387605938515,53554020352,3861,32762257408
1787615597,387714336422,53173612544,3845,32717955072
1787615612,387835818191,52879769600,3880,32774811648
1787615627,387968819951,52966612992,3879,32882298880
1787615642,388048078484,52787380224,3879,32629510144
1787615657,388159274858,52916400128,3947,32860295168
1787615672,388261383427,52864966656,3947,32823971840
1787615687,388362649354,52941443072,3946,32851714048
1787615703,388463655665,53019615232,3946,32880373760
1787615718,388564342125,53035311104,3946,32845750272
1787615733,388665126683,53087801344,3946,32850485248
1787615748,388766230387,53134684160,3946,32853659648
1787615763,388868205795,53066289152,3894,32738426880
1787615778,388969896912,53117865984,3894,32741384192
1787615793,389112092979,52617306112,3965,32834916352
1787615808,389214371933,52574240768,3926,32747130880
1787615823,389353933771,52733030400,3997,32816119808
1787615838,389457167006,52814655488,4012,32843763712
1787615853,389560186705,52872134656,4012,32851288064
1787615868,389662512002,52914425856,4012,32839208960
1787615884,389765777281,52977614848,4012,32848453632
1787615899,389868032509,53062914048,4012,32878145536
1787615914,389969003867,52960354304,3960,32735371264
1787615929,390072107148,52889772032,3908,32616095744
1787615944,390217317851,52460085248,3892,32572612608
1787615959,390348953987,52220055552,4050,32801771520
1787615974,390464591228,52377645056,4047,32882806784
1787615989,390567369811,52444459008,4047,32898203648
1787616004,390671513652,52518055936,4047,32911683584
1787616019,390774485376,52574937088,4047,32913002496
1787616034,390878431465,52669956096,4014,32954150912
1787616049,390980984940,52704833536,4014,32934195200
1787616064,391083922128,52765806592,4014,32940716032
1787616080,391185645413,52872482816,4014,32994672640
1787616095,391289354957,52885524480,4014,32951496704
1787616110,391391105894,52950761472,4014,32955031552
1787616125,391493445185,53013233664,4013,32960012288
1787616140,391596489491,53048868864,4013,32963178496
1787616155,391700327905,52827475968,4013,32966918144
1787616170,391802737271,52885000192,4013,32970895360
1787616185,391906809008,52946055168,4013,32975544320
1787616200,392009189796,53007372288,4013,32979234816
1787616215,392112390426,53067321344,3980,32982396928
1787616230,392214672771,52754726912,3895,32928538624
1787616245,392344975301,52300365824,3879,32790646784
1787616260,392452847074,52594671616,3981,32904237056
1787616276,392554158305,52646420480,3980,32906964992
1787616291,392656241557,52702687232,3980,32908902400
1787616306,392758858564,52767764480,3980,32921145344
1787616321,392860344726,52862963712,3980,32963428352
1787616336,392962137470,52867702784,3980,32915914752
1787616351,393065453947,52922896384,3980,32917807104
1787616366,393166682878,53009666048,3980,32951226368
1787616381,393268051406,53030612992,3980,32923107328
1787616396,393370782363,52954857472,3928,32800940032
1787616411,393495544434,52040998912,3912,32759619584
1787616426,393602466057,52576686080,3999,32951369728
1787616441,393703994597,52609945600,4014,32926785536
1787616456,393807735266,52737822720,4014,32992555008
1787616472,393910209394,52495011840,4012,32992739328
1787616487,394013485168,52499058688,4012,32938115072
1787616502,394114883763,52556328960,4012,32941596672
1787616517,394218180322,52680523776,4012,33008885760
1787616532,394321350456,52728918016,4012,32998100992
1787616547,394424145415,52790439936,4012,33001631744
1787616562,394527051596,52848484352,4012,33003257856
1787616577,394629547552,52859449344,4012,32955482112
1787616592,394733544741,52739350528,3908,32778694656
1787616607,394875299479,52050989056,3963,32810586112
1787616622,394985812186,52505997312,4080,33037967360
1787616637,395089167016,52613136384,4080,33084928000
1787616653,395193861090,52635291648,4080,33052524544
1787616668,395297983389,52725739520,4080,33088401408
1787616683,395400873415,52817309696,4080,33123028992
1787616698,395505547531,52531208192,4086,33073033216
1787616713,395610319260,52594728960,4080,33073201152
1787616728,395715108356,52671045632,4080,33077919744
1787616743,395819526805,52738486272,4080,33081462784
1787616758,395924981116,52818206720,4080,33087115264
1787616773,396027654638,52879912960,4080,33092112384
1787616788,396132183259,52734582784,4080,33145651200
1787616803,396236637877,52704886784,4080,33099616256
1787616818,396339228509,52767481856,4080,33102856192
1787616833,396443355336,52833984512,4080,33108090880
1787616849,396547420960,52891037696,4080,33112358912
1787616864,396651903999,52950822912,4080,33115643904
1787616879,396755338456,53029416960,4080,33148964864
1787616894,396859539692,53114527744,4080,33128947712
1787616909,396964222463,52821504000,4080,33122394112
1787616924,397067791459,52880789504,4080,33122562048
1787616939,397172264064,53003710464,4080,33185046528
1787616954,397278462527,53067661312,4080,33186635776
1787616969,397382331843,53130219520,4047,33186631680
1787616984,397485633075,53192179712,4047,33186725888
1787616999,397589816181,53307432960,4047,33245523968
1787617014,397694793113,53007544320,4047,33190576128
1787617029,397797504710,53069254656,4047,33197424640
1787617045,397900358218,53129613312,4047,33200939008
1787617060,398003575215,53176479744,4047,33190682624
1787617075,398107430290,53236912128,4047,33191563264
1787617090,398210051272,53300609024,4047,33197350912
1787617105,398314021743,53294825472,4046,33133850624
1787617120,398417646739,53356277760,4046,33134006272
1787617135,398520286702,53418442752,4046,33134268416
1787617150,398630511024,53182238720,4046,33141067776
1787617165,398733328695,53285355520,4046,33188749312
1787617180,398836554130,53292986368,4046,33135181824
1787617195,398940445371,53357379584,4046,33135288320
1787617210,399043907357,53414969344,4046,33135443968
1787617226,399146946681,53407670272,3994,33075105792
1787617241,399264028115,52881727488,4065,33161949184
1787617256,399367801445,52893941760,4080,33114337280
1787617271,399470886391,53051613184,4080,33214820352
1787617286,399574260697,53065134080,4047,33178054656
1787617301,399676784455,53059465216,4047,33118261248
1787617316,399781160566,53171605504,4047,33174106112
1787617331,399884369021,53177401344,4047,33123123200
1787617346,399988070100,53284462592,4047,33171935232
1787617361,400091238914,53316984832,4047,33144643584
1787617376,400194083260,53386715136,4047,33156235264
1787617391,400297452286,53112786944,4047,33130504192
1787617406,400400799053,53173706752,4046,33132216320
1787617422,400503900467,53233037312,4046,33133821952
1787617437,400608364272,53358903296,4013,33203159040
1787617452,400710657971,53352456192,4013,33138573312
1787617467,400814335290,53412683776,4013,33140457472
1787617482,400916245026,53544316928,3979,33218576384
1787617497,401017926703,53206822912,3947,33144119296
1787617512,401117964312,53283946496,3914,33172807680
1787617527,401218558631,53187162112,3862,33028395008
1787617542,401340582419,52850720768,3846,32980303872
1787617557,401431685712,53012373504,3933,33119006720
1787617572,401533651375,53069127680,3948,33123168256
1787617587,401634015921,52811620352,3947,33125482496
1787617603,401735353300,52865519616,3947,33128857600
1787617618,401836347571,52967063552,3947,33185161216
1787617633,401936582351,52961501184,3947,33132064768
1787617648,402038923068,53016170496,3945,33133760512
1787617663,402140810429,53120946176,3945,33190350848
1787617678,402241582328,53119242240,3945,33137405952
1787617693,402343515705,53170208768,3945,33139417088
1787617708,402444306004,53099061248,3893,33018654720
1787617723,402582530148,51844247552,3877,33020186624
1787617738,402680045493,52289687552,3964,33133957120
1787617753,402782870696,52170424320,3927,32959913984
1787617768,402887270479,52107055104,3874,32842768384
1787617783,402992613450,52280041472,3945,32891772928
1787617799,403147069409,51562291200,4016,32982298624
1787617814,403250280570,51643064320,4046,32998100992
1787617829,403355142912,51753897984,4046,33043292160
1787617844,403460045040,51835637760,4046,33053478912
1787617859,403563423991,51865321472,4046,33019768832
1787617874,403665963637,51928055808,4013,33021812736
1787617889,403773707182,51882180608,3961,32905461760
1787617904,403896572001,51958095872,3945,32792006656
1787617919,403989534303,52067323904,4032,32916508672
1787617934,404092018117,52135227392,4047,32923131904
1787617949,404194080822,52198006784,4014,32927928320
1787617964,404296408752,52255240192,3981,32931393536
1787617979,404397977544,52364873728,3981,32985063424
1787617995,404499818416,52374540288,3981,32940564480
1787618010,404598996608,52423262208,3947,32943448064
1787618025,404698332048,52184809472,3947,32946966528
1787618040,404799185692,52235108352,3947,32950603776
1787618055,404898954622,52319629312,3947,32986771456
1787618070,404998949961,52392910848,3947,33009872896
1787618085,405100618767,52508430336,3947,33066704896
1787618100,405200391453,52504690688,3947,33013800960
1787618115,405299679524,52248956928,3947,33015451648
1787618130,405400644146,52215488512,3894,32929353728
1787618145,405537286436,51715813376,3878,32858791936
1787618160,405620734209,51964510208,3965,32996110336
1787618176,405721754097,51971076096,3980,32952090624
1787618191,405821364929,52044193792,3946,32974778368
1787618206,405921857142,52097982464,3946,32976748544
1787618221,406022184111,52152483840,3945,32978616320
1787618236,406123408761,51939917824,3945,33011654656
1787618251,406223268448,51973652480,3945,32983859200
1787618266,406323870571,51902275584,3893,32865796096
1787618281,406475668730,51606777856,3931,32954839040
1787618296,406576161445,51661565952,3913,32960221184
1787618311,406676526352,51588284416,3861,32839659520
1787618326,406798157579,51240202240,3812,32806178816
1787618341,406856879496,51536015360,3812,32809496576
1787618356,406919171119,50932215808,3811,32807989248
1787618372,407010295054,50902560768,3846,32845438976
1787618387,407151504385,50365808640,3932,32925667328
1787618402,407256158279,50451341312,3947,32947920896
1787618417,407356588250,50469892096,3947,32913063936
1787618432,407455383916,50527522816,3947,32920584192
1787618447,407559050228,50589605888,3914,32926511104
1787618462,407659580841,50529468416,3861,32816824320
1787618477,407758946709,50586017792,3861,32821481472
1787618492,407858154196,50634776576,3828,32825901056
1787618507,407956258536,50860122112,3899,32895565824
1787618522,408055584798,50920009728,3914,32904765440
1787618537,408154972300,50976186368,3914,32910921728
1787618552,408254741512,51029704704,3914,32915537920
1787618568,408354421593,51087929344,3914,32921604096
1787618583,408454482397,51147866112,3913,32927989760
1787618598,408562567608,50532270080,3844,32658235392
1787618613,408699549107,50543611904,3931,32745562112
1787618628,408800358574,50605477888,3945,32755187712
1787618643,408901072368,50666721280,3945,32761352192
1787618658,409001283776,50727981056,3945,32766410752
1787618673,409105298741,50805776384,3944,32776658944
1787618688,409203850627,50858029056,3911,32778305536
1787618703,409304723412,50802319360,3859,32665530368
1787618718,409459191236,50418933760,3878,32632602624
1787618733,409597398325,50289442816,3825,32908898304
1787618749,409707801997,50586746880,3912,32694026240
1787618764,409841152010,50275893248,3998,32892657664
1787618779,409943036466,50311192576,3961,32867762176
1787618794,410069463125,50423263232,3945,33062543360
1787618809,410185555912,50511982592,4047,32974929920
1787618824,410288464323,50599997440,4047,33002328064
1787618839,410392354022,50651688960,4047,32988696576
1787618854,410494911631,50783129600,4047,33058095104
1787618869,410597343946,50798034944,4047,33005223936
1787618884,410700083827,50867118080,4047,33011630080
1787618899,410801673771,50934759424,4047,33019387904
1787618914,410905143007,51006164992,4047,33027018752
1787618930,411007514924,51073216512,4046,33034780672
1787618945,411109932218,51134226432,3980,33040732160
1787618960,411211121712,51199205376,3980,33047310336
1787618975,411312406079,51265400832,3979,33055186944
1787618990,411413542476,51326083072,3947,33060978688
1787619005,411514812219,51108507648,3947,33067409408
1787619020,411617015490,51174035456,3947,33072984064
1787619035,411717389271,51229700096,3947,33074995200
1787619050,411818035823,51162038272,3895,32956309504
1787619065,411935130653,50642690048,3879,32960495616
1787619080,412047314203,50980626432,3948,33051381760
1787619095,412148597510,51043139584,3948,33053999104
1787619111,412249511556,51096870912,3948,33056075776
1787619126,412351265463,51155496960,3948,33058058240
1787619141,412451088803,51259351040,3947,33109090304
1787619156,412552795564,51300319232,3947,33096716288
1787619171,412654642392,51323576320,3947,33066725376
1787619186,412755976921,51375497216,3946,33068539904
1787619201,412858242696,51155496960,3945,33072128000
1787619216,412958325599,51295227904,3945,33159086080
1787619231,413059255940,51316514816,3945,33123340288
1787619246,413159512634,51325288448,3912,33077927936
1787619261,413260179925,50894483456,3844,32986521600
1787619276,413406256982,50661076992,3931,33046921216
1787619291,413508285923,50726273024,3946,33054396416
1787619307,413609319240,50664787968,3894,32935493632
1787619322,413736909525,50714533888,3825,33075183616
1787619337,413854449028,50864730112,3983,32997281792
1787619352,413957070903,50982408192,4013,33055764480
1787619367,414065587417,51022688256,4013,33024008192
1787619382,414167097060,51082727424,3980,33028755456
1787619397,414269611116,51189153792,3980,33075138560
1787619412,414370597597,51003174912,3979,33108455424
1787619427,414472455350,51040956416,3979,33088192512
1787619442,414573661609,50988888064,3927,32984055808
1787619457,414677026960,51072204800,3927,33008971776
1787619472,414799284939,50866028544,3878,32973459456
1787619488,414897064040,50990534656,3965,33116389376
1787619503,414997279405,51059535872,3980,33132609536
1787619518,415100063628,51150639104,3980,33158791168
1787619533,415201892091,51102003200,3927,33054019584
1787619548,415336273180,50819309568,3998,33142263808
1787619563,415439256822,50890932224,4013,33150570496
1787619578,415541284884,50958540800,4013,33155297280
1787619593,415643725779,51020701696,4013,33161469952
1787619608,415745113367,51077533696,4013,33165799424
1787619623,415847957586,51142008832,4013,33168785408
1787619638,415950185417,51080110080,3961,33049759744
1787619653,416053763309,51148374016,3961,33056763904
1787619669,416186574864,50597625856,4032,33143382016
1787619684,416291178849,50673774592,4047,33158467584
1787619699,416399425200,50777571328,4047,33176612864
1787619714,416501647153,50840485888,4047,33179627520
1787619729,416605739527,50907373568,4046,33185054720
1787619744,416708053036,51008335872,4046,33225293824
1787619759,416811589767,51086753792,4046,33239879680
1787619774,416914986105,51151441920,4046,33245822976
1787619789,417016971311,51252555776,4046,33288011776
1787619804,417120365524,51241721856,4046,33210011648
1787619819,417229848328,51321839616,4046,33215004672
1787619834,417333545123,51154452480,4046,33259130880
1787619849,417437249167,51093491712,3994,33138933760
1787619865,417581768649,50728341504,4032,33191968768
1787619880,417684553918,50833891328,4047,33235042304
1787619895,417787518021,50855903232,4047,33202622464
1787619910,417889813880,50917011456,4047,33206161408
1787619925,417993847929,50983911424,4047,33207996416
1787619940,418096346399,51054563328,4047,33210535936
1787619955,418199207281,51148529664,4047,33242992640
1787619970,418302781772,51190050816,4047,33215361024
1787619985,418405921180,51304837120,4047,33267200000
1787620000,418507794350,51316830208,4046,33219117056
1787620015,418611185392,51383762944,4046,33222995968
1787620030,418713555667,51472404480,4046,33245085696
1787620045,418816451823,51515768832,4046,33227120640
1787620061,418918345380,51578986496,4046,33229135872
1787620076,419020982346,51667177472,4046,33256116224
1787620091,419124776632,51444736000,4046,33258004480
1787620106,419227851177,51380232192,3961,33139560448
1787620121,419348335080,50979143680,3945,33160069120
1787620136,419466937118,51034980352,4032,33148375040
1787620151,419570138640,51105300480,4047,33155309568
1787620166,419673586375,51169030144,4047,33157206016
1787620181,419776392698,51267854336,4047,33193095168
1787620196,419879852051,51295424512,4014,33161588736
1787620211,419981079025,51356672000,4014,33163489280
1787620226,420084222586,51417325568,4014,33165099008
1787620242,420186754946,51484827648,4011,33166770176
1787620257,420289454853,51599282176,3980,33225322496
1787620272,420390476423,51660406784,3980,33227022336
1787620287,420492251352,51772411904,3980,33279254528
1787620302,420592979621,51728347136,3980,33176252416
1787620317,420694241329,51819147264,3980,33210171392
1787620332,420796470142,51854118912,3979,33179815936
1787620347,420899593327,51668013056,3946,33221107712
1787620362,421000884814,51613585408,3894,33116327936
1787620377,421125464425,51192479744,3878,33017303040
1787620392,421199088801,51360485376,3965,33135575040
1787620407,421300265778,51431260160,3979,33147879424
1787620423,421401307972,51491655680,3979,33149644800
1787620438,421502834709,51267522560,3979,33151078400
1787620453,421604666831,51326226432,3979,33152446464
1787620468,421707871694,51254923264,3927,33021984768
1787620483,421870371046,50724921344,3965,33132634112
1787620498,421973017447,50901999616,3980,33251418112
1787620513,422075099336,50838753280,3928,33132183552
1787620528,422176137018,50892193792,3928,33136185344
1787620543,422310094183,50572214272,3912,32955146240
1787620558,422381720171,50873802752,3999,33081188352
1787620573,422485826877,50999848960,3981,33139712000
1787620588,422588976689,51054170112,3981,33129496576
1787620604,422690622148,50843148288,3980,33132216320
1787620619,422792124313,50903912448,3980,33139650560
1787620634,422894624960,51022860288,3980,33196654592
1787620649,422995823755,51094409216,3979,33206259712
1787620664,423097299373,51073265664,3979,33127604224
1787620679,423198416028,51141152768,3985,33135927296
1787620694,423300752597,50925740032,3979,33135726592
1787620709,423402068521,50936119296,3926,33090375680
1787620724,423504681723,50969808896,3926,33066201088
1787620739,423605122858,51060146176,3926,33099472896
1787620754,423772801129,50138390528,3910,33356632064
1787620769,423902268220,49936150528,3945,33021366272
1787620784,424043068046,50074075136,4031,33117876224
1787620800,424144830143,50172932096,4046,33158488064
1787620815,424248175163,50207670272,4046,33131081728
1787620830,424350810113,50222571520,3994,33081413632
1787620845,424499174627,50322497536,3978,32978673664
1787620860,424590791184,50762190848,4065,33163923456
1787620875,424693734460,50796044288,4080,33128562688
1787620890,424797523975,50867601408,4080,33133502464
1787620905,424900821588,50943254528,4080,33138987008
1787620920,425003500523,51041738752,4080,33169760256
1787620935,425106650387,51084582912,4080,33149009920
1787620950,425210201756,51155943424,4080,33153134592
1787620965,425313654072,50950492160,4080,33157992448
1787620980,425416941583,51017830400,4080,33162448896
1787620996,425520123877,51086991360,4080,33166917632
1787621011,425624644808,51163668480,4080,33171324928
1787621026,425726141955,51231334400,4080,33178181632
1787621041,425829460149,51304443904,4080,33182154752
1787621056,425933610796,51096834048,4080,33185587200
1787621071,426036184408,51196477440,4080,33227755520
1787621086,426138936063,51227910144,4080,33189994496
1787621101,426241128599,51290660864,4080,33192017920
1787621116,426343648325,51353276416,4080,33194008576
1787621131,426446875758,51413962752,4014,33195479040
1787621146,426548780375,51474259968,4014,33195950080
1787621161,426650598716,51256180736,4013,33196625920
1787621177,426753052810,51317542912,3981,33196621824
1787621192,426853553404,51377545216,3981,33196965888
1787621207,426955108197,51434545152,3981,33197346816
1787621222,427056083417,51546902528,3981,33248239616
1787621237,427159063054,51578839040,3981,33217929216
1787621252,427259177893,51617714176,3981,33198477312
1787621267,427361839439,51676372992,3980,33199095808
1787621282,427462913341,51452289024,3980,33199271936
1787621297,427565830457,51516481536,3980,33199648768
1787621312,427666610103,51576545280,3979,33200238592
1787621327,427767577952,51635826688,3946,33200279552
1787621342,427869012245,51694370816,3946,33200357376
1787621357,427970727554,51754618880,3946,33200832512
1787621373,428073224536,51810304000,3945,33201123328
1787621388,428177321373,51371380736,3877,33227382784
1787621403,428282292571,51042959360,3877,33109573632
1787621418,428381450369,51158499328,3964,33200865280
1787621433,428483162235,51100569600,3927,33084420096
1787621448,428585629966,51163590656,3927,33087987712
1787621463,428708529122,50959704064,3998,33145339904
1787621478,428811182968,51032428544,4013,33156444160
1787621493,428914143081,51100082176,4013,33160118272
1787621508,429015714272,51098640384,3961,33096945664
1787621523,429153676261,50651631616,3912,33053159424
1787621538,429226075156,50784247808,3999,33220960256
1787621554,429331292097,50857738240,4014,33222627328
1787621569,429432943529,50901966848,4014,33206841344
1787621584,429540001851,50984136704,4013,33212346368
1787621599,429643208171,51079028736,3980,33243549696
1787621614,429744658704,51111002112,3980,33220956160
1787621629,429847697794,50960211968,3980,33277296640
1787621644,429949248906,50997858304,3980,33256275968
1787621659,430051473306,51052101632,3981,33247567872
1787621674,430153701772,51108794368,3980,33243394048
1787621689,430255408604,51173638144,3946,33249677312
1787621704,430356904729,51160207360,3894,33182744576
1787621719,430457881810,51219853312,3894,33186091008
1787621735,430601125606,50588884992,3964,33279832064
1787621750,430703586407,50661756928,3979,33289060352
1787621765,430806339783,50731212800,3979,33293815808
1787621780,430909341691,50801582080,3979,33296990208
1787621795,431014247120,50881830912,3979,33302294528
1787621810,431115861650,50694877184,3911,33215614976
1787621825,431249733530,51103281152,3998,33314549760
1787621840,431353546247,51178635264,4013,33320787968
1787621855,431455066704,51137540096,3961,33219018752
1787621870,431570170806,51007041536,4032,33315524608
1787621885,431675622467,51114086400,4047,33354629120
1787621900,431779978492,51177598976,4047,33349292032
1787621915,431883457542,51228028928,4047,33334067200
1787621931,431986220535,51294982144,4014,33338421248
1787621946,432088734185,51357097984,3947,33342640128
1787621961,432189656008,51422265344,3947,33348714496
1787621976,432291129538,51210317824,3947,33356664832
1787621991,432392793085,51266441216,3947,33361371136
1787622006,432494635523,51325816832,3947,33364652032
1787622021,432596067529,51389501440,3947,33368121344
1787622036,432698014668,51446288384,3947,33371410432
1787622051,432804297666,51394314240,3895,33254223872
1787622066,432935683887,50918707200,3846,33425039360
1787622081,433043640729,50879496192,3933,33289879552
1787622096,433144757930,50949373952,3946,33304567808
1787622111,433245832907,51006918656,3946,33307656192
1787622127,433346628979,51060183040,3946,33310752768
1787622142,433446467676,51144212480,3913,33343447040
1787622157,433552984638,51196428288,3913,33328553984
1787622172,433652655287,51248132096,3912,33328721920
1787622187,433752865294,51305361408,3912,33330814976
1787622202,433852399309,51358715904,3912,33334681600
1787622217,433953980565,51168370688,3807,33096978432
1787622232,434105992673,50299596800,3775,33079885824
1787622247,434206543910,51036377088,3949,33344077824
1787622262,434308102574,51069747200,3979,33317068800
1787622277,434410063397,51124805632,3979,33320407040
1787622292,434516902436,51071782912,3927,33203585024
1787622307,434653930319,50195927040,3911,33182679040
1787622323,434751271731,50924457984,3998,33330003968
1787622338,434853392108,50966589440,4013,33316319232
1787622353,434954970409,50909655040,3961,33205903360
1787622368,435084524358,50774724608,4032,33268023296
1787622383,435187100010,50843643904,4047,33275797504
1787622398,435290332922,50914983936,4046,33283391488
1787622413,435393165135,50976968704,4046,33289482240
1787622428,435496067928,51103903744,4046,33352491008
1787622443,435598711057,51118206976,4046,33304231936
1787622458,435702260256,50938396672,4046,33311039488
1787622473,435805081323,50983526400,4046,33317105664
1787622488,435908893522,51054964736,4046,33322995712
1787622504,436010779253,51016601600,3994,33226334208
1787622519,436137240444,50399526912,3978,33308413952
1787622534,436253908759,50707787776,4065,33296834560
1787622549,436356043978,50787655680,4080,33313972224
1787622564,436458351410,50831683584,4080,33298624512
1787622579,436560448868,50900791296,4047,33304174592
1787622594,436661790257,50967273472,4047,33306890240
1787622609,436776465269,51062001664,4014,33310547968
1787622624,436878898409,51131207680,4014,33314705408
1787622639,436981065472,51209994240,4014,33326592000
1787622654,437083613826,51265150976,4014,33320595456
1787622669,437189064783,51374202880,4014,33362354176
1787622685,437290981276,51395633152,3981,33324527616
1787622700,437391342741,51456360448,3981,33326534656
1787622715,437493323178,51246198784,3981,33328414720
1787622730,437595784386,51315732480,3980,33330077696
1787622745,437697745345,51372888064,3980,33332109312
1787622760,437798722877,51430797312,3914,33335058432
1787622775,437899572593,51483934720,3914,33337831424
1787622790,438004953678,51550179328,3914,33340284928
1787622805,438104955285,51601588224,3913,33342296064
1787622820,438205063842,51684163584,3913,33371492352
1787622835,438305582461,51327881216,3861,33238241280
1787622850,438410096752,51408396288,3861,33253580800
1787622865,438556162493,50975322112,3932,33296355328
1787622881,438664583665,51099729920,3947,33345351680
1787622896,438766172487,51173507072,3947,33364537344
1787622911,438865536474,51243892736,3946,33382170624
1787622926,438966619202,51172388864,3893,33261137920
1787622941,439081533345,51062411264,3877,33219813376
1787622956,439182299404,51298570240,3964,33396305920
1787622971,439283566642,51359576064,3979,33400078336
1787622986,439386178794,51424407552,3946,33404391424
1787623001,439487772261,51507732480,3946,33426472960
1787623016,439588955634,51557203968,3945,33416396800
1787623031,439691684980,51503443968,3893,33306861568
1787623046,439813459121,50905448448,3877,33281740800
1787623062,439929157817,50991177728,3911,33417420800
1787623077,440048401183,51140419584,3998,33400922112
1787623092,440150150378,51186950144,4013,33383305216
1787623107,440252792062,51265519616,4013,33395372032
1787623122,440362297781,51354214400,3980,33405702144
1787623137,440464243051,51060826112,3928,33322844160
1787623152,440603581650,50888912896,3999,33384456192
1787623167,440707621849,50960146432,4014,33394651136
1787623182,440810643104,51028443136,4014,33402396672
1787623197,440914138216,51129819136,4014,33443110912
1787623212,441016273534,51169943552,4014,33421639680
1787623227,441119363639,51264450560,4013,33456734208
1787623242,441222446165,51338264576,3980,33473581056
1787623258,441325426265,51367079936,3980,33443717120
1787623273,441426802982,51430887424,3979,33448677376
1787623288,441528228726,51493625856,3979,33454342144
1787623303,441630393906,51562991616,3979,33469710336
1787623318,441732201818,51348287488,3979,33465323520
1787623333,441833367044,51408019456,3979,33470251008
1787623348,441935752969,51340918784,3927,33348997120
1787623363,442079042153,50849935360,3910,33575956480
1787623378,442204278013,50586267648,3980,33429397504
1787623393,442306862502,50526679040,3928,33313886208
1787623408,442459570841,50325639168,3999,33375760384
1787623423,442562486102,50389614592,4014,33383215104
1787623439,442671430999,50480783360,4014,33401618432
1787623454,442773322641,50545688576,4014,33405108224
1787623469,442877017024,50607677440,4014,33408831488
1787623484,442979751509,50672971776,3980,33412235264
1787623499,443082163815,50736918528,3980,33416835072
1787623514,443185089020,50796503040,3980,33420005376
1787623529,443287595899,50857906176,3980,33423241216
1787623544,443391187064,50997436416,3980,33514295296
1787623559,443492972470,50979598336,3980,33429565440
1787623574,443596158512,51040481280,3980,33433034752
1787623589,443698767101,51100340224,3980,33434656768
1787623604,443800930554,51031429120,3928,33308049408
1787623620,443913671494,51191017472,3998,33379463168
1787623635,444024193523,51291107328,4013,33400328192
1787623650,444127949958,51412631552,3980,33463242752
1787623665,444229436457,51408347136,3980,33407696896
1787623680,444332072996,51500908544,3948,33445740544
1787623695,444432850552,51517394944,3947,33411239936
1787623710,444534921268,51575746560,3947,33413169152
1787623725,444636917458,51532263424,3894,33316585472
1787623740,444739044956,51592036352,3861,33320202240
1787623755,444878423903,51192557568,3932,33413763072
1787623770,444979020844,51256078336,3947,33418760192
1787623785,445081604049,51350642688,3947,33459007488
1787623800,445182574554,51411464192,3946,33465630720
1787623816,445282523457,51426693120,3945,33430507520
1787623831,445385411931,51521597440,3945,33468690432
1787623846,445485938961,51426041856,3893,33319579648
1787623861,445633053156,51265863680,3931,33363582976
1787623876,445735036373,51401039872,3946,33438617600
1787623891,445837135007,51469103104,3946,33443119104
1787623906,445939186790,51533623296,3946,33445957632
1787623921,446040059842,51477323776,3894,33329336320
1787623936,446198412615,51175370752,3965,33473294336
1787623951,446300388555,51167305728,3928,33401159680
1787623966,446442974100,51248406528,3999,33462325248
1787623981,446546044364,51375030272,4013,33527934976
1787623997,446649283011,51445116928,4013,33535442944
1787624012,446753825070,51526639616,4013,33548345344
1787624027,446855616515,51579613184,4013,33542160384
1787624042,446958471193,51379003392,4013,33556033536
1787624057,447066839014,51468853248,4013,33567875072
1787624072,447169575132,51535663104,4013,33572274176
1787624087,447273122997,51631276032,4013,33606623232
1787624102,447375048499,51549732864,3960,33462284288
1787624117,447510649949,51123195904,4031,33508118528
1787624132,447614888990,51177918464,4046,33489952768
1787624147,447723938623,51276025856,4046,33509597184
1787624162,447828195662,51347648512,4046,33512869888
1787624177,447931800328,51419697152,4046,33517830144
1787624193,448035787642,51489525760,4046,33522491392
1787624208,448139349864,51434266624,3994,33406980096
1787624223,448242089133,51504332800,3994,33410129920
1787624238,448407989299,50689638400,3978,33500553216
1787624253,448509424015,51237675008,4065,33547640832
1787624268,448613390504,51319709696,4080,33563054080
1787624283,448718685026,51393449984,4080,33567694848
1787624298,448822132697,51462336512,4080,33569820672
1787624313,448926491386,51529363456,4080,33571282944
1787624328,449035785016,51648401408,4080,33612017664
1787624343,449139870660,51679703040,4080,33574633472
1787624358,449244377783,51479089152,4080,33576079360
1787624373,449349122944,51549638656,4080,33577697280
1787624389,449453007302,51622019072,4080,33581506560
1787624404,449557612640,51693903872,4080,33583403008
1787624419,449662305524,51760226304,4080,33585242112
1787624434,449766480217,51828137984,4080,33587224576
1787624449,449871334392,51900968960,4080,33589649408
1787624464,449979826333,51697500160,4080,33597587456
1787624479,450084699725,51766910976,4080,33597988864
1787624494,450188070091,51830599680,4080,33598189568
1787624509,450292237087,51893321728,4047,33598668800
1787624524,450394655314,51958972416,4047,33600987136
1787624539,450498892752,52023742464,4047,33601413120
1787624554,450603332097,51811885056,4047,33601929216
1787624570,450707739617,51878166528,4047,33602269184
1787624585,450811996105,51947245568,4047,33602322432
1787624600,450915136374,52053544960,4047,33644675072
1787624615,451017845937,52075851776,4047,33602805760
1787624630,451120544335,52139241472,4047,33603403776
1787624645,451224924370,52203880448,4047,33603883008
1787624660,451328180115,51988320256,4053,33606877184
1787624675,451430694762,52048605184,4047,33604444160
1787624690,451533571858,52119224320,4014,33614479360
1787624705,451636838789,52180418560,4014,33614716928
1787624720,451738938231,52232060928,4014,33604894720
1787624735,451841392419,52294664192,4013,33605062656
1787624750,451945376039,52362342400,4013,33605783552
1787624766,452048551897,52145393664,4013,33606184960
1787624781,452151751223,52209278976,4013,33606610944
1787624796,452256068684,52271587328,4013,33606967296
1787624811,452360741094,52333658112,3980,33607102464
1787624826,452463373588,52395409408,3979,33607766016
1787624841,452566671786,52450603008,3979,33608192000
1787624856,452668634966,52406407168,3927,33512824832
1787624871,452790898336,51898515456,3911,33496408064
1787624886,452887470281,52062720000,3998,33608388608
1787624901,452990436727,52130381824,3980,33619054592
1787624916,453091999667,52146597888,3980,33576210432
1787624931,453194602659,52214263808,3980,33579577344
1787624947,453298443497,52150198272,3928,33456246784
1787624962,453437646284,51314348032,3999,33524400128
1787624977,453551958358,51543613440,3981,33627328512
1787624992,453654713335,51610038272,3981,33630179328
1787625007,453757416906,51674968064,3981,33633714176
1787625022,453857679160,51712090112,3981,33614524416
1787625037,453961596014,51789733888,3948,33629954048
1787625052,454064121233,51844583424,3946,33620881408
1787625067,454163763764,51925016576,3946,33643073536
1787625082,454265619015,51990683648,3946,33647820800
1787625097,454367972814,52153057280,3946,33758248960
1787625112,454470202828,52108165120,3945,33652486144
1787625127,454571489801,52145565696,3912,33641107456
1787625143,454672269151,52249767936,3912,33692782592
1787625158,454773999876,52154384384,3860,33543491584
1787625173,454875038140,52147900416,3807,33487147008
1787625188,454983088472,51667046400,3791,33425121280
1787625203,455083237805,51455795200,3949,33612058624
1787625218,455185502200,51600998400,3946,33693913088
1787625233,455287151651,51713798144,3945,33744764928
1787625248,455389700899,51652268032,3861,33620541440
1787625263,455526798755,51058991104,3932,33728688128
1787625278,455630628377,51231707136,3947,33825849344
1787625293,455732265675,51219734528,3947,33751801856
1787625308,455833626575,51288621056,3947,33756475392
1787625324,455936060180,51232280576,3895,33636823040
1787625339,456094618861,50887122944,3933,33785798656
1787625354,456197914094,50980474880,3948,33805778944
1787625369,456299566992,51045810176,3947,33805631488
1787625384,456401659601,51156885504,3947,33854824448
1787625399,456504583288,51186327552,3946,33819447296
1787625414,456605545727,51249303552,3913,33825406976
1787625429,456706288322,51318226944,3880,33831739392
1787625444,456806440379,51383197696,3847,33839947776
1787625459,456907529997,51480117248,3847,33875632128
1787625474,457007424674,51384258560,3795,33722601472
1787625489,457140821568,50991570944,3778,33800359936
1787625505,457265987004,51276394496,3865,33807863808
1787625520,457367048847,51267751936,3828,33736249344
1787625535,457502964740,51171819520,3899,33789476864
1787625550,457605081523,51246669824,3913,33795756032
1787625565,457709272339,51298717696,3913,33768136704
1787625580,457809437218,51368329216,3913,33772744704
1787625595,457915229449,51329536000,3860,33658482688
1787625610,458016000075,51399712768,3860,33661923328
1787625625,458153910943,51022635008,3931,33828458496
1787625640,458256443278,51067265024,3947,33807589376
1787625655,458358703785,51131199488,3946,33803362304
1787625670,458460644207,50823757824,3877,33684320256
1787625685,458587145138,51305123840,3964,33770246144
1787625701,458690164707,51386523648,3978,33783857152
1787625716,458793577914,51266347008,3910,33834536960
1787625731,458906977348,51305086976,3910,33636368384
1787625746,459065899726,51273355264,3997,33941213184
1787625761,459171257227,51484131328,4012,34076958720
1787625776,459277813618,51418169344,3960,33929986048
1787625791,459382973265,51548397568,3960,33986846720
1787625806,459528045615,50724122624,3944,34073653248
1787625821,459639889461,50640338944,3892,33901637632
1787625836,459767884272,50512105472,3876,33883721728
1787625851,459876992762,50607841280,3876,33893429248
1787625866,459984103529,50705149952,3876,33905836032
1787625882,460091708900,50798489600,3876,33915322368
1787625897,460201765138,50895409152,3876,33929625600
1787625912,460308887904,51021107200,3876,33969803264
1787625927,460416770866,51110187008,3876,33973145600
1787625942,460523437874,51177897984,3876,33955246080
1787625957,460634450919,51277922304,3843,33961984000
1787625972,460742350353,51402485760,3843,34004905984
1787625987,460847847566,51457351680,3843,33982402560
1787626002,460954151344,51533721600,3810,33982558208
1787626017,461059720468,51613974528,3810,33983746048
1787626032,461165331465,51690463232,3810,33984864256
1787626047,461271758616,51764936704,3810,33985445888
1787626062,461376689156,51841658880,3810,33985781760
1787626078,461481920359,51917414400,3777,33985966080
1787626093,461585863402,51988172800,3777,33986289664
1787626108,461691062711,52060352512,3777,33986854912
1787626123,461795394407,51850698752,3777,33987059712
1787626138,461899598959,51919835136,3777,33987227648
1787626153,462004655260,51989053440,3777,33988014080
1787626168,462110082911,52064628736,3777,33988337664
1787626183,462217628707,52129796096,3776,33989787648
1787626198,462321144919,52192321536,3776,33990119424
1787626213,462427013477,51982831616,3775,33990807552
1787626228,462532738101,52085989376,3774,34021502976
1787626243,462636960082,52122206208,3774,33992155136
1787626259,462745051205,52202713088,3774,33992966144
1787626274,462850238479,52267618304,3774,33993453568
1787626289,462954617506,52339372032,3774,33993707520
1787626304,463060515686,52294774784,3722,33875709952
1787626319,463181479514,51807657984,3706,33822564352
1787626334,463312863621,51366412288,3553,33772892160
1787626349,463488408560,50657439744,3504,33551261696
1787626364,463594440835,50736771072,3504,33552556032
1787626379,463702941765,50853789696,3504,33587933184
1787626394,463808843844,50897186816,3504,33553432576
1787626409,463920237917,51004915712,3504,33555091456
1787626424,464026533648,51082592256,3504,33555636224
1787626440,464131287211,51152523264,3504,33557229568
1787626455,464236874446,51228565504,3504,33558147072
1787626470,464343690588,51295600640,3470,33558708224
1787626485,464447221185,51363147776,3437,33559126016
1787626500,464551373066,51434885120,3437,33559740416
1787626515,464657229675,51498561536,3437,33560526848
1787626530,464760486646,51598163968,3437,33595949056
1787626545,464867653488,51634110464,3437,33561587712
1787626560,464970038366,51567562752,3384,33441767424
1787626575,465105473905,51348889600,3368,33440616448
1787626590,465211855153,51424186368,3368,33448849408
1787626605,465314762598,51531014144,3367,33491075072
1787626621,465419390790,51560448000,3367,33451913216
1787626636,465525577826,51628269568,3367,33452130304
1787626651,465629245022,51565928448,3321,33329905664
1787626666,465748762944,51358564352,3298,33335861248
1787626681,465853855447,51411513344,3298,33326362624
1787626696,465961963377,51358203904,3246,33207627776
1787626711,466112772058,50856034304,3230,33231917056
1787626726,466219588053,50927697920,3230,33232031744
1787626741,466327966649,50989449216,3230,33232318464
1787626756,466434866001,50932502528,3178,33112186880
1787626771,466568212604,50689847296,3129,33110609920
1787626786,466677788233,50753892352,3129,33111138304
1787626801,466783486805,50816565248,3129,33111420928
1787626817,466892551259,50879729664,3129,33111601152
1787626832,466999129344,50939826176,3129,33112313856
1787626847,467107748123,51031666688,3129,33139879936
1787626862,467213198129,51066019840,3129,33112842240
1787626877,467319824686,51117350912,3096,33113604096
1787626892,467427474443,51176448000,3096,33114202112
1787626907,467530091355,51226583040,3030,33114005504
1787626922,467636977717,51277852672,3030,33115205632
1787626937,467740366563,51344629760,3029,33135349760
1787626952,467846294973,51377864704,3029,33115660288
1787626967,467951184633,51430535168,3028,33116463104
1787626982,468055347254,51481493504,2994,33116467200
1787626998,468159462418,51517816832,2962,33116536832
1787627013,468260195006,51553316864,2962,33116798976
1787627028,468364030697,51523452928,2910,33044942848
1787627043,468505119458,51218706432,2894,33027833856
1787627058,468609945954,51139760128,2809,32910516224
1787627073,468755980894,50486239232,2792,32862474240
1787627088,468857099657,50519879680,2791,32852668416
1787627103,468960718823,50570911744,2790,32852729856
1787627118,469065485953,50616766464,2790,32853200896
1787627133,469165995069,50657828864,2790,32853270528
1787627148,469269392523,50576191488,2737,32731422720
1787627163,469404441170,49979314176,2617,32495603712
1787627178,469555821352,48433057792,2585,32398508032
1787627194,469661832485,48443453440,2585,32361426944
1787627209,469766733832,48361865216,2532,32240926720
1787627224,469895198735,48055595008,2516,32271802368
1787627239,470000241097,48059219968,2516,32239738880
1787627254,470105937733,48100274176,2514,32240635904
1787627269,470211360746,48129724416,2483,32240574464
1787627284,470339896392,47698432000,2415,32081203200
1787627299,470446166516,47704465408,2415,32054034432
1787627314,470551982595,47728975872,2415,32054550528
1787627329,470658147520,47747026944,2382,32054484992
1787627344,470761844499,47766659072,2381,32054624256
1787627359,470866084464,47787986944,2381,32054870016
1787627375,470971136562,47808528384,2381,32055103488
1787627390,471077290872,47700021248,2329,31932506112
1787627405,471250823674,46926946304,2313,31930916864
1787627420,471356528236,46947086336,2313,31930945536
1787627435,471463974480,46964912128,2312,31930994688
1787627450,471570110324,46979145728,2246,31931629568
1787627465,471676086766,46993420288,2246,31933288448
1787627480,471780001162,47008645120,2246,31933337600
1787627495,471886655474,46939959296,2194,31851753472
1787627510,472068019779,46511828992,2178,31859494912
1787627525,472175653075,46525378560,2145,31859396608
1787627540,472283319893,46543880192,2145,31859703808
1787627555,472387008822,46558740480,2143,31860813824
1787627571,472493408005,46575693824,2143,31861628928
1787627586,472598083062,46593245184,2143,31861960704
1787627601,472708823046,46485389312,2090,31744151552
1787627616,472860615297,45569310720,2006,31678402560
1787627631,472971085233,45475692544,1955,31568261120
1787627646,473107137593,44652515328,1938,31536427008
1787627661,473217306864,44674580480,1938,31536594944
1787627676,473327519290,44696068096,1938,31536906240
1787627691,473436855793,44714950656,1938,31537057792
1787627706,473543902945,44734300160,1905,31537184768
1787627721,473652598627,44755673088,1905,31537291264
1787627736,473760701351,44768702464,1905,31537348608
1787627751,473869300876,44783779840,1904,31537729536
1787627767,473978038658,44808773632,1904,31539015680
1787627782,474090763336,44823302144,1904,31539544064
1787627797,474229011759,43930902528,1770,31419785216
1787627812,474341451001,43936976896,1770,31420342272
1787627827,474450143501,43942473728,1770,31420973056
1787627842,474561232176,43947143168,1768,31421231104
1787627857,474671069596,43953967104,1768,31422054400
1787627872,474779957486,42682347520,1700,31315619840
1787627887,475022460487,41627934720,1632,31161536512
1787627902,475136106276,41635004416,1632,31161810944
1787627917,475254220975,41641508864,1632,31162335232
1787627932,475368359228,41649389568,1632,31162458112
1787627947,475483881206,41655422976,1632,31162834944
1787627963,475603309392,41662398464,1599,31162744832
1787627978,475713836474,41669009408,1599,31162806272
1787627993,475823810881,41676496896,1598,31162892288
1787628008,475935829730,41681838080,1598,31162970112
1787628023,476051556915,41566388224,1546,31042912256
1787628038,476188595077,40536776704,1530,31066468352
1787628053,476306308751,40544481280,1530,31066472448
1787628068,476421470397,40550752256,1530,31066595328
1787628083,476538131329,40560652288,1530,31066685440
1787628098,476651822870,40568717312,1530,31067922432
1787628113,476763815174,40572534784,1464,31067537408
1787628128,476872471750,40578154496,1431,31067332608
1787628143,476979330804,40585658368,1430,31067365376
1787628159,477085707086,40594382848,1429,31067365376
1787628174,477218388379,39427452928,1360,30949896192
1787628189,477375321296,38098341888,1240,30681223168
1787628204,477518716320,37039235072,1191,30679412736
1787628219,477636661457,37052637184,1190,30679412736
1787628234,477800062135,36037238784,1122,30822293504
1787628249,477945197574,35759112192,1122,30586335232
1787628264,478078600859,35772817408,1089,30586318848
1787628279,478205746091,35775246336,1088,30588264448
1787628294,478373329984,34759602176,1020,30377893888
1787628309,478563341308,34759364608,1020,30378422272
1787628324,478707680154,34759643136,1020,30378426368
1787628340,478841865283,34758742016,987,30378393600
1787628355,478981055601,33921904640,885,30360649728
1787628370,479146338970,31135330304,816,29856677888
1787628385,479165120385,31135215616,816,29856681984
1787628400,479183870246,31134785536,816,29856681984
1787628415,479202667011,31134420992,816,29856677888
1787628430,479221427470,31134220288,816,29856669696
1787628445,479240226095,31134289920,816,29856673792
1787628460,479258998677,31134253056,816,29856681984
1787628475,479277793629,31134679040,816,29856673792
1787628490,479296622682,31134060544,816,29856681984
1787628505,479315364653,31134306304,816,29856677888
1787628520,479334233827,31134064640,816,29856681984
1787628535,479352934135,31133827072,816,29856681984
1787628551,479371810378,31134613504,816,29856677888
1787628566,479390493999,31134019584,816,29856677888
1787628581,479409380694,31134257152,816,29856677888
1787628596,479428075328,31133945856,816,29856681984
1787628611,479446954943,31134908416,816,29856673792
1787628626,479465620319,31134257152,816,29856681984
1787628641,479484397507,31133790208,816,29856677888
1787628656,479503172953,31134191616,816,29856677888
1787628671,479521912906,31134277632,816,29856677888
1787628686,479540718963,31134355456,816,29856677888
1787628701,479559419032,31133863936,816,29856673792
1787628716,479578243562,31133745152,816,29856677888
1787628731,479596918318,31134638080,816,29856673792
1787628746,479615761558,31134261248,816,29856677888
1787628762,479634427939,31134265344,816,29856673792
1787628777,479653304248,31133937664,816,29856686080
1787628792,479672008155,31134732288,816,29856686080
1787628807,479690875026,31134371840,816,29856686080
1787628822,479709560347,31134720000,816,29856673792
1787628837,479728437401,31134498816,816,29856677888
1787628852,479747152225,31134224384,816,29856673792
1787628867,479766001007,31133966336,816,29856677888
1787628882,479784736589,31134228480,816,29856677888
1787628897,479803521615,31134052352,816,29856677888
1787628912,479822305354,31134158848,816,29856677888
1787628927,479841058774,31134138368,816,29856673792
1787628942,479859839469,31134007296,816,29856673792
1787628957,479878575318,31133847552,816,29856669696
1787628973,479897356660,31134031872,816,29856677888
1787628988,479916104152,31134367744,816,29856677888
1787629003,479934886344,31134310400,816,29856681984
1787629018,479953647570,31133749248,816,29856686080
1787629033,479972441538,31133970432,816,29856681984
1787629048,479991211757,31133929472,816,29856677888
1787629063,480009968109,31133941760,816,29856677888
1787629078,480028787156,31134490624,816,29856686080
1787629093,480047503992,31133904896,816,29856681984
1787629108,480066342261,31134093312,816,29856673792
1787629123,480085028551,31134023680,816,29856677888
1787629138,480103902984,31134810112,816,29856677888
1787629153,480122588733,31134228480,816,29856677888
1787629168,480141460809,31134064640,816,29856681984
1787629184,480160134787,31134183424,816,29856677888
1787629199,480178995472,31134187520,816,29856677888
1787629214,480197664107,31134228480,816,29856681984
1787629229,480216510630,31134081024,816,29856673792
1787629244,480235171468,31134248960,816,29856669696
1787629259,480254005493,31134314496,816,29856677888
1787629274,480272709735,31133978624,816,29856677888
1787629289,480291514150,31135039488,816,29856681984
1787629304,480310258905,31134199808,816,29856677888
1787629319,480329033724,31134457856,816,29856677888
1787629334,480347808212,31133978624,816,29856681984
1787629349,480366568421,31133884416,816,29856673792
1787629364,480385359491,31133954048,816,29856677888
1787629379,480404125993,31134003200,816,29856677888
1787629394,480422919775,31134502912,816,29856681984
1787629410,480441689209,31134699520,816,29856677888
1787629425,480460482144,31133999104,816,29856677888
1787629440,480479242634,31134224384,816,29856681984
1787629455,480498020780,31134339072,816,29856677888
1787629470,480516794993,31133900800,816,29856686080
1787629485,480535563275,31133884416,816,29856686080
1787629500,480554343576,31134629888,816,29856677888
1787629515,480573063571,31134257152,816,29856673792
1787629530,480591885488,31134023680,816,29856677888
1787629545,480610570424,31134105600,816,29856677888
1787629560,480629417592,31134150656,816,29856677888
1787629575,480648084145,31134392320,816,29856673792
1787629590,480666942977,31134081024,816,29856681984
1787629605,480685628782,31134302208,816,29856677888
1787629621,480704507832,31134019584,816,29856681984
1787629636,480723209512,31133978624,816,29856686080
1787629651,480742080551,31134392320,816,29856669696
1787629666,480760779213,31134269440,816,29856677888
1787629681,480779651967,31134126080,816,29856677888
1787629696,480798360427,31133716480,816,29856677888
1787629711,480817229011,31134220288,816,29856673792
1787629726,480835983407,31134072832,816,29856530432
1787629741,480854800788,31134101504,816,29856677888
1787629756,480873580653,31134498816,816,29856681984
1787629771,480892352724,31133900800,816,29856677888
1787629786,480911150185,31134646272,816,29856677888
1787629801,480929921383,31134199808,816,29856681984
1787629816,480948719028,31134150656,816,29856677888
1787629832,480967409413,31134543872,816,29856681984
1787629847,480986296928,31134535680,816,29856686080
1787629862,481004988242,31134007296,816,29856677888
1787629877,481023863734,31134019584,816,29856677888
1787629892,481042552965,31134711808,816,29856673792
1787629907,481061430466,31133691904,816,29856677888
1787629922,481080177990,31133822976,816,29856681984
1787629937,481099023589,31134003200,816,29856677888
1787629952,481117817399,31134273536,816,29856686080
1787629967,481136616817,31133839360,816,29856677888
1787629982,481155419514,31134457856,816,29856681984
1787629997,481174193079,31134162944,816,29856677888
1787630012,481192978972,31134445568,816,29856673792
1787630027,481211730204,31133913088,816,29856677888
1787630043,481230525582,31134027776,816,29856673792
1787630058,481249276515,31133937664,816,29856681984
1787630073,481268064172,31134085120,816,29856681984
1787630088,481286833490,31134588928,816,29856673792
1787630103,481305593745,31134732288,816,29856686080
1787630118,481324391727,31133970432,816,29856677888
1787630133,481343114961,31134007296,816,29856677888
1787630148,481361947252,31133786112,816,29856677888
1787630163,481380631211,31134126080,816,29856681984
1787630178,481399475902,31134285824,816,29856677888
1787630193,481418142993,31134232576,816,29856677888
1787630208,481437004411,31134285824,816,29856686080
1787630223,481455679530,31134711808,816,29856669696
1787630238,481474536666,31134273536,816,29856677888
1787630253,481493201495,31134306304,816,29856681984
1787630269,481512075948,31134228480,816,29856681984
1787630284,481530748350,31133937664,816,29856681984
1787630299,481549610899,31133945856,816,29856677888
1787630314,481568317650,31134666752,816,29856673792
1787630329,481587148717,31134404608,816,29856673792
1787630344,481605892075,31134670848,816,29856681984
1787630359,481624677915,31133745152,816,29856677888
1787630374,481643443944,31133700096,816,29856677888
1787630389,481662188493,31134162944,816,29856673792
1787630404,481680950600,31134380032,816,29856681984
1787630419,481699680755,31133671424,816,29856681984
1787630434,481718445695,31134064640,816,29856681984
1787630449,481737166365,31133958144,816,29856677888
1787630464,481755928517,31134142464,816,29856681984
1787630480,481774653873,31134253056,816,29856681984
