== 1787726726
1 104860 ./engine /opt/rocketride/engine/ai/eaas.py --host=0.0.0.0 --
627  
639  
== 1787726786
1 112712 ./engine /opt/rocketride/engine/ai/eaas.py --host=0.0.0.0 --
679 129180 /opt/rocketride/engine/engine /opt/rocketride/engine/ai/node
861 56568 /opt/rocketride/engine/bin/uv pip install -r /opt/rocketride
== 1787726846
1 112712 ./engine /opt/rocketride/engine/ai/eaas.py --host=0.0.0.0 --
1223 69916 /opt/rocketride/engine/bin/uv pip install -r /opt/rocketride
679 1215932 /opt/rocketride/engine/engine /opt/rocketride/engine/ai/node
== 1787726906
1 112724 ./engine /opt/rocketride/engine/ai/eaas.py --host=0.0.0.0 --
1592 1320944 /opt/rocketride/engine/engine /opt/rocketride/engine/ai/node
1962 1320080 /opt/rocketride/engine/engine /opt/rocketride/engine/ai/node
2353 1320316 /opt/rocketride/engine/engine /opt/rocketride/engine/ai/node
2800 1320852 /opt/rocketride/engine/engine /opt/rocketride/engine/ai/node
3277 1320632 /opt/rocketride/engine/engine /opt/rocketride/engine/ai/node
3805 1238532 /opt/rocketride/engine/engine /opt/rocketride/engine/ai/node
679 1334944 /opt/rocketride/engine/engine /opt/rocketride/engine/ai/node
== 1787726966
1 142164 ./engine /opt/rocketride/engine/ai/eaas.py --host=0.0.0.0 --
1592 1580324 /opt/rocketride/engine/engine /opt/rocketride/engine/ai/node
1962 1578316 /opt/rocketride/engine/engine /opt/rocketride/engine/ai/node
2353 1539524 /opt/rocketride/engine/engine /opt/rocketride/engine/ai/node
2800 1555728 /opt/rocketride/engine/engine /opt/rocketride/engine/ai/node
3277 1571436 /opt/rocketride/engine/engine /opt/rocketride/engine/ai/node
3805 1537216 /opt/rocketride/engine/engine /opt/rocketride/engine/ai/node
4443 1574300 /opt/rocketride/engine/engine /opt/rocketride/engine/ai/node
5157 58396 /opt/rocketride/engine/lib/python3.12/site-packages/imageio_
5259 58292 /opt/rocketride/engine/lib/python3.12/site-packages/imageio_
5347 58836 /opt/rocketride/engine/lib/python3.12/site-packages/imageio_
5440 58152 /opt/rocketride/engine/lib/python3.12/site-packages/imageio_
5531 58488 /opt/rocketride/engine/lib/python3.12/site-packages/imageio_
5621 57100 /opt/rocketride/engine/lib/python3.12/site-packages/imageio_
5712 58648 /opt/rocketride/engine/lib/python3.12/site-packages/imageio_
5808 55124 /opt/rocketride/engine/lib/python3.12/site-packages/imageio_
5896 57796 /opt/rocketride/engine/lib/python3.12/site-packages/imageio_
5990 57648 /opt/rocketride/engine/lib/python3.12/site-packages/imageio_
6044 54444 /opt/rocketride/engine/lib/python3.12/site-packages/imageio_
6168 55816 /opt/rocketride/engine/lib/python3.12/site-packages/imageio_
6258 53800 /opt/rocketride/engine/lib/python3.12/site-packages/imageio_
6350 55128 /opt/rocketride/engine/lib/python3.12/site-packages/imageio_
6437 54608 /opt/rocketride/engine/lib/python3.12/site-packages/imageio_
6527 53796 /opt/rocketride/engine/lib/python3.12/site-packages/imageio_
679 1603088 /opt/rocketride/engine/engine /opt/rocketride/engine/ai/node
== 1787727026
1 142164 ./engine /opt/rocketride/engine/ai/eaas.py --host=0.0.0.0 --
1592 1657896 /opt/rocketride/engine/engine /opt/rocketride/engine/ai/node
1962 1550748 /opt/rocketride/engine/engine /opt/rocketride/engine/ai/node
2353 1498468 /opt/rocketride/engine/engine /opt/rocketride/engine/ai/node
2800 1625924 /opt/rocketride/engine/engine /opt/rocketride/engine/ai/node
3277 1564184 /opt/rocketride/engine/engine /opt/rocketride/engine/ai/node
3805 1556540 /opt/rocketride/engine/engine /opt/rocketride/engine/ai/node
4443 1574192 /opt/rocketride/engine/engine /opt/rocketride/engine/ai/node
5157 58968 /opt/rocketride/engine/lib/python3.12/site-packages/imageio_
5259 58940 /opt/rocketride/engine/lib/python3.12/site-packages/imageio_
5347 58896 /opt/rocketride/engine/lib/python3.12/site-packages/imageio_
5440 58932 /opt/rocketride/engine/lib/python3.12/site-packages/imageio_
5531 58856 /opt/rocketride/engine/lib/python3.12/site-packages/imageio_
5621 58904 /opt/rocketride/engine/lib/python3.12/site-packages/imageio_
5712 58852 /opt/rocketride/engine/lib/python3.12/site-packages/imageio_
5808 58908 /opt/rocketride/engine/lib/python3.12/site-packages/imageio_
5896 58852 /opt/rocketride/engine/lib/python3.12/site-packages/imageio_
5990 58844 /opt/rocketride/engine/lib/python3.12/site-packages/imageio_
6044 58900 /opt/rocketride/engine/lib/python3.12/site-packages/imageio_
6168 58844 /opt/rocketride/engine/lib/python3.12/site-packages/imageio_
6258 58896 /opt/rocketride/engine/lib/python3.12/site-packages/imageio_
6350 58852 /opt/rocketride/engine/lib/python3.12/site-packages/imageio_
6437 58912 /opt/rocketride/engine/lib/python3.12/site-packages/imageio_
6527 58916 /opt/rocketride/engine/lib/python3.12/site-packages/imageio_
679 1650588 /opt/rocketride/engine/engine /opt/rocketride/engine/ai/node
== 1787727087
1 142164 ./engine /opt/rocketride/engine/ai/eaas.py --host=0.0.0.0 --
1592 1541536 /opt/rocketride/engine/engine /opt/rocketride/engine/ai/node
1962 1562620 /opt/rocketride/engine/engine /opt/rocketride/engine/ai/node
2353 1498472 /opt/rocketride/engine/engine /opt/rocketride/engine/ai/node
2800 1555728 /opt/rocketride/engine/engine /opt/rocketride/engine/ai/node
3277 1554356 /opt/rocketride/engine/engine /opt/rocketride/engine/ai/node
3805 1544524 /opt/rocketride/engine/engine /opt/rocketride/engine/ai/node
4443 1590284 /opt/rocketride/engine/engine /opt/rocketride/engine/ai/node
5157 59064 /opt/rocketride/engine/lib/python3.12/site-packages/imageio_
5259 59356 /opt/rocketride/engine/lib/python3.12/site-packages/imageio_
5347 59068 /opt/rocketride/engine/lib/python3.12/site-packages/imageio_
5440 59344 /opt/rocketride/engine/lib/python3.12/site-packages/imageio_
5531 59048 /opt/rocketride/engine/lib/python3.12/site-packages/imageio_
5621 59336 /opt/rocketride/engine/lib/python3.12/site-packages/imageio_
5712 59044 /opt/rocketride/engine/lib/python3.12/site-packages/imageio_
5808 59328 /opt/rocketride/engine/lib/python3.12/site-packages/imageio_
5896 59024 /opt/rocketride/engine/lib/python3.12/site-packages/imageio_
5990 59036 /opt/rocketride/engine/lib/python3.12/site-packages/imageio_
6044 59336 /opt/rocketride/engine/lib/python3.12/site-packages/imageio_
6168 59028 /opt/rocketride/engine/lib/python3.12/site-packages/imageio_
6258 59292 /opt/rocketride/engine/lib/python3.12/site-packages/imageio_
6350 59040 /opt/rocketride/engine/lib/python3.12/site-packages/imageio_
6437 59316 /opt/rocketride/engine/lib/python3.12/site-packages/imageio_
6527 59304 /opt/rocketride/engine/lib/python3.12/site-packages/imageio_
679 1621496 /opt/rocketride/engine/engine /opt/rocketride/engine/ai/node
== 1787727147
1 142500 ./engine /opt/rocketride/engine/ai/eaas.py --host=0.0.0.0 --
1592 2199888 /opt/rocketride/engine/engine /opt/rocketride/engine/ai/node
1962 1572440 /opt/rocketride/engine/engine /opt/rocketride/engine/ai/node
2353 1866824 /opt/rocketride/engine/engine /opt/rocketride/engine/ai/node
2800 1546064 /opt/rocketride/engine/engine /opt/rocketride/engine/ai/node
3277 1977972 /opt/rocketride/engine/engine /opt/rocketride/engine/ai/node
3805 1926564 /opt/rocketride/engine/engine /opt/rocketride/engine/ai/node
4443 1922964 /opt/rocketride/engine/engine /opt/rocketride/engine/ai/node
5621 58976 /opt/rocketride/engine/lib/python3.12/site-packages/imageio_
5808 58992 /opt/rocketride/engine/lib/python3.12/site-packages/imageio_
6044 58968 /opt/rocketride/engine/lib/python3.12/site-packages/imageio_
6258 58964 /opt/rocketride/engine/lib/python3.12/site-packages/imageio_
6350 58720 /opt/rocketride/engine/lib/python3.12/site-packages/imageio_
6437 59388 /opt/rocketride/engine/lib/python3.12/site-packages/imageio_
6527 58984 /opt/rocketride/engine/lib/python3.12/site-packages/imageio_
679 1907100 /opt/rocketride/engine/engine /opt/rocketride/engine/ai/node
== 1787727208
1 144224 ./engine /opt/rocketride/engine/ai/eaas.py --host=0.0.0.0 --
1592 1884296 /opt/rocketride/engine/engine /opt/rocketride/engine/ai/node
1962 1894680 /opt/rocketride/engine/engine /opt/rocketride/engine/ai/node
2353 1970964 /opt/rocketride/engine/engine /opt/rocketride/engine/ai/node
2800 1945764 /opt/rocketride/engine/engine /opt/rocketride/engine/ai/node
3277 1836900 /opt/rocketride/engine/engine /opt/rocketride/engine/ai/node
3805 2027236 /opt/rocketride/engine/engine /opt/rocketride/engine/ai/node
4443 1983684 /opt/rocketride/engine/engine /opt/rocketride/engine/ai/node
679 1909248 /opt/rocketride/engine/engine /opt/rocketride/engine/ai/node
== 1787727268
1 142812 ./engine /opt/rocketride/engine/ai/eaas.py --host=0.0.0.0 --
1592 1886012 /opt/rocketride/engine/engine /opt/rocketride/engine/ai/node
1962 1895180 /opt/rocketride/engine/engine /opt/rocketride/engine/ai/node
2353 1971448 /opt/rocketride/engine/engine /opt/rocketride/engine/ai/node
2800 2174500 /opt/rocketride/engine/engine /opt/rocketride/engine/ai/node
3277 1837484 /opt/rocketride/engine/engine /opt/rocketride/engine/ai/node
3805 2027412 /opt/rocketride/engine/engine /opt/rocketride/engine/ai/node
4443 1983944 /opt/rocketride/engine/engine /opt/rocketride/engine/ai/node
679 1909580 /opt/rocketride/engine/engine /opt/rocketride/engine/ai/node
== 1787727328
1 145660 ./engine /opt/rocketride/engine/ai/eaas.py --host=0.0.0.0 --
1592 1886056 /opt/rocketride/engine/engine /opt/rocketride/engine/ai/node
1962 1895308 /opt/rocketride/engine/engine /opt/rocketride/engine/ai/node
2353 2196756 /opt/rocketride/engine/engine /opt/rocketride/engine/ai/node
2800 2409076 /opt/rocketride/engine/engine /opt/rocketride/engine/ai/node
3277 1837680 /opt/rocketride/engine/engine /opt/rocketride/engine/ai/node
3805 2146184 /opt/rocketride/engine/engine /opt/rocketride/engine/ai/node
4443 1984116 /opt/rocketride/engine/engine /opt/rocketride/engine/ai/node
679 2248920 /opt/rocketride/engine/engine /opt/rocketride/engine/ai/node
8427 58056 /opt/rocketride/engine/lib/python3.12/site-packages/imageio_
8514 57016 /opt/rocketride/engine/lib/python3.12/site-packages/imageio_
8607 56904 /opt/rocketride/engine/lib/python3.12/site-packages/imageio_
8697 57540 /opt/rocketride/engine/lib/python3.12/site-packages/imageio_
8804 48508 /opt/rocketride/engine/lib/python3.12/site-packages/imageio_
== 1787727388
1 144400 ./engine /opt/rocketride/engine/ai/eaas.py --host=0.0.0.0 --
10029 53104 /opt/rocketride/engine/lib/python3.12/site-packages/imageio_
10128 52016 /opt/rocketride/engine/lib/python3.12/site-packages/imageio_
10227 49280 /opt/rocketride/engine/lib/python3.12/site-packages/imageio_
10314 49204 /opt/rocketride/engine/lib/python3.12/site-packages/imageio_
10497 49164 /opt/rocketride/engine/lib/python3.12/site-packages/imageio_
10608 46872 /opt/rocketride/engine/lib/python3.12/site-packages/imageio_
10702 46256 /opt/rocketride/engine/lib/python3.12/site-packages/imageio_
10793 46816 /opt/rocketride/engine/lib/python3.12/site-packages/imageio_
10880 52864 /opt/rocketride/engine/lib/python3.12/site-packages/imageio_
10991 48932 /opt/rocketride/engine/lib/python3.12/site-packages/imageio_
11087 56116 /opt/rocketride/engine/lib/python3.12/site-packages/imageio_
1592 2181060 /opt/rocketride/engine/engine /opt/rocketride/engine/ai/node
1962 1895572 /opt/rocketride/engine/engine /opt/rocketride/engine/ai/node
2353 2726628 /opt/rocketride/engine/engine /opt/rocketride/engine/ai/node
2800 2914652 /opt/rocketride/engine/engine /opt/rocketride/engine/ai/node
3277 1838280 /opt/rocketride/engine/engine /opt/rocketride/engine/ai/node
3805 2513740 /opt/rocketride/engine/engine /opt/rocketride/engine/ai/node
4443 2468844 /opt/rocketride/engine/engine /opt/rocketride/engine/ai/node
679 3022232 /opt/rocketride/engine/engine /opt/rocketride/engine/ai/node
8427 57840 /opt/rocketride/engine/lib/python3.12/site-packages/imageio_
8697 57660 /opt/rocketride/engine/lib/python3.12/site-packages/imageio_
9018 57348 /opt/rocketride/engine/lib/python3.12/site-packages/imageio_
9120 57320 /opt/rocketride/engine/lib/python3.12/site-packages/imageio_
9210 55788 /opt/rocketride/engine/lib/python3.12/site-packages/imageio_
9211 55972 /opt/rocketride/engine/lib/python3.12/site-packages/imageio_
9474 58208 /opt/rocketride/engine/lib/python3.12/site-packages/imageio_
9561 58580 /opt/rocketride/engine/lib/python3.12/site-packages/imageio_
9666 59184 /opt/rocketride/engine/lib/python3.12/site-packages/imageio_
9756 57884 /opt/rocketride/engine/lib/python3.12/site-packages/imageio_
9846 54816 /opt/rocketride/engine/lib/python3.12/site-packages/imageio_
9939 54044 /opt/rocketride/engine/lib/python3.12/site-packages/imageio_
== 1787727448
1 143628 ./engine /opt/rocketride/engine/ai/eaas.py --host=0.0.0.0 --
10029 57944 /opt/rocketride/engine/lib/python3.12/site-packages/imageio_
10128 57136 /opt/rocketride/engine/lib/python3.12/site-packages/imageio_
10227 54512 /opt/rocketride/engine/lib/python3.12/site-packages/imageio_
10314 54328 /opt/rocketride/engine/lib/python3.12/site-packages/imageio_
10497 54144 /opt/rocketride/engine/lib/python3.12/site-packages/imageio_
10608 52016 /opt/rocketride/engine/lib/python3.12/site-packages/imageio_
10702 50844 /opt/rocketride/engine/lib/python3.12/site-packages/imageio_
10793 53044 /opt/rocketride/engine/lib/python3.12/site-packages/imageio_
10880 57584 /opt/rocketride/engine/lib/python3.12/site-packages/imageio_
10991 58860 /opt/rocketride/engine/lib/python3.12/site-packages/imageio_
11087 59384 /opt/rocketride/engine/lib/python3.12/site-packages/imageio_
11451 49140 /opt/rocketride/engine/lib/python3.12/site-packages/imageio_
11550 59404 /opt/rocketride/engine/lib/python3.12/site-packages/imageio_
11640 49776 /opt/rocketride/engine/lib/python3.12/site-packages/imageio_
11730 57836 /opt/rocketride/engine/lib/python3.12/site-packages/imageio_
11820 50564 /opt/rocketride/engine/lib/python3.12/site-packages/imageio_
11919 56980 /opt/rocketride/engine/lib/python3.12/site-packages/imageio_
12021 56012 /opt/rocketride/engine/lib/python3.12/site-packages/imageio_
12109 48708 /opt/rocketride/engine/lib/python3.12/site-packages/imageio_
12208 57876 /opt/rocketride/engine/lib/python3.12/site-packages/imageio_
12301 55232 /opt/rocketride/engine/lib/python3.12/site-packages/imageio_
12391 55012 /opt/rocketride/engine/lib/python3.12/site-packages/imageio_
12502 57816 /opt/rocketride/engine/lib/python3.12/site-packages/imageio_
12595 50312 /opt/rocketride/engine/lib/python3.12/site-packages/imageio_
12691 46376 /opt/rocketride/engine/lib/python3.12/site-packages/imageio_
12779 49180 /opt/rocketride/engine/lib/python3.12/site-packages/imageio_
12869 48648 /opt/rocketride/engine/lib/python3.12/site-packages/imageio_
12983 45436 /opt/rocketride/engine/lib/python3.12/site-packages/imageio_
13070 46016 /opt/rocketride/engine/lib/python3.12/site-packages/imageio_
13158 45580 /opt/rocketride/engine/lib/python3.12/site-packages/imageio_
13249 45012 /opt/rocketride/engine/lib/python3.12/site-packages/imageio_
1592 2183372 /opt/rocketride/engine/engine /opt/rocketride/engine/ai/node
1962 2018700 /opt/rocketride/engine/engine /opt/rocketride/engine/ai/node
2353 2773200 /opt/rocketride/engine/engine /opt/rocketride/engine/ai/node
2800 3484156 /opt/rocketride/engine/engine /opt/rocketride/engine/ai/node
3277 2265100 /opt/rocketride/engine/engine /opt/rocketride/engine/ai/node
3805 2819180 /opt/rocketride/engine/engine /opt/rocketride/engine/ai/node
4443 2888088 /opt/rocketride/engine/engine /opt/rocketride/engine/ai/node
679 3214172 /opt/rocketride/engine/engine /opt/rocketride/engine/ai/node
8697 57660 /opt/rocketride/engine/lib/python3.12/site-packages/imageio_
9018 57496 /opt/rocketride/engine/lib/python3.12/site-packages/imageio_
9120 57908 /opt/rocketride/engine/lib/python3.12/site-packages/imageio_
9210 57008 /opt/rocketride/engine/lib/python3.12/site-packages/imageio_
9211 56664 /opt/rocketride/engine/lib/python3.12/site-packages/imageio_
9756 57484 /opt/rocketride/engine/lib/python3.12/site-packages/imageio_
9846 58488 /opt/rocketride/engine/lib/python3.12/site-packages/imageio_
9939 58408 /opt/rocketride/engine/lib/python3.12/site-packages/imageio_
== 1787727509
1 142516 ./engine /opt/rocketride/engine/ai/eaas.py --host=0.0.0.0 --
10029 58900 /opt/rocketride/engine/lib/python3.12/site-packages/imageio_
10128 57144 /opt/rocketride/engine/lib/python3.12/site-packages/imageio_
10227 57056 /opt/rocketride/engine/lib/python3.12/site-packages/imageio_
10314 56928 /opt/rocketride/engine/lib/python3.12/site-packages/imageio_
10497 57712 /opt/rocketride/engine/lib/python3.12/site-packages/imageio_
10608 54500 /opt/rocketride/engine/lib/python3.12/site-packages/imageio_
10702 54196 /opt/rocketride/engine/lib/python3.12/site-packages/imageio_
10793 56516 /opt/rocketride/engine/lib/python3.12/site-packages/imageio_
10880 57284 /opt/rocketride/engine/lib/python3.12/site-packages/imageio_
10991 59260 /opt/rocketride/engine/lib/python3.12/site-packages/imageio_
11087 59064 /opt/rocketride/engine/lib/python3.12/site-packages/imageio_
11451 52284 /opt/rocketride/engine/lib/python3.12/site-packages/imageio_
11550 59488 /opt/rocketride/engine/lib/python3.12/site-packages/imageio_
11640 54328 /opt/rocketride/engine/lib/python3.12/site-packages/imageio_
11730 58060 /opt/rocketride/engine/lib/python3.12/site-packages/imageio_
11820 56892 /opt/rocketride/engine/lib/python3.12/site-packages/imageio_
12021 57876 /opt/rocketride/engine/lib/python3.12/site-packages/imageio_
12109 53380 /opt/rocketride/engine/lib/python3.12/site-packages/imageio_
12208 59304 /opt/rocketride/engine/lib/python3.12/site-packages/imageio_
12301 58060 /opt/rocketride/engine/lib/python3.12/site-packages/imageio_
12391 57832 /opt/rocketride/engine/lib/python3.12/site-packages/imageio_
12595 57640 /opt/rocketride/engine/lib/python3.12/site-packages/imageio_
12691 51652 /opt/rocketride/engine/lib/python3.12/site-packages/imageio_
12779 58492 /opt/rocketride/engine/lib/python3.12/site-packages/imageio_
12869 57724 /opt/rocketride/engine/lib/python3.12/site-packages/imageio_
12983 57688 /opt/rocketride/engine/lib/python3.12/site-packages/imageio_
13070 55048 /opt/rocketride/engine/lib/python3.12/site-packages/imageio_
13158 48408 /opt/rocketride/engine/lib/python3.12/site-packages/imageio_
13249 48148 /opt/rocketride/engine/lib/python3.12/site-packages/imageio_
13746 58248 /opt/rocketride/engine/lib/python3.12/site-packages/imageio_
13837 48324 /opt/rocketride/engine/lib/python3.12/site-packages/imageio_
13925 47340 /opt/rocketride/engine/lib/python3.12/site-packages/imageio_
14013 58084 /opt/rocketride/engine/lib/python3.12/site-packages/imageio_
14067 56936 /opt/rocketride/engine/lib/python3.12/site-packages/imageio_
14199 57732 /opt/rocketride/engine/lib/python3.12/site-packages/imageio_
14301 48128 /opt/rocketride/engine/lib/python3.12/site-packages/imageio_
14388 52496 /opt/rocketride/engine/lib/python3.12/site-packages/imageio_
14475 50496 /opt/rocketride/engine/lib/python3.12/site-packages/imageio_
14581 48748 /opt/rocketride/engine/lib/python3.12/site-packages/imageio_
14674 49484 /opt/rocketride/engine/lib/python3.12/site-packages/imageio_
14762 46988 /opt/rocketride/engine/lib/python3.12/site-packages/imageio_
14849 47900 /opt/rocketride/engine/lib/python3.12/site-packages/imageio_
14936 51112 /opt/rocketride/engine/lib/python3.12/site-packages/imageio_
15030 46764 /opt/rocketride/engine/lib/python3.12/site-packages/imageio_
15145 46624 /opt/rocketride/engine/lib/python3.12/site-packages/imageio_
15236 46856 /opt/rocketride/engine/lib/python3.12/site-packages/imageio_
15323 47080 /opt/rocketride/engine/lib/python3.12/site-packages/imageio_
15410 57632 /opt/rocketride/engine/lib/python3.12/site-packages/imageio_
15500 47992 /opt/rocketride/engine/lib/python3.12/site-packages/imageio_
15587 47244 /opt/rocketride/engine/lib/python3.12/site-packages/imageio_
15696 46080 /opt/rocketride/engine/lib/python3.12/site-packages/imageio_
15784 46628 /opt/rocketride/engine/lib/python3.12/site-packages/imageio_
15889 45620 /opt/rocketride/engine/lib/python3.12/site-packages/imageio_
1592 2245344 /opt/rocketride/engine/engine /opt/rocketride/engine/ai/node
15976 45612 /opt/rocketride/engine/lib/python3.12/site-packages/imageio_
16068 46004 /opt/rocketride/engine/lib/python3.12/site-packages/imageio_
16155 46252 /opt/rocketride/engine/lib/python3.12/site-packages/imageio_
16245 47896 /opt/rocketride/engine/lib/python3.12/site-packages/imageio_
16341 46316 /opt/rocketride/engine/lib/python3.12/site-packages/imageio_
16428 47256 /opt/rocketride/engine/lib/python3.12/site-packages/imageio_
16527 46016 /opt/rocketride/engine/lib/python3.12/site-packages/imageio_
16614 45472 /opt/rocketride/engine/lib/python3.12/site-packages/imageio_
16703 45424 /opt/rocketride/engine/lib/python3.12/site-packages/imageio_
16790 46020 /opt/rocketride/engine/lib/python3.12/site-packages/imageio_
16880 45512 /opt/rocketride/engine/lib/python3.12/site-packages/imageio_
16968 45088 /opt/rocketride/engine/lib/python3.12/site-packages/imageio_
17065 40712 /opt/rocketride/engine/lib/python3.12/site-packages/imageio_
1962 2623864 /opt/rocketride/engine/engine /opt/rocketride/engine/ai/node
2353 3139416 /opt/rocketride/engine/engine /opt/rocketride/engine/ai/node
2800 3909224 /opt/rocketride/engine/engine /opt/rocketride/engine/ai/node
3277 2808196 /opt/rocketride/engine/engine /opt/rocketride/engine/ai/node
3805 3290556 /opt/rocketride/engine/engine /opt/rocketride/engine/ai/node
4443 3179528 /opt/rocketride/engine/engine /opt/rocketride/engine/ai/node
679 3646292 /opt/rocketride/engine/engine /opt/rocketride/engine/ai/node
8697 57660 /opt/rocketride/engine/lib/python3.12/site-packages/imageio_
9018 57804 /opt/rocketride/engine/lib/python3.12/site-packages/imageio_
9120 57928 /opt/rocketride/engine/lib/python3.12/site-packages/imageio_
9210 57076 /opt/rocketride/engine/lib/python3.12/site-packages/imageio_
9211 56740 /opt/rocketride/engine/lib/python3.12/site-packages/imageio_
9846 58120 /opt/rocketride/engine/lib/python3.12/site-packages/imageio_
9939 58772 /opt/rocketride/engine/lib/python3.12/site-packages/imageio_
== 1787727569
1 142496 ./engine /opt/rocketride/engine/ai/eaas.py --host=0.0.0.0 --
10029 58700 /opt/rocketride/engine/lib/python3.12/site-packages/imageio_
10128 57160 /opt/rocketride/engine/lib/python3.12/site-packages/imageio_
10227 57064 /opt/rocketride/engine/lib/python3.12/site-packages/imageio_
10314 56936 /opt/rocketride/engine/lib/python3.12/site-packages/imageio_
10497 59000 /opt/rocketride/engine/lib/python3.12/site-packages/imageio_
10608 56996 /opt/rocketride/engine/lib/python3.12/site-packages/imageio_
10702 57064 /opt/rocketride/engine/lib/python3.12/site-packages/imageio_
10793 58756 /opt/rocketride/engine/lib/python3.12/site-packages/imageio_
10991 58892 /opt/rocketride/engine/lib/python3.12/site-packages/imageio_
11087 59064 /opt/rocketride/engine/lib/python3.12/site-packages/imageio_
11451 55652 /opt/rocketride/engine/lib/python3.12/site-packages/imageio_
11550 58896 /opt/rocketride/engine/lib/python3.12/site-packages/imageio_
11640 56968 /opt/rocketride/engine/lib/python3.12/site-packages/imageio_
11730 58076 /opt/rocketride/engine/lib/python3.12/site-packages/imageio_
11820 59396 /opt/rocketride/engine/lib/python3.12/site-packages/imageio_
12021 57884 /opt/rocketride/engine/lib/python3.12/site-packages/imageio_
12109 56868 /opt/rocketride/engine/lib/python3.12/site-packages/imageio_
12208 59328 /opt/rocketride/engine/lib/python3.12/site-packages/imageio_
12301 58092 /opt/rocketride/engine/lib/python3.12/site-packages/imageio_
12391 57840 /opt/rocketride/engine/lib/python3.12/site-packages/imageio_
12595 57824 /opt/rocketride/engine/lib/python3.12/site-packages/imageio_
12691 54888 /opt/rocketride/engine/lib/python3.12/site-packages/imageio_
12779 58800 /opt/rocketride/engine/lib/python3.12/site-packages/imageio_
12869 57732 /opt/rocketride/engine/lib/python3.12/site-packages/imageio_
12983 57772 /opt/rocketride/engine/lib/python3.12/site-packages/imageio_
13070 58256 /opt/rocketride/engine/lib/python3.12/site-packages/imageio_
13158 50696 /opt/rocketride/engine/lib/python3.12/site-packages/imageio_
13249 51312 /opt/rocketride/engine/lib/python3.12/site-packages/imageio_
13746 58388 /opt/rocketride/engine/lib/python3.12/site-packages/imageio_
13837 51008 /opt/rocketride/engine/lib/python3.12/site-packages/imageio_
13925 49856 /opt/rocketride/engine/lib/python3.12/site-packages/imageio_
14013 58184 /opt/rocketride/engine/lib/python3.12/site-packages/imageio_
14067 58552 /opt/rocketride/engine/lib/python3.12/site-packages/imageio_
14199 59404 /opt/rocketride/engine/lib/python3.12/site-packages/imageio_
14301 50900 /opt/rocketride/engine/lib/python3.12/site-packages/imageio_
14388 55696 /opt/rocketride/engine/lib/python3.12/site-packages/imageio_
14475 54576 /opt/rocketride/engine/lib/python3.12/site-packages/imageio_
14581 52256 /opt/rocketride/engine/lib/python3.12/site-packages/imageio_
14674 53740 /opt/rocketride/engine/lib/python3.12/site-packages/imageio_
14762 50132 /opt/rocketride/engine/lib/python3.12/site-packages/imageio_
14849 52140 /opt/rocketride/engine/lib/python3.12/site-packages/imageio_
14936 57884 /opt/rocketride/engine/lib/python3.12/site-packages/imageio_
15030 48880 /opt/rocketride/engine/lib/python3.12/site-packages/imageio_
15145 49180 /opt/rocketride/engine/lib/python3.12/site-packages/imageio_
15236 49712 /opt/rocketride/engine/lib/python3.12/site-packages/imageio_
15323 50564 /opt/rocketride/engine/lib/python3.12/site-packages/imageio_
15410 57788 /opt/rocketride/engine/lib/python3.12/site-packages/imageio_
15500 51888 /opt/rocketride/engine/lib/python3.12/site-packages/imageio_
15587 51100 /opt/rocketride/engine/lib/python3.12/site-packages/imageio_
15696 48568 /opt/rocketride/engine/lib/python3.12/site-packages/imageio_
15784 50360 /opt/rocketride/engine/lib/python3.12/site-packages/imageio_
15889 50256 /opt/rocketride/engine/lib/python3.12/site-packages/imageio_
1592 3330792 /opt/rocketride/engine/engine /opt/rocketride/engine/ai/node
15976 50056 /opt/rocketride/engine/lib/python3.12/site-packages/imageio_
16068 49320 /opt/rocketride/engine/lib/python3.12/site-packages/imageio_
16155 54300 /opt/rocketride/engine/lib/python3.12/site-packages/imageio_
16245 53580 /opt/rocketride/engine/lib/python3.12/site-packages/imageio_
16341 49624 /opt/rocketride/engine/lib/python3.12/site-packages/imageio_
16428 50212 /opt/rocketride/engine/lib/python3.12/site-packages/imageio_
16527 56172 /opt/rocketride/engine/lib/python3.12/site-packages/imageio_
16614 49040 /opt/rocketride/engine/lib/python3.12/site-packages/imageio_
16703 48808 /opt/rocketride/engine/lib/python3.12/site-packages/imageio_
16790 54964 /opt/rocketride/engine/lib/python3.12/site-packages/imageio_
16880 50360 /opt/rocketride/engine/lib/python3.12/site-packages/imageio_
16968 49592 /opt/rocketride/engine/lib/python3.12/site-packages/imageio_
17065 50232 /opt/rocketride/engine/lib/python3.12/site-packages/imageio_
17693 48732 /opt/rocketride/engine/lib/python3.12/site-packages/imageio_
17926 48024 /opt/rocketride/engine/lib/python3.12/site-packages/imageio_
18017 48008 /opt/rocketride/engine/lib/python3.12/site-packages/imageio_
18104 48400 /opt/rocketride/engine/lib/python3.12/site-packages/imageio_
18197 48060 /opt/rocketride/engine/lib/python3.12/site-packages/imageio_
18288 47616 /opt/rocketride/engine/lib/python3.12/site-packages/imageio_
18376 47792 /opt/rocketride/engine/lib/python3.12/site-packages/imageio_
18380 50696 /opt/rocketride/engine/lib/python3.12/site-packages/imageio_
18550 56844 /opt/rocketride/engine/lib/python3.12/site-packages/imageio_
18653 47860 /opt/rocketride/engine/lib/python3.12/site-packages/imageio_
18741 47820 /opt/rocketride/engine/lib/python3.12/site-packages/imageio_
18828 55420 /opt/rocketride/engine/lib/python3.12/site-packages/imageio_
18853 47692 /opt/rocketride/engine/lib/python3.12/site-packages/imageio_
19004 47576 /opt/rocketride/engine/lib/python3.12/site-packages/imageio_
19106 49620 /opt/rocketride/engine/lib/python3.12/site-packages/imageio_
19205 54580 /opt/rocketride/engine/lib/python3.12/site-packages/imageio_
19293 47260 /opt/rocketride/engine/lib/python3.12/site-packages/imageio_
19383 47916 /opt/rocketride/engine/lib/python3.12/site-packages/imageio_
19486 47444 /opt/rocketride/engine/lib/python3.12/site-packages/imageio_
19579 48384 /opt/rocketride/engine/lib/python3.12/site-packages/imageio_
1962 3871388 /opt/rocketride/engine/engine /opt/rocketride/engine/ai/node
19667 46736 /opt/rocketride/engine/lib/python3.12/site-packages/imageio_
19755 49740 /opt/rocketride/engine/lib/python3.12/site-packages/imageio_
19843 47044 /opt/rocketride/engine/lib/python3.12/site-packages/imageio_
19897 47576 /opt/rocketride/engine/lib/python3.12/site-packages/imageio_
20024 47032 /opt/rocketride/engine/lib/python3.12/site-packages/imageio_
20111 47268 /opt/rocketride/engine/lib/python3.12/site-packages/imageio_
20201 47424 /opt/rocketride/engine/lib/python3.12/site-packages/imageio_
20225 48884 /opt/rocketride/engine/lib/python3.12/site-packages/imageio_
20379 47120 /opt/rocketride/engine/lib/python3.12/site-packages/imageio_
20470 47268 /opt/rocketride/engine/lib/python3.12/site-packages/imageio_
20561 47584 /opt/rocketride/engine/lib/python3.12/site-packages/imageio_
20648 47336 /opt/rocketride/engine/lib/python3.12/site-packages/imageio_
20738 49440 /opt/rocketride/engine/lib/python3.12/site-packages/imageio_
20826 46752 /opt/rocketride/engine/lib/python3.12/site-packages/imageio_
20917 47052 /opt/rocketride/engine/lib/python3.12/site-packages/imageio_
21026 47124 /opt/rocketride/engine/lib/python3.12/site-packages/imageio_
21117 47152 /opt/rocketride/engine/lib/python3.12/site-packages/imageio_
21222 46704 /opt/rocketride/engine/lib/python3.12/site-packages/imageio_
21309 47836 /opt/rocketride/engine/lib/python3.12/site-packages/imageio_
21406 47888 /opt/rocketride/engine/lib/python3.12/site-packages/imageio_
21494 46304 /opt/rocketride/engine/lib/python3.12/site-packages/imageio_
21594 46984 /opt/rocketride/engine/lib/python3.12/site-packages/imageio_
21682 46708 /opt/rocketride/engine/lib/python3.12/site-packages/imageio_
21773 46408 /opt/rocketride/engine/lib/python3.12/site-packages/imageio_
21864 46564 /opt/rocketride/engine/lib/python3.12/site-packages/imageio_
21958 46340 /opt/rocketride/engine/lib/python3.12/site-packages/imageio_
22049 46504 /opt/rocketride/engine/lib/python3.12/site-packages/imageio_
22140 46916 /opt/rocketride/engine/lib/python3.12/site-packages/imageio_
22227 46776 /opt/rocketride/engine/lib/python3.12/site-packages/imageio_
22316 46196 /opt/rocketride/engine/lib/python3.12/site-packages/imageio_
22410 46448 /opt/rocketride/engine/lib/python3.12/site-packages/imageio_
22465 47536 /opt/rocketride/engine/lib/python3.12/site-packages/imageio_
22598 45896 /opt/rocketride/engine/lib/python3.12/site-packages/imageio_
22603 45976 /opt/rocketride/engine/lib/python3.12/site-packages/imageio_
22741 46476 /opt/rocketride/engine/lib/python3.12/site-packages/imageio_
22862 45984 /opt/rocketride/engine/lib/python3.12/site-packages/imageio_
22949 46340 /opt/rocketride/engine/lib/python3.12/site-packages/imageio_
23037 46288 /opt/rocketride/engine/lib/python3.12/site-packages/imageio_
23039 46384 /opt/rocketride/engine/lib/python3.12/site-packages/imageio_
23212 46372 /opt/rocketride/engine/lib/python3.12/site-packages/imageio_
23303 46508 /opt/rocketride/engine/lib/python3.12/site-packages/imageio_
23394 46508 /opt/rocketride/engine/lib/python3.12/site-packages/imageio_
23481 45832 /opt/rocketride/engine/lib/python3.12/site-packages/imageio_
2353 3907020 /opt/rocketride/engine/engine /opt/rocketride/engine/ai/node
23596 45256 /opt/rocketride/engine/lib/python3.12/site-packages/imageio_
23687 45808 /opt/rocketride/engine/lib/python3.12/site-packages/imageio_
23775 46556 /opt/rocketride/engine/lib/python3.12/site-packages/imageio_
23880 47508 /opt/rocketride/engine/lib/python3.12/site-packages/imageio_
23968 45812 /opt/rocketride/engine/lib/python3.12/site-packages/imageio_
24064 41628 /opt/rocketride/engine/lib/python3.12/site-packages/imageio_
2800 4192056 /opt/rocketride/engine/engine /opt/rocketride/engine/ai/node
3277 3780372 /opt/rocketride/engine/engine /opt/rocketride/engine/ai/node
3805 4174336 /opt/rocketride/engine/engine /opt/rocketride/engine/ai/node
4443 4269724 /opt/rocketride/engine/engine /opt/rocketride/engine/ai/node
679 4021772 /opt/rocketride/engine/engine /opt/rocketride/engine/ai/node
9018 57908 /opt/rocketride/engine/lib/python3.12/site-packages/imageio_
9120 57980 /opt/rocketride/engine/lib/python3.12/site-packages/imageio_
9210 57224 /opt/rocketride/engine/lib/python3.12/site-packages/imageio_
9211 56760 /opt/rocketride/engine/lib/python3.12/site-packages/imageio_
9846 58120 /opt/rocketride/engine/lib/python3.12/site-packages/imageio_
9939 58948 /opt/rocketride/engine/lib/python3.12/site-packages/imageio_
== 1787727630
1 142496 ./engine /opt/rocketride/engine/ai/eaas.py --host=0.0.0.0 --
10029 58500 /opt/rocketride/engine/lib/python3.12/site-packages/imageio_
10128 57192 /opt/rocketride/engine/lib/python3.12/site-packages/imageio_
10227 57064 /opt/rocketride/engine/lib/python3.12/site-packages/imageio_
10314 56960 /opt/rocketride/engine/lib/python3.12/site-packages/imageio_
10497 59280 /opt/rocketride/engine/lib/python3.12/site-packages/imageio_
10608 57040 /opt/rocketride/engine/lib/python3.12/site-packages/imageio_
10702 57612 /opt/rocketride/engine/lib/python3.12/site-packages/imageio_
10793 58780 /opt/rocketride/engine/lib/python3.12/site-packages/imageio_
10991 58900 /opt/rocketride/engine/lib/python3.12/site-packages/imageio_
11451 57784 /opt/rocketride/engine/lib/python3.12/site-packages/imageio_
11550 58904 /opt/rocketride/engine/lib/python3.12/site-packages/imageio_
11640 57532 /opt/rocketride/engine/lib/python3.12/site-packages/imageio_
11730 57656 /opt/rocketride/engine/lib/python3.12/site-packages/imageio_
11820 59588 /opt/rocketride/engine/lib/python3.12/site-packages/imageio_
12021 57888 /opt/rocketride/engine/lib/python3.12/site-packages/imageio_
12109 59120 /opt/rocketride/engine/lib/python3.12/site-packages/imageio_
12208 59388 /opt/rocketride/engine/lib/python3.12/site-packages/imageio_
12301 58244 /opt/rocketride/engine/lib/python3.12/site-packages/imageio_
12391 57828 /opt/rocketride/engine/lib/python3.12/site-packages/imageio_
12595 57856 /opt/rocketride/engine/lib/python3.12/site-packages/imageio_
12691 58296 /opt/rocketride/engine/lib/python3.12/site-packages/imageio_
12779 58800 /opt/rocketride/engine/lib/python3.12/site-packages/imageio_
12869 57736 /opt/rocketride/engine/lib/python3.12/site-packages/imageio_
12983 57784 /opt/rocketride/engine/lib/python3.12/site-packages/imageio_
13070 58272 /opt/rocketride/engine/lib/python3.12/site-packages/imageio_
13158 54380 /opt/rocketride/engine/lib/python3.12/site-packages/imageio_
13249 54488 /opt/rocketride/engine/lib/python3.12/site-packages/imageio_
13746 58460 /opt/rocketride/engine/lib/python3.12/site-packages/imageio_
13837 54776 /opt/rocketride/engine/lib/python3.12/site-packages/imageio_
13925 53400 /opt/rocketride/engine/lib/python3.12/site-packages/imageio_
14013 57812 /opt/rocketride/engine/lib/python3.12/site-packages/imageio_
14067 58568 /opt/rocketride/engine/lib/python3.12/site-packages/imageio_
14199 59264 /opt/rocketride/engine/lib/python3.12/site-packages/imageio_
14301 55060 /opt/rocketride/engine/lib/python3.12/site-packages/imageio_
14388 57624 /opt/rocketride/engine/lib/python3.12/site-packages/imageio_
14475 57824 /opt/rocketride/engine/lib/python3.12/site-packages/imageio_
14581 56472 /opt/rocketride/engine/lib/python3.12/site-packages/imageio_
14674 57292 /opt/rocketride/engine/lib/python3.12/site-packages/imageio_
14762 52944 /opt/rocketride/engine/lib/python3.12/site-packages/imageio_
14849 54712 /opt/rocketride/engine/lib/python3.12/site-packages/imageio_
14936 57772 /opt/rocketride/engine/lib/python3.12/site-packages/imageio_
15030 52064 /opt/rocketride/engine/lib/python3.12/site-packages/imageio_
15145 52232 /opt/rocketride/engine/lib/python3.12/site-packages/imageio_
15236 52228 /opt/rocketride/engine/lib/python3.12/site-packages/imageio_
15323 54740 /opt/rocketride/engine/lib/python3.12/site-packages/imageio_
15410 57800 /opt/rocketride/engine/lib/python3.12/site-packages/imageio_
15500 55132 /opt/rocketride/engine/lib/python3.12/site-packages/imageio_
15587 54140 /opt/rocketride/engine/lib/python3.12/site-packages/imageio_
15696 51708 /opt/rocketride/engine/lib/python3.12/site-packages/imageio_
15784 53728 /opt/rocketride/engine/lib/python3.12/site-packages/imageio_
15889 53528 /opt/rocketride/engine/lib/python3.12/site-packages/imageio_
1592 4025840 /opt/rocketride/engine/engine /opt/rocketride/engine/ai/node
15976 53224 /opt/rocketride/engine/lib/python3.12/site-packages/imageio_
16068 52628 /opt/rocketride/engine/lib/python3.12/site-packages/imageio_
16155 57692 /opt/rocketride/engine/lib/python3.12/site-packages/imageio_
16245 57584 /opt/rocketride/engine/lib/python3.12/site-packages/imageio_
16341 53124 /opt/rocketride/engine/lib/python3.12/site-packages/imageio_
16428 53108 /opt/rocketride/engine/lib/python3.12/site-packages/imageio_
16527 58256 /opt/rocketride/engine/lib/python3.12/site-packages/imageio_
16614 53260 /opt/rocketride/engine/lib/python3.12/site-packages/imageio_
16703 52840 /opt/rocketride/engine/lib/python3.12/site-packages/imageio_
16790 57528 /opt/rocketride/engine/lib/python3.12/site-packages/imageio_
16880 53460 /opt/rocketride/engine/lib/python3.12/site-packages/imageio_
16968 53136 /opt/rocketride/engine/lib/python3.12/site-packages/imageio_
17065 53696 /opt/rocketride/engine/lib/python3.12/site-packages/imageio_
17693 51972 /opt/rocketride/engine/lib/python3.12/site-packages/imageio_
17926 50832 /opt/rocketride/engine/lib/python3.12/site-packages/imageio_
18017 52108 /opt/rocketride/engine/lib/python3.12/site-packages/imageio_
18104 51680 /opt/rocketride/engine/lib/python3.12/site-packages/imageio_
18197 50764 /opt/rocketride/engine/lib/python3.12/site-packages/imageio_
18288 50816 /opt/rocketride/engine/lib/python3.12/site-packages/imageio_
18376 50956 /opt/rocketride/engine/lib/python3.12/site-packages/imageio_
18380 54420 /opt/rocketride/engine/lib/python3.12/site-packages/imageio_
18550 57740 /opt/rocketride/engine/lib/python3.12/site-packages/imageio_
18653 50632 /opt/rocketride/engine/lib/python3.12/site-packages/imageio_
18741 51988 /opt/rocketride/engine/lib/python3.12/site-packages/imageio_
18828 58396 /opt/rocketride/engine/lib/python3.12/site-packages/imageio_
18853 51080 /opt/rocketride/engine/lib/python3.12/site-packages/imageio_
19004 51464 /opt/rocketride/engine/lib/python3.12/site-packages/imageio_
19106 53808 /opt/rocketride/engine/lib/python3.12/site-packages/imageio_
19205 58096 /opt/rocketride/engine/lib/python3.12/site-packages/imageio_
19293 50248 /opt/rocketride/engine/lib/python3.12/site-packages/imageio_
19383 51448 /opt/rocketride/engine/lib/python3.12/site-packages/imageio_
19486 50736 /opt/rocketride/engine/lib/python3.12/site-packages/imageio_
19579 51204 /opt/rocketride/engine/lib/python3.12/site-packages/imageio_
1962 4214896 /opt/rocketride/engine/engine /opt/rocketride/engine/ai/node
19667 50004 /opt/rocketride/engine/lib/python3.12/site-packages/imageio_
19755 53348 /opt/rocketride/engine/lib/python3.12/site-packages/imageio_
19843 49576 /opt/rocketride/engine/lib/python3.12/site-packages/imageio_
19897 50852 /opt/rocketride/engine/lib/python3.12/site-packages/imageio_
20024 50604 /opt/rocketride/engine/lib/python3.12/site-packages/imageio_
20111 51164 /opt/rocketride/engine/lib/python3.12/site-packages/imageio_
20201 51508 /opt/rocketride/engine/lib/python3.12/site-packages/imageio_
20225 53136 /opt/rocketride/engine/lib/python3.12/site-packages/imageio_
20379 50596 /opt/rocketride/engine/lib/python3.12/site-packages/imageio_
20470 50608 /opt/rocketride/engine/lib/python3.12/site-packages/imageio_
20561 51236 /opt/rocketride/engine/lib/python3.12/site-packages/imageio_
20648 50648 /opt/rocketride/engine/lib/python3.12/site-packages/imageio_
20738 52092 /opt/rocketride/engine/lib/python3.12/site-packages/imageio_
20826 50116 /opt/rocketride/engine/lib/python3.12/site-packages/imageio_
20917 50248 /opt/rocketride/engine/lib/python3.12/site-packages/imageio_
21026 50428 /opt/rocketride/engine/lib/python3.12/site-packages/imageio_
21117 50420 /opt/rocketride/engine/lib/python3.12/site-packages/imageio_
21222 50188 /opt/rocketride/engine/lib/python3.12/site-packages/imageio_
21309 52808 /opt/rocketride/engine/lib/python3.12/site-packages/imageio_
21406 51104 /opt/rocketride/engine/lib/python3.12/site-packages/imageio_
21494 49460 /opt/rocketride/engine/lib/python3.12/site-packages/imageio_
21594 50208 /opt/rocketride/engine/lib/python3.12/site-packages/imageio_
21682 50048 /opt/rocketride/engine/lib/python3.12/site-packages/imageio_
21773 50784 /opt/rocketride/engine/lib/python3.12/site-packages/imageio_
21864 49188 /opt/rocketride/engine/lib/python3.12/site-packages/imageio_
21958 49732 /opt/rocketride/engine/lib/python3.12/site-packages/imageio_
22049 49892 /opt/rocketride/engine/lib/python3.12/site-packages/imageio_
22140 50492 /opt/rocketride/engine/lib/python3.12/site-packages/imageio_
22227 49920 /opt/rocketride/engine/lib/python3.12/site-packages/imageio_
22316 49228 /opt/rocketride/engine/lib/python3.12/site-packages/imageio_
22410 49112 /opt/rocketride/engine/lib/python3.12/site-packages/imageio_
22465 51556 /opt/rocketride/engine/lib/python3.12/site-packages/imageio_
22598 49096 /opt/rocketride/engine/lib/python3.12/site-packages/imageio_
22603 50008 /opt/rocketride/engine/lib/python3.12/site-packages/imageio_
22741 49472 /opt/rocketride/engine/lib/python3.12/site-packages/imageio_
22862 49296 /opt/rocketride/engine/lib/python3.12/site-packages/imageio_
22949 49612 /opt/rocketride/engine/lib/python3.12/site-packages/imageio_
23037 49876 /opt/rocketride/engine/lib/python3.12/site-packages/imageio_
23039 49696 /opt/rocketride/engine/lib/python3.12/site-packages/imageio_
23212 50168 /opt/rocketride/engine/lib/python3.12/site-packages/imageio_
23303 50428 /opt/rocketride/engine/lib/python3.12/site-packages/imageio_
23394 49748 /opt/rocketride/engine/lib/python3.12/site-packages/imageio_
23481 49116 /opt/rocketride/engine/lib/python3.12/site-packages/imageio_
2353 4366724 /opt/rocketride/engine/engine /opt/rocketride/engine/ai/node
23596 49104 /opt/rocketride/engine/lib/python3.12/site-packages/imageio_
23687 49112 /opt/rocketride/engine/lib/python3.12/site-packages/imageio_
23775 49756 /opt/rocketride/engine/lib/python3.12/site-packages/imageio_
23880 50932 /opt/rocketride/engine/lib/python3.12/site-packages/imageio_
23968 49744 /opt/rocketride/engine/lib/python3.12/site-packages/imageio_
24064 50392 /opt/rocketride/engine/lib/python3.12/site-packages/imageio_
24355 51624 /opt/rocketride/engine/lib/python3.12/site-packages/imageio_
25465 51120 /opt/rocketride/engine/lib/python3.12/site-packages/imageio_
25552 49860 /opt/rocketride/engine/lib/python3.12/site-packages/imageio_
25639 49572 /opt/rocketride/engine/lib/python3.12/site-packages/imageio_
25694 48976 /opt/rocketride/engine/lib/python3.12/site-packages/imageio_
25821 48696 /opt/rocketride/engine/lib/python3.12/site-packages/imageio_
25909 48856 /opt/rocketride/engine/lib/python3.12/site-packages/imageio_
25998 50496 /opt/rocketride/engine/lib/python3.12/site-packages/imageio_
26086 48292 /opt/rocketride/engine/lib/python3.12/site-packages/imageio_
26181 49232 /opt/rocketride/engine/lib/python3.12/site-packages/imageio_
26274 48988 /opt/rocketride/engine/lib/python3.12/site-packages/imageio_
2800 4138824 /opt/rocketride/engine/engine /opt/rocketride/engine/ai/node
3277 3794980 /opt/rocketride/engine/engine /opt/rocketride/engine/ai/node
3805 4475124 /opt/rocketride/engine/engine /opt/rocketride/engine/ai/node
4443 4358944 /opt/rocketride/engine/engine /opt/rocketride/engine/ai/node
679 4005216 /opt/rocketride/engine/engine /opt/rocketride/engine/ai/node
9018 57328 /opt/rocketride/engine/lib/python3.12/site-packages/imageio_
9120 58020 /opt/rocketride/engine/lib/python3.12/site-packages/imageio_
9210 57380 /opt/rocketride/engine/lib/python3.12/site-packages/imageio_
9211 56780 /opt/rocketride/engine/lib/python3.12/site-packages/imageio_
9846 58120 /opt/rocketride/engine/lib/python3.12/site-packages/imageio_
9939 58968 /opt/rocketride/engine/lib/python3.12/site-packages/imageio_
== 1787727692
1 142496 ./engine /opt/rocketride/engine/ai/eaas.py --host=0.0.0.0 --
10029 58500 /opt/rocketride/engine/lib/python3.12/site-packages/imageio_
10128 57296 /opt/rocketride/engine/lib/python3.12/site-packages/imageio_
10227 57080 /opt/rocketride/engine/lib/python3.12/site-packages/imageio_
10314 57012 /opt/rocketride/engine/lib/python3.12/site-packages/imageio_
10497 59132 /opt/rocketride/engine/lib/python3.12/site-packages/imageio_
10608 57072 /opt/rocketride/engine/lib/python3.12/site-packages/imageio_
10702 58236 /opt/rocketride/engine/lib/python3.12/site-packages/imageio_
10793 58840 /opt/rocketride/engine/lib/python3.12/site-packages/imageio_
10991 58900 /opt/rocketride/engine/lib/python3.12/site-packages/imageio_
11451 57764 /opt/rocketride/engine/lib/python3.12/site-packages/imageio_
11550 58904 /opt/rocketride/engine/lib/python3.12/site-packages/imageio_
11640 57796 /opt/rocketride/engine/lib/python3.12/site-packages/imageio_
11730 57668 /opt/rocketride/engine/lib/python3.12/site-packages/imageio_
11820 59660 /opt/rocketride/engine/lib/python3.12/site-packages/imageio_
12021 57888 /opt/rocketride/engine/lib/python3.12/site-packages/imageio_
12109 59328 /opt/rocketride/engine/lib/python3.12/site-packages/imageio_
12208 59400 /opt/rocketride/engine/lib/python3.12/site-packages/imageio_
12301 58260 /opt/rocketride/engine/lib/python3.12/site-packages/imageio_
12391 57852 /opt/rocketride/engine/lib/python3.12/site-packages/imageio_
12595 57948 /opt/rocketride/engine/lib/python3.12/site-packages/imageio_
12691 58316 /opt/rocketride/engine/lib/python3.12/site-packages/imageio_
12779 58812 /opt/rocketride/engine/lib/python3.12/site-packages/imageio_
12869 57740 /opt/rocketride/engine/lib/python3.12/site-packages/imageio_
12983 57820 /opt/rocketride/engine/lib/python3.12/site-packages/imageio_
13070 58276 /opt/rocketride/engine/lib/python3.12/site-packages/imageio_
13158 57940 /opt/rocketride/engine/lib/python3.12/site-packages/imageio_
13249 57644 /opt/rocketride/engine/lib/python3.12/site-packages/imageio_
13746 58812 /opt/rocketride/engine/lib/python3.12/site-packages/imageio_
13837 58176 /opt/rocketride/engine/lib/python3.12/site-packages/imageio_
13925 56700 /opt/rocketride/engine/lib/python3.12/site-packages/imageio_
14013 57844 /opt/rocketride/engine/lib/python3.12/site-packages/imageio_
14067 58632 /opt/rocketride/engine/lib/python3.12/site-packages/imageio_
14199 59284 /opt/rocketride/engine/lib/python3.12/site-packages/imageio_
14301 58540 /opt/rocketride/engine/lib/python3.12/site-packages/imageio_
14388 57632 /opt/rocketride/engine/lib/python3.12/site-packages/imageio_
14475 58340 /opt/rocketride/engine/lib/python3.12/site-packages/imageio_
14581 59976 /opt/rocketride/engine/lib/python3.12/site-packages/imageio_
14674 59392 /opt/rocketride/engine/lib/python3.12/site-packages/imageio_
14762 56920 /opt/rocketride/engine/lib/python3.12/site-packages/imageio_
14849 57284 /opt/rocketride/engine/lib/python3.12/site-packages/imageio_
14936 58376 /opt/rocketride/engine/lib/python3.12/site-packages/imageio_
15030 55388 /opt/rocketride/engine/lib/python3.12/site-packages/imageio_
15145 56124 /opt/rocketride/engine/lib/python3.12/site-packages/imageio_
15236 55628 /opt/rocketride/engine/lib/python3.12/site-packages/imageio_
15323 58192 /opt/rocketride/engine/lib/python3.12/site-packages/imageio_
15410 57380 /opt/rocketride/engine/lib/python3.12/site-packages/imageio_
15500 59036 /opt/rocketride/engine/lib/python3.12/site-packages/imageio_
15587 58152 /opt/rocketride/engine/lib/python3.12/site-packages/imageio_
15696 55688 /opt/rocketride/engine/lib/python3.12/site-packages/imageio_
15784 56992 /opt/rocketride/engine/lib/python3.12/site-packages/imageio_
15889 57472 /opt/rocketride/engine/lib/python3.12/site-packages/imageio_
1592 3944280 /opt/rocketride/engine/engine /opt/rocketride/engine/ai/node
15976 57032 /opt/rocketride/engine/lib/python3.12/site-packages/imageio_
16068 56616 /opt/rocketride/engine/lib/python3.12/site-packages/imageio_
16155 57828 /opt/rocketride/engine/lib/python3.12/site-packages/imageio_
16245 59864 /opt/rocketride/engine/lib/python3.12/site-packages/imageio_
16341 57336 /opt/rocketride/engine/lib/python3.12/site-packages/imageio_
16428 56292 /opt/rocketride/engine/lib/python3.12/site-packages/imageio_
16527 58312 /opt/rocketride/engine/lib/python3.12/site-packages/imageio_
16614 56772 /opt/rocketride/engine/lib/python3.12/site-packages/imageio_
16703 56184 /opt/rocketride/engine/lib/python3.12/site-packages/imageio_
16790 57576 /opt/rocketride/engine/lib/python3.12/site-packages/imageio_
16880 57544 /opt/rocketride/engine/lib/python3.12/site-packages/imageio_
16968 57088 /opt/rocketride/engine/lib/python3.12/site-packages/imageio_
17065 57808 /opt/rocketride/engine/lib/python3.12/site-packages/imageio_
17693 55916 /opt/rocketride/engine/lib/python3.12/site-packages/imageio_
17926 54172 /opt/rocketride/engine/lib/python3.12/site-packages/imageio_
18017 55524 /opt/rocketride/engine/lib/python3.12/site-packages/imageio_
18104 55220 /opt/rocketride/engine/lib/python3.12/site-packages/imageio_
18197 54028 /opt/rocketride/engine/lib/python3.12/site-packages/imageio_
18288 53980 /opt/rocketride/engine/lib/python3.12/site-packages/imageio_
18376 54784 /opt/rocketride/engine/lib/python3.12/site-packages/imageio_
18380 57748 /opt/rocketride/engine/lib/python3.12/site-packages/imageio_
18550 57996 /opt/rocketride/engine/lib/python3.12/site-packages/imageio_
18653 54420 /opt/rocketride/engine/lib/python3.12/site-packages/imageio_
18741 55456 /opt/rocketride/engine/lib/python3.12/site-packages/imageio_
18828 58820 /opt/rocketride/engine/lib/python3.12/site-packages/imageio_
18853 54428 /opt/rocketride/engine/lib/python3.12/site-packages/imageio_
19004 55316 /opt/rocketride/engine/lib/python3.12/site-packages/imageio_
19106 57268 /opt/rocketride/engine/lib/python3.12/site-packages/imageio_
19205 59676 /opt/rocketride/engine/lib/python3.12/site-packages/imageio_
19293 53528 /opt/rocketride/engine/lib/python3.12/site-packages/imageio_
19383 54952 /opt/rocketride/engine/lib/python3.12/site-packages/imageio_
19486 54256 /opt/rocketride/engine/lib/python3.12/site-packages/imageio_
19579 54740 /opt/rocketride/engine/lib/python3.12/site-packages/imageio_
1962 4246340 /opt/rocketride/engine/engine /opt/rocketride/engine/ai/node
19667 52656 /opt/rocketride/engine/lib/python3.12/site-packages/imageio_
19755 57608 /opt/rocketride/engine/lib/python3.12/site-packages/imageio_
19843 52764 /opt/rocketride/engine/lib/python3.12/site-packages/imageio_
19897 54740 /opt/rocketride/engine/lib/python3.12/site-packages/imageio_
20024 54340 /opt/rocketride/engine/lib/python3.12/site-packages/imageio_
20111 54384 /opt/rocketride/engine/lib/python3.12/site-packages/imageio_
20201 54876 /opt/rocketride/engine/lib/python3.12/site-packages/imageio_
20225 57040 /opt/rocketride/engine/lib/python3.12/site-packages/imageio_
20379 53388 /opt/rocketride/engine/lib/python3.12/site-packages/imageio_
20470 54668 /opt/rocketride/engine/lib/python3.12/site-packages/imageio_
20561 54968 /opt/rocketride/engine/lib/python3.12/site-packages/imageio_
20648 54164 /opt/rocketride/engine/lib/python3.12/site-packages/imageio_
20738 55612 /opt/rocketride/engine/lib/python3.12/site-packages/imageio_
20826 53424 /opt/rocketride/engine/lib/python3.12/site-packages/imageio_
20917 53428 /opt/rocketride/engine/lib/python3.12/site-packages/imageio_
21026 53736 /opt/rocketride/engine/lib/python3.12/site-packages/imageio_
21117 53664 /opt/rocketride/engine/lib/python3.12/site-packages/imageio_
21222 53424 /opt/rocketride/engine/lib/python3.12/site-packages/imageio_
21309 57128 /opt/rocketride/engine/lib/python3.12/site-packages/imageio_
21406 54300 /opt/rocketride/engine/lib/python3.12/site-packages/imageio_
21494 52620 /opt/rocketride/engine/lib/python3.12/site-packages/imageio_
21594 53364 /opt/rocketride/engine/lib/python3.12/site-packages/imageio_
21682 53384 /opt/rocketride/engine/lib/python3.12/site-packages/imageio_
21773 55100 /opt/rocketride/engine/lib/python3.12/site-packages/imageio_
21864 51832 /opt/rocketride/engine/lib/python3.12/site-packages/imageio_
21958 52712 /opt/rocketride/engine/lib/python3.12/site-packages/imageio_
22049 53316 /opt/rocketride/engine/lib/python3.12/site-packages/imageio_
22140 54044 /opt/rocketride/engine/lib/python3.12/site-packages/imageio_
22227 54000 /opt/rocketride/engine/lib/python3.12/site-packages/imageio_
22316 52280 /opt/rocketride/engine/lib/python3.12/site-packages/imageio_
22410 51864 /opt/rocketride/engine/lib/python3.12/site-packages/imageio_
22465 55076 /opt/rocketride/engine/lib/python3.12/site-packages/imageio_
22598 52304 /opt/rocketride/engine/lib/python3.12/site-packages/imageio_
22603 53344 /opt/rocketride/engine/lib/python3.12/site-packages/imageio_
22741 52464 /opt/rocketride/engine/lib/python3.12/site-packages/imageio_
22862 53088 /opt/rocketride/engine/lib/python3.12/site-packages/imageio_
22949 52864 /opt/rocketride/engine/lib/python3.12/site-packages/imageio_
23037 53436 /opt/rocketride/engine/lib/python3.12/site-packages/imageio_
23039 52864 /opt/rocketride/engine/lib/python3.12/site-packages/imageio_
23212 53528 /opt/rocketride/engine/lib/python3.12/site-packages/imageio_
23303 54792 /opt/rocketride/engine/lib/python3.12/site-packages/imageio_
23394 52372 /opt/rocketride/engine/lib/python3.12/site-packages/imageio_
23481 52352 /opt/rocketride/engine/lib/python3.12/site-packages/imageio_
2353 4417392 /opt/rocketride/engine/engine /opt/rocketride/engine/ai/node
23596 52328 /opt/rocketride/engine/lib/python3.12/site-packages/imageio_
23687 53060 /opt/rocketride/engine/lib/python3.12/site-packages/imageio_
23775 52672 /opt/rocketride/engine/lib/python3.12/site-packages/imageio_
23880 55076 /opt/rocketride/engine/lib/python3.12/site-packages/imageio_
23968 54308 /opt/rocketride/engine/lib/python3.12/site-packages/imageio_
24064 54208 /opt/rocketride/engine/lib/python3.12/site-packages/imageio_
24355 56668 /opt/rocketride/engine/lib/python3.12/site-packages/imageio_
25465 55412 /opt/rocketride/engine/lib/python3.12/site-packages/imageio_
25552 53740 /opt/rocketride/engine/lib/python3.12/site-packages/imageio_
25639 52776 /opt/rocketride/engine/lib/python3.12/site-packages/imageio_
25694 52320 /opt/rocketride/engine/lib/python3.12/site-packages/imageio_
25821 52040 /opt/rocketride/engine/lib/python3.12/site-packages/imageio_
25909 51512 /opt/rocketride/engine/lib/python3.12/site-packages/imageio_
25998 53672 /opt/rocketride/engine/lib/python3.12/site-packages/imageio_
26086 51792 /opt/rocketride/engine/lib/python3.12/site-packages/imageio_
26181 52716 /opt/rocketride/engine/lib/python3.12/site-packages/imageio_
26274 51900 /opt/rocketride/engine/lib/python3.12/site-packages/imageio_
2800 4274448 /opt/rocketride/engine/engine /opt/rocketride/engine/ai/node
3277 3853148 /opt/rocketride/engine/engine /opt/rocketride/engine/ai/node
3805 4430200 /opt/rocketride/engine/engine /opt/rocketride/engine/ai/node
4443 4312000 /opt/rocketride/engine/engine /opt/rocketride/engine/ai/node
679 3942848 /opt/rocketride/engine/engine /opt/rocketride/engine/ai/node
9018 57344 /opt/rocketride/engine/lib/python3.12/site-packages/imageio_
9120 58048 /opt/rocketride/engine/lib/python3.12/site-packages/imageio_
9210 57292 /opt/rocketride/engine/lib/python3.12/site-packages/imageio_
9211 56828 /opt/rocketride/engine/lib/python3.12/site-packages/imageio_
9939 58976 /opt/rocketride/engine/lib/python3.12/site-packages/imageio_
== 1787727753
1 142496 ./engine /opt/rocketride/engine/ai/eaas.py --host=0.0.0.0 --
10128 57316 /opt/rocketride/engine/lib/python3.12/site-packages/imageio_
10227 57088 /opt/rocketride/engine/lib/python3.12/site-packages/imageio_
10314 57020 /opt/rocketride/engine/lib/python3.12/site-packages/imageio_
10497 59280 /opt/rocketride/engine/lib/python3.12/site-packages/imageio_
10608 57092 /opt/rocketride/engine/lib/python3.12/site-packages/imageio_
10702 58240 /opt/rocketride/engine/lib/python3.12/site-packages/imageio_
10793 58900 /opt/rocketride/engine/lib/python3.12/site-packages/imageio_
11451 57940 /opt/rocketride/engine/lib/python3.12/site-packages/imageio_
11550 58904 /opt/rocketride/engine/lib/python3.12/site-packages/imageio_
11640 57804 /opt/rocketride/engine/lib/python3.12/site-packages/imageio_
11730 57668 /opt/rocketride/engine/lib/python3.12/site-packages/imageio_
11820 59732 /opt/rocketride/engine/lib/python3.12/site-packages/imageio_
12021 57900 /opt/rocketride/engine/lib/python3.12/site-packages/imageio_
12109 59348 /opt/rocketride/engine/lib/python3.12/site-packages/imageio_
12208 59584 /opt/rocketride/engine/lib/python3.12/site-packages/imageio_
12301 58292 /opt/rocketride/engine/lib/python3.12/site-packages/imageio_
12391 57860 /opt/rocketride/engine/lib/python3.12/site-packages/imageio_
12595 58144 /opt/rocketride/engine/lib/python3.12/site-packages/imageio_
12691 58360 /opt/rocketride/engine/lib/python3.12/site-packages/imageio_
12779 58816 /opt/rocketride/engine/lib/python3.12/site-packages/imageio_
12869 57748 /opt/rocketride/engine/lib/python3.12/site-packages/imageio_
12983 57848 /opt/rocketride/engine/lib/python3.12/site-packages/imageio_
13070 58284 /opt/rocketride/engine/lib/python3.12/site-packages/imageio_
13158 58688 /opt/rocketride/engine/lib/python3.12/site-packages/imageio_
13249 57676 /opt/rocketride/engine/lib/python3.12/site-packages/imageio_
13746 58836 /opt/rocketride/engine/lib/python3.12/site-packages/imageio_
13837 58316 /opt/rocketride/engine/lib/python3.12/site-packages/imageio_
13925 57772 /opt/rocketride/engine/lib/python3.12/site-packages/imageio_
14013 57844 /opt/rocketride/engine/lib/python3.12/site-packages/imageio_
14067 58652 /opt/rocketride/engine/lib/python3.12/site-packages/imageio_
14199 59324 /opt/rocketride/engine/lib/python3.12/site-packages/imageio_
14301 60104 /opt/rocketride/engine/lib/python3.12/site-packages/imageio_
14388 57692 /opt/rocketride/engine/lib/python3.12/site-packages/imageio_
14475 58488 /opt/rocketride/engine/lib/python3.12/site-packages/imageio_
14581 60160 /opt/rocketride/engine/lib/python3.12/site-packages/imageio_
14674 59572 /opt/rocketride/engine/lib/python3.12/site-packages/imageio_
14762 58312 /opt/rocketride/engine/lib/python3.12/site-packages/imageio_
14849 57308 /opt/rocketride/engine/lib/python3.12/site-packages/imageio_
14936 58804 /opt/rocketride/engine/lib/python3.12/site-packages/imageio_
15030 57552 /opt/rocketride/engine/lib/python3.12/site-packages/imageio_
15145 57300 /opt/rocketride/engine/lib/python3.12/site-packages/imageio_
15236 57592 /opt/rocketride/engine/lib/python3.12/site-packages/imageio_
15323 59748 /opt/rocketride/engine/lib/python3.12/site-packages/imageio_
15410 57384 /opt/rocketride/engine/lib/python3.12/site-packages/imageio_
15500 59076 /opt/rocketride/engine/lib/python3.12/site-packages/imageio_
15587 58476 /opt/rocketride/engine/lib/python3.12/site-packages/imageio_
15696 57356 /opt/rocketride/engine/lib/python3.12/site-packages/imageio_
15784 58448 /opt/rocketride/engine/lib/python3.12/site-packages/imageio_
15889 58264 /opt/rocketride/engine/lib/python3.12/site-packages/imageio_
1592 4028000 /opt/rocketride/engine/engine /opt/rocketride/engine/ai/node
15976 57688 /opt/rocketride/engine/lib/python3.12/site-packages/imageio_
16068 58740 /opt/rocketride/engine/lib/python3.12/site-packages/imageio_
16155 57312 /opt/rocketride/engine/lib/python3.12/site-packages/imageio_
16245 59948 /opt/rocketride/engine/lib/python3.12/site-packages/imageio_
16341 59644 /opt/rocketride/engine/lib/python3.12/site-packages/imageio_
16428 59612 /opt/rocketride/engine/lib/python3.12/site-packages/imageio_
16527 58348 /opt/rocketride/engine/lib/python3.12/site-packages/imageio_
16614 59808 /opt/rocketride/engine/lib/python3.12/site-packages/imageio_
16703 59008 /opt/rocketride/engine/lib/python3.12/site-packages/imageio_
16790 57616 /opt/rocketride/engine/lib/python3.12/site-packages/imageio_
16880 58496 /opt/rocketride/engine/lib/python3.12/site-packages/imageio_
16968 57520 /opt/rocketride/engine/lib/python3.12/site-packages/imageio_
17065 60772 /opt/rocketride/engine/lib/python3.12/site-packages/imageio_
17693 58760 /opt/rocketride/engine/lib/python3.12/site-packages/imageio_
17926 57232 /opt/rocketride/engine/lib/python3.12/site-packages/imageio_
18017 59152 /opt/rocketride/engine/lib/python3.12/site-packages/imageio_
18104 57904 /opt/rocketride/engine/lib/python3.12/site-packages/imageio_
18197 57312 /opt/rocketride/engine/lib/python3.12/site-packages/imageio_
18288 57024 /opt/rocketride/engine/lib/python3.12/site-packages/imageio_
18376 57952 /opt/rocketride/engine/lib/python3.12/site-packages/imageio_
18380 58304 /opt/rocketride/engine/lib/python3.12/site-packages/imageio_
18550 58004 /opt/rocketride/engine/lib/python3.12/site-packages/imageio_
18653 57904 /opt/rocketride/engine/lib/python3.12/site-packages/imageio_
18741 59648 /opt/rocketride/engine/lib/python3.12/site-packages/imageio_
18828 59104 /opt/rocketride/engine/lib/python3.12/site-packages/imageio_
18853 57096 /opt/rocketride/engine/lib/python3.12/site-packages/imageio_
19004 58016 /opt/rocketride/engine/lib/python3.12/site-packages/imageio_
19106 59120 /opt/rocketride/engine/lib/python3.12/site-packages/imageio_
19205 59876 /opt/rocketride/engine/lib/python3.12/site-packages/imageio_
19293 56880 /opt/rocketride/engine/lib/python3.12/site-packages/imageio_
19383 58432 /opt/rocketride/engine/lib/python3.12/site-packages/imageio_
19486 57044 /opt/rocketride/engine/lib/python3.12/site-packages/imageio_
19579 58264 /opt/rocketride/engine/lib/python3.12/site-packages/imageio_
1962 4233108 /opt/rocketride/engine/engine /opt/rocketride/engine/ai/node
19667 55924 /opt/rocketride/engine/lib/python3.12/site-packages/imageio_
19755 58320 /opt/rocketride/engine/lib/python3.12/site-packages/imageio_
19843 55984 /opt/rocketride/engine/lib/python3.12/site-packages/imageio_
19897 57960 /opt/rocketride/engine/lib/python3.12/site-packages/imageio_
20024 57960 /opt/rocketride/engine/lib/python3.12/site-packages/imageio_
20111 58284 /opt/rocketride/engine/lib/python3.12/site-packages/imageio_
20201 58904 /opt/rocketride/engine/lib/python3.12/site-packages/imageio_
20225 58384 /opt/rocketride/engine/lib/python3.12/site-packages/imageio_
20379 57244 /opt/rocketride/engine/lib/python3.12/site-packages/imageio_
20470 58644 /opt/rocketride/engine/lib/python3.12/site-packages/imageio_
20561 57420 /opt/rocketride/engine/lib/python3.12/site-packages/imageio_
20648 57700 /opt/rocketride/engine/lib/python3.12/site-packages/imageio_
20738 57936 /opt/rocketride/engine/lib/python3.12/site-packages/imageio_
20826 57376 /opt/rocketride/engine/lib/python3.12/site-packages/imageio_
20917 56612 /opt/rocketride/engine/lib/python3.12/site-packages/imageio_
21026 57028 /opt/rocketride/engine/lib/python3.12/site-packages/imageio_
21117 56916 /opt/rocketride/engine/lib/python3.12/site-packages/imageio_
21222 57404 /opt/rocketride/engine/lib/python3.12/site-packages/imageio_
21309 60144 /opt/rocketride/engine/lib/python3.12/site-packages/imageio_
21406 57512 /opt/rocketride/engine/lib/python3.12/site-packages/imageio_
21494 55768 /opt/rocketride/engine/lib/python3.12/site-packages/imageio_
21594 56532 /opt/rocketride/engine/lib/python3.12/site-packages/imageio_
21682 57496 /opt/rocketride/engine/lib/python3.12/site-packages/imageio_
21773 58716 /opt/rocketride/engine/lib/python3.12/site-packages/imageio_
21864 55208 /opt/rocketride/engine/lib/python3.12/site-packages/imageio_
21958 56288 /opt/rocketride/engine/lib/python3.12/site-packages/imageio_
22049 56592 /opt/rocketride/engine/lib/python3.12/site-packages/imageio_
22140 56896 /opt/rocketride/engine/lib/python3.12/site-packages/imageio_
22227 57352 /opt/rocketride/engine/lib/python3.12/site-packages/imageio_
22316 55468 /opt/rocketride/engine/lib/python3.12/site-packages/imageio_
22410 55244 /opt/rocketride/engine/lib/python3.12/site-packages/imageio_
22465 59308 /opt/rocketride/engine/lib/python3.12/site-packages/imageio_
22598 55496 /opt/rocketride/engine/lib/python3.12/site-packages/imageio_
22603 56544 /opt/rocketride/engine/lib/python3.12/site-packages/imageio_
22741 55456 /opt/rocketride/engine/lib/python3.12/site-packages/imageio_
22862 56244 /opt/rocketride/engine/lib/python3.12/site-packages/imageio_
22949 56108 /opt/rocketride/engine/lib/python3.12/site-packages/imageio_
23037 57000 /opt/rocketride/engine/lib/python3.12/site-packages/imageio_
23039 56356 /opt/rocketride/engine/lib/python3.12/site-packages/imageio_
23212 57112 /opt/rocketride/engine/lib/python3.12/site-packages/imageio_
23303 58664 /opt/rocketride/engine/lib/python3.12/site-packages/imageio_
23394 55288 /opt/rocketride/engine/lib/python3.12/site-packages/imageio_
23481 55444 /opt/rocketride/engine/lib/python3.12/site-packages/imageio_
2353 4257612 /opt/rocketride/engine/engine /opt/rocketride/engine/ai/node
23596 55536 /opt/rocketride/engine/lib/python3.12/site-packages/imageio_
23687 56356 /opt/rocketride/engine/lib/python3.12/site-packages/imageio_
23775 56000 /opt/rocketride/engine/lib/python3.12/site-packages/imageio_
23880 59188 /opt/rocketride/engine/lib/python3.12/site-packages/imageio_
23968 58216 /opt/rocketride/engine/lib/python3.12/site-packages/imageio_
24064 58076 /opt/rocketride/engine/lib/python3.12/site-packages/imageio_
24355 60976 /opt/rocketride/engine/lib/python3.12/site-packages/imageio_
25465 59688 /opt/rocketride/engine/lib/python3.12/site-packages/imageio_
25552 57736 /opt/rocketride/engine/lib/python3.12/site-packages/imageio_
25639 55988 /opt/rocketride/engine/lib/python3.12/site-packages/imageio_
25694 55672 /opt/rocketride/engine/lib/python3.12/site-packages/imageio_
25821 55376 /opt/rocketride/engine/lib/python3.12/site-packages/imageio_
25909 54684 /opt/rocketride/engine/lib/python3.12/site-packages/imageio_
25998 57016 /opt/rocketride/engine/lib/python3.12/site-packages/imageio_
26086 55368 /opt/rocketride/engine/lib/python3.12/site-packages/imageio_
26181 56256 /opt/rocketride/engine/lib/python3.12/site-packages/imageio_
26274 54816 /opt/rocketride/engine/lib/python3.12/site-packages/imageio_
2800 4444940 /opt/rocketride/engine/engine /opt/rocketride/engine/ai/node
3277 3896784 /opt/rocketride/engine/engine /opt/rocketride/engine/ai/node
3805 4439928 /opt/rocketride/engine/engine /opt/rocketride/engine/ai/node
4443 4407812 /opt/rocketride/engine/engine /opt/rocketride/engine/ai/node
679 4075164 /opt/rocketride/engine/engine /opt/rocketride/engine/ai/node
9018 57344 /opt/rocketride/engine/lib/python3.12/site-packages/imageio_
9120 57632 /opt/rocketride/engine/lib/python3.12/site-packages/imageio_
9210 56728 /opt/rocketride/engine/lib/python3.12/site-packages/imageio_
9211 56352 /opt/rocketride/engine/lib/python3.12/site-packages/imageio_
9939 58996 /opt/rocketride/engine/lib/python3.12/site-packages/imageio_
== 1787727814
1 142496 ./engine /opt/rocketride/engine/ai/eaas.py --host=0.0.0.0 --
10128 57336 /opt/rocketride/engine/lib/python3.12/site-packages/imageio_
10227 57100 /opt/rocketride/engine/lib/python3.12/site-packages/imageio_
10314 57024 /opt/rocketride/engine/lib/python3.12/site-packages/imageio_
10497 58592 /opt/rocketride/engine/lib/python3.12/site-packages/imageio_
10608 57128 /opt/rocketride/engine/lib/python3.12/site-packages/imageio_
10702 58240 /opt/rocketride/engine/lib/python3.12/site-packages/imageio_
10793 58920 /opt/rocketride/engine/lib/python3.12/site-packages/imageio_
11451 57944 /opt/rocketride/engine/lib/python3.12/site-packages/imageio_
11640 57824 /opt/rocketride/engine/lib/python3.12/site-packages/imageio_
11820 59756 /opt/rocketride/engine/lib/python3.12/site-packages/imageio_
12021 57956 /opt/rocketride/engine/lib/python3.12/site-packages/imageio_
12109 59400 /opt/rocketride/engine/lib/python3.12/site-packages/imageio_
12208 59588 /opt/rocketride/engine/lib/python3.12/site-packages/imageio_
12301 58160 /opt/rocketride/engine/lib/python3.12/site-packages/imageio_
12391 57872 /opt/rocketride/engine/lib/python3.12/site-packages/imageio_
12595 58224 /opt/rocketride/engine/lib/python3.12/site-packages/imageio_
12691 58376 /opt/rocketride/engine/lib/python3.12/site-packages/imageio_
12779 58820 /opt/rocketride/engine/lib/python3.12/site-packages/imageio_
12869 57760 /opt/rocketride/engine/lib/python3.12/site-packages/imageio_
12983 57848 /opt/rocketride/engine/lib/python3.12/site-packages/imageio_
13070 58288 /opt/rocketride/engine/lib/python3.12/site-packages/imageio_
13158 59392 /opt/rocketride/engine/lib/python3.12/site-packages/imageio_
13249 57684 /opt/rocketride/engine/lib/python3.12/site-packages/imageio_
13746 58692 /opt/rocketride/engine/lib/python3.12/site-packages/imageio_
13837 58128 /opt/rocketride/engine/lib/python3.12/site-packages/imageio_
13925 58188 /opt/rocketride/engine/lib/python3.12/site-packages/imageio_
14013 57844 /opt/rocketride/engine/lib/python3.12/site-packages/imageio_
14067 58652 /opt/rocketride/engine/lib/python3.12/site-packages/imageio_
14199 59516 /opt/rocketride/engine/lib/python3.12/site-packages/imageio_
14301 60188 /opt/rocketride/engine/lib/python3.12/site-packages/imageio_
14388 57688 /opt/rocketride/engine/lib/python3.12/site-packages/imageio_
14475 58492 /opt/rocketride/engine/lib/python3.12/site-packages/imageio_
14581 60188 /opt/rocketride/engine/lib/python3.12/site-packages/imageio_
14674 59612 /opt/rocketride/engine/lib/python3.12/site-packages/imageio_
14762 58536 /opt/rocketride/engine/lib/python3.12/site-packages/imageio_
14849 57556 /opt/rocketride/engine/lib/python3.12/site-packages/imageio_
14936 58956 /opt/rocketride/engine/lib/python3.12/site-packages/imageio_
15030 58252 /opt/rocketride/engine/lib/python3.12/site-packages/imageio_
15145 58156 /opt/rocketride/engine/lib/python3.12/site-packages/imageio_
15236 57944 /opt/rocketride/engine/lib/python3.12/site-packages/imageio_
15323 59756 /opt/rocketride/engine/lib/python3.12/site-packages/imageio_
15410 57384 /opt/rocketride/engine/lib/python3.12/site-packages/imageio_
15500 59104 /opt/rocketride/engine/lib/python3.12/site-packages/imageio_
15587 58860 /opt/rocketride/engine/lib/python3.12/site-packages/imageio_
15696 58216 /opt/rocketride/engine/lib/python3.12/site-packages/imageio_
15784 58752 /opt/rocketride/engine/lib/python3.12/site-packages/imageio_
15889 58272 /opt/rocketride/engine/lib/python3.12/site-packages/imageio_
1592 3988064 /opt/rocketride/engine/engine /opt/rocketride/engine/ai/node
15976 57728 /opt/rocketride/engine/lib/python3.12/site-packages/imageio_
16068 58836 /opt/rocketride/engine/lib/python3.12/site-packages/imageio_
16155 57528 /opt/rocketride/engine/lib/python3.12/site-packages/imageio_
16245 60136 /opt/rocketride/engine/lib/python3.12/site-packages/imageio_
16341 59828 /opt/rocketride/engine/lib/python3.12/site-packages/imageio_
16428 60048 /opt/rocketride/engine/lib/python3.12/site-packages/imageio_
16527 58360 /opt/rocketride/engine/lib/python3.12/site-packages/imageio_
16614 60008 /opt/rocketride/engine/lib/python3.12/site-packages/imageio_
16703 59040 /opt/rocketride/engine/lib/python3.12/site-packages/imageio_
16790 57636 /opt/rocketride/engine/lib/python3.12/site-packages/imageio_
16880 59172 /opt/rocketride/engine/lib/python3.12/site-packages/imageio_
16968 58188 /opt/rocketride/engine/lib/python3.12/site-packages/imageio_
17065 60784 /opt/rocketride/engine/lib/python3.12/site-packages/imageio_
17693 58940 /opt/rocketride/engine/lib/python3.12/site-packages/imageio_
17926 57588 /opt/rocketride/engine/lib/python3.12/site-packages/imageio_
18017 59324 /opt/rocketride/engine/lib/python3.12/site-packages/imageio_
18104 58608 /opt/rocketride/engine/lib/python3.12/site-packages/imageio_
18197 57960 /opt/rocketride/engine/lib/python3.12/site-packages/imageio_
18288 57672 /opt/rocketride/engine/lib/python3.12/site-packages/imageio_
18376 57988 /opt/rocketride/engine/lib/python3.12/site-packages/imageio_
18380 58612 /opt/rocketride/engine/lib/python3.12/site-packages/imageio_
18550 58008 /opt/rocketride/engine/lib/python3.12/site-packages/imageio_
18653 58904 /opt/rocketride/engine/lib/python3.12/site-packages/imageio_
18741 59860 /opt/rocketride/engine/lib/python3.12/site-packages/imageio_
18828 59128 /opt/rocketride/engine/lib/python3.12/site-packages/imageio_
18853 58736 /opt/rocketride/engine/lib/python3.12/site-packages/imageio_
19004 58024 /opt/rocketride/engine/lib/python3.12/site-packages/imageio_
19106 59144 /opt/rocketride/engine/lib/python3.12/site-packages/imageio_
19205 59904 /opt/rocketride/engine/lib/python3.12/site-packages/imageio_
19293 58476 /opt/rocketride/engine/lib/python3.12/site-packages/imageio_
19383 60104 /opt/rocketride/engine/lib/python3.12/site-packages/imageio_
19486 59304 /opt/rocketride/engine/lib/python3.12/site-packages/imageio_
19579 58984 /opt/rocketride/engine/lib/python3.12/site-packages/imageio_
1962 4257508 /opt/rocketride/engine/engine /opt/rocketride/engine/ai/node
19667 57868 /opt/rocketride/engine/lib/python3.12/site-packages/imageio_
19755 58616 /opt/rocketride/engine/lib/python3.12/site-packages/imageio_
19843 57888 /opt/rocketride/engine/lib/python3.12/site-packages/imageio_
19897 57972 /opt/rocketride/engine/lib/python3.12/site-packages/imageio_
20024 59640 /opt/rocketride/engine/lib/python3.12/site-packages/imageio_
20111 58956 /opt/rocketride/engine/lib/python3.12/site-packages/imageio_
20201 59088 /opt/rocketride/engine/lib/python3.12/site-packages/imageio_
20225 58420 /opt/rocketride/engine/lib/python3.12/site-packages/imageio_
20379 57524 /opt/rocketride/engine/lib/python3.12/site-packages/imageio_
20470 58784 /opt/rocketride/engine/lib/python3.12/site-packages/imageio_
20561 58316 /opt/rocketride/engine/lib/python3.12/site-packages/imageio_
20648 59452 /opt/rocketride/engine/lib/python3.12/site-packages/imageio_
20738 58804 /opt/rocketride/engine/lib/python3.12/site-packages/imageio_
20826 57796 /opt/rocketride/engine/lib/python3.12/site-packages/imageio_
20917 57892 /opt/rocketride/engine/lib/python3.12/site-packages/imageio_
21026 58472 /opt/rocketride/engine/lib/python3.12/site-packages/imageio_
21117 58368 /opt/rocketride/engine/lib/python3.12/site-packages/imageio_
21222 58452 /opt/rocketride/engine/lib/python3.12/site-packages/imageio_
21309 60160 /opt/rocketride/engine/lib/python3.12/site-packages/imageio_
21406 58160 /opt/rocketride/engine/lib/python3.12/site-packages/imageio_
21494 57640 /opt/rocketride/engine/lib/python3.12/site-packages/imageio_
21594 57824 /opt/rocketride/engine/lib/python3.12/site-packages/imageio_
21682 59032 /opt/rocketride/engine/lib/python3.12/site-packages/imageio_
21773 60348 /opt/rocketride/engine/lib/python3.12/site-packages/imageio_
21864 58000 /opt/rocketride/engine/lib/python3.12/site-packages/imageio_
21958 59316 /opt/rocketride/engine/lib/python3.12/site-packages/imageio_
22049 59300 /opt/rocketride/engine/lib/python3.12/site-packages/imageio_
22140 60444 /opt/rocketride/engine/lib/python3.12/site-packages/imageio_
22227 58044 /opt/rocketride/engine/lib/python3.12/site-packages/imageio_
22316 58164 /opt/rocketride/engine/lib/python3.12/site-packages/imageio_
22410 57712 /opt/rocketride/engine/lib/python3.12/site-packages/imageio_
22465 60912 /opt/rocketride/engine/lib/python3.12/site-packages/imageio_
22598 58060 /opt/rocketride/engine/lib/python3.12/site-packages/imageio_
22603 58780 /opt/rocketride/engine/lib/python3.12/site-packages/imageio_
22741 58264 /opt/rocketride/engine/lib/python3.12/site-packages/imageio_
22862 58360 /opt/rocketride/engine/lib/python3.12/site-packages/imageio_
22949 59364 /opt/rocketride/engine/lib/python3.12/site-packages/imageio_
23037 60000 /opt/rocketride/engine/lib/python3.12/site-packages/imageio_
23039 59336 /opt/rocketride/engine/lib/python3.12/site-packages/imageio_
23212 57564 /opt/rocketride/engine/lib/python3.12/site-packages/imageio_
23303 58696 /opt/rocketride/engine/lib/python3.12/site-packages/imageio_
23394 58092 /opt/rocketride/engine/lib/python3.12/site-packages/imageio_
23481 58040 /opt/rocketride/engine/lib/python3.12/site-packages/imageio_
2353 4321716 /opt/rocketride/engine/engine /opt/rocketride/engine/ai/node
23596 58092 /opt/rocketride/engine/lib/python3.12/site-packages/imageio_
23687 59140 /opt/rocketride/engine/lib/python3.12/site-packages/imageio_
23775 59220 /opt/rocketride/engine/lib/python3.12/site-packages/imageio_
23880 61776 /opt/rocketride/engine/lib/python3.12/site-packages/imageio_
23968 59096 /opt/rocketride/engine/lib/python3.12/site-packages/imageio_
24064 59256 /opt/rocketride/engine/lib/python3.12/site-packages/imageio_
24355 61896 /opt/rocketride/engine/lib/python3.12/site-packages/imageio_
25465 61504 /opt/rocketride/engine/lib/python3.12/site-packages/imageio_
25552 59396 /opt/rocketride/engine/lib/python3.12/site-packages/imageio_
25639 59176 /opt/rocketride/engine/lib/python3.12/site-packages/imageio_
25694 59016 /opt/rocketride/engine/lib/python3.12/site-packages/imageio_
25821 59356 /opt/rocketride/engine/lib/python3.12/site-packages/imageio_
25909 58900 /opt/rocketride/engine/lib/python3.12/site-packages/imageio_
25998 60548 /opt/rocketride/engine/lib/python3.12/site-packages/imageio_
26086 58864 /opt/rocketride/engine/lib/python3.12/site-packages/imageio_
26181 59732 /opt/rocketride/engine/lib/python3.12/site-packages/imageio_
26274 58168 /opt/rocketride/engine/lib/python3.12/site-packages/imageio_
2800 4453944 /opt/rocketride/engine/engine /opt/rocketride/engine/ai/node
3277 3997660 /opt/rocketride/engine/engine /opt/rocketride/engine/ai/node
3805 4564872 /opt/rocketride/engine/engine /opt/rocketride/engine/ai/node
4443 4447816 /opt/rocketride/engine/engine /opt/rocketride/engine/ai/node
679 4012228 /opt/rocketride/engine/engine /opt/rocketride/engine/ai/node
9018 57344 /opt/rocketride/engine/lib/python3.12/site-packages/imageio_
9120 57636 /opt/rocketride/engine/lib/python3.12/site-packages/imageio_
9210 56764 /opt/rocketride/engine/lib/python3.12/site-packages/imageio_
9211 56400 /opt/rocketride/engine/lib/python3.12/site-packages/imageio_
9939 59016 /opt/rocketride/engine/lib/python3.12/site-packages/imageio_
== 1787727875
1 142496 ./engine /opt/rocketride/engine/ai/eaas.py --host=0.0.0.0 --
10128 57360 /opt/rocketride/engine/lib/python3.12/site-packages/imageio_
10227 57116 /opt/rocketride/engine/lib/python3.12/site-packages/imageio_
10314 57056 /opt/rocketride/engine/lib/python3.12/site-packages/imageio_
10497 58600 /opt/rocketride/engine/lib/python3.12/site-packages/imageio_
10608 57264 /opt/rocketride/engine/lib/python3.12/site-packages/imageio_
10702 57876 /opt/rocketride/engine/lib/python3.12/site-packages/imageio_
10793 58960 /opt/rocketride/engine/lib/python3.12/site-packages/imageio_
11451 58144 /opt/rocketride/engine/lib/python3.12/site-packages/imageio_
11640 57828 /opt/rocketride/engine/lib/python3.12/site-packages/imageio_
11820 59788 /opt/rocketride/engine/lib/python3.12/site-packages/imageio_
12021 57544 /opt/rocketride/engine/lib/python3.12/site-packages/imageio_
12109 59608 /opt/rocketride/engine/lib/python3.12/site-packages/imageio_
12208 59592 /opt/rocketride/engine/lib/python3.12/site-packages/imageio_
12301 58468 /opt/rocketride/engine/lib/python3.12/site-packages/imageio_
12391 57880 /opt/rocketride/engine/lib/python3.12/site-packages/imageio_
12595 58284 /opt/rocketride/engine/lib/python3.12/site-packages/imageio_
12691 58400 /opt/rocketride/engine/lib/python3.12/site-packages/imageio_
12779 58820 /opt/rocketride/engine/lib/python3.12/site-packages/imageio_
12869 57780 /opt/rocketride/engine/lib/python3.12/site-packages/imageio_
12983 57872 /opt/rocketride/engine/lib/python3.12/site-packages/imageio_
13070 58308 /opt/rocketride/engine/lib/python3.12/site-packages/imageio_
13158 59808 /opt/rocketride/engine/lib/python3.12/site-packages/imageio_
13249 57704 /opt/rocketride/engine/lib/python3.12/site-packages/imageio_
13746 58116 /opt/rocketride/engine/lib/python3.12/site-packages/imageio_
13837 58676 /opt/rocketride/engine/lib/python3.12/site-packages/imageio_
13925 58524 /opt/rocketride/engine/lib/python3.12/site-packages/imageio_
14067 58660 /opt/rocketride/engine/lib/python3.12/site-packages/imageio_
14199 59544 /opt/rocketride/engine/lib/python3.12/site-packages/imageio_
14301 60216 /opt/rocketride/engine/lib/python3.12/site-packages/imageio_
14388 57704 /opt/rocketride/engine/lib/python3.12/site-packages/imageio_
14475 58632 /opt/rocketride/engine/lib/python3.12/site-packages/imageio_
14581 60320 /opt/rocketride/engine/lib/python3.12/site-packages/imageio_
14674 59660 /opt/rocketride/engine/lib/python3.12/site-packages/imageio_
14762 59016 /opt/rocketride/engine/lib/python3.12/site-packages/imageio_
14849 57560 /opt/rocketride/engine/lib/python3.12/site-packages/imageio_
14936 59044 /opt/rocketride/engine/lib/python3.12/site-packages/imageio_
15030 58936 /opt/rocketride/engine/lib/python3.12/site-packages/imageio_
15145 58640 /opt/rocketride/engine/lib/python3.12/site-packages/imageio_
15236 58760 /opt/rocketride/engine/lib/python3.12/site-packages/imageio_
15323 59896 /opt/rocketride/engine/lib/python3.12/site-packages/imageio_
15500 59132 /opt/rocketride/engine/lib/python3.12/site-packages/imageio_
15587 59016 /opt/rocketride/engine/lib/python3.12/site-packages/imageio_
15696 58648 /opt/rocketride/engine/lib/python3.12/site-packages/imageio_
15784 58784 /opt/rocketride/engine/lib/python3.12/site-packages/imageio_
15889 58300 /opt/rocketride/engine/lib/python3.12/site-packages/imageio_
1592 3992908 /opt/rocketride/engine/engine /opt/rocketride/engine/ai/node
15976 57784 /opt/rocketride/engine/lib/python3.12/site-packages/imageio_
16068 58864 /opt/rocketride/engine/lib/python3.12/site-packages/imageio_
16155 57532 /opt/rocketride/engine/lib/python3.12/site-packages/imageio_
16245 60188 /opt/rocketride/engine/lib/python3.12/site-packages/imageio_
16341 59908 /opt/rocketride/engine/lib/python3.12/site-packages/imageio_
16428 60500 /opt/rocketride/engine/lib/python3.12/site-packages/imageio_
16527 58396 /opt/rocketride/engine/lib/python3.12/site-packages/imageio_
16614 59812 /opt/rocketride/engine/lib/python3.12/site-packages/imageio_
16703 59100 /opt/rocketride/engine/lib/python3.12/site-packages/imageio_
16790 57672 /opt/rocketride/engine/lib/python3.12/site-packages/imageio_
16880 59220 /opt/rocketride/engine/lib/python3.12/site-packages/imageio_
16968 58324 /opt/rocketride/engine/lib/python3.12/site-packages/imageio_
17065 60652 /opt/rocketride/engine/lib/python3.12/site-packages/imageio_
17693 59100 /opt/rocketride/engine/lib/python3.12/site-packages/imageio_
17926 58464 /opt/rocketride/engine/lib/python3.12/site-packages/imageio_
18017 59356 /opt/rocketride/engine/lib/python3.12/site-packages/imageio_
18104 59172 /opt/rocketride/engine/lib/python3.12/site-packages/imageio_
18197 58212 /opt/rocketride/engine/lib/python3.12/site-packages/imageio_
18288 57688 /opt/rocketride/engine/lib/python3.12/site-packages/imageio_
18376 58036 /opt/rocketride/engine/lib/python3.12/site-packages/imageio_
18380 58904 /opt/rocketride/engine/lib/python3.12/site-packages/imageio_
18550 58072 /opt/rocketride/engine/lib/python3.12/site-packages/imageio_
18653 60020 /opt/rocketride/engine/lib/python3.12/site-packages/imageio_
18741 59940 /opt/rocketride/engine/lib/python3.12/site-packages/imageio_
18828 59128 /opt/rocketride/engine/lib/python3.12/site-packages/imageio_
18853 58812 /opt/rocketride/engine/lib/python3.12/site-packages/imageio_
19004 58056 /opt/rocketride/engine/lib/python3.12/site-packages/imageio_
19106 59164 /opt/rocketride/engine/lib/python3.12/site-packages/imageio_
19205 59716 /opt/rocketride/engine/lib/python3.12/site-packages/imageio_
19293 58796 /opt/rocketride/engine/lib/python3.12/site-packages/imageio_
19383 60136 /opt/rocketride/engine/lib/python3.12/site-packages/imageio_
19486 59400 /opt/rocketride/engine/lib/python3.12/site-packages/imageio_
19579 59712 /opt/rocketride/engine/lib/python3.12/site-packages/imageio_
1962 4400680 /opt/rocketride/engine/engine /opt/rocketride/engine/ai/node
19667 57916 /opt/rocketride/engine/lib/python3.12/site-packages/imageio_
19755 59080 /opt/rocketride/engine/lib/python3.12/site-packages/imageio_
19843 57928 /opt/rocketride/engine/lib/python3.12/site-packages/imageio_
19897 57988 /opt/rocketride/engine/lib/python3.12/site-packages/imageio_
20024 60264 /opt/rocketride/engine/lib/python3.12/site-packages/imageio_
20111 58964 /opt/rocketride/engine/lib/python3.12/site-packages/imageio_
20201 59136 /opt/rocketride/engine/lib/python3.12/site-packages/imageio_
20225 58604 /opt/rocketride/engine/lib/python3.12/site-packages/imageio_
20379 58112 /opt/rocketride/engine/lib/python3.12/site-packages/imageio_
20470 58824 /opt/rocketride/engine/lib/python3.12/site-packages/imageio_
20561 58920 /opt/rocketride/engine/lib/python3.12/site-packages/imageio_
20648 59640 /opt/rocketride/engine/lib/python3.12/site-packages/imageio_
20738 59836 /opt/rocketride/engine/lib/python3.12/site-packages/imageio_
20826 58400 /opt/rocketride/engine/lib/python3.12/site-packages/imageio_
20917 57912 /opt/rocketride/engine/lib/python3.12/site-packages/imageio_
21026 58508 /opt/rocketride/engine/lib/python3.12/site-packages/imageio_
21117 58532 /opt/rocketride/engine/lib/python3.12/site-packages/imageio_
21222 59240 /opt/rocketride/engine/lib/python3.12/site-packages/imageio_
21309 60176 /opt/rocketride/engine/lib/python3.12/site-packages/imageio_
21406 58188 /opt/rocketride/engine/lib/python3.12/site-packages/imageio_
21494 57648 /opt/rocketride/engine/lib/python3.12/site-packages/imageio_
21594 57848 /opt/rocketride/engine/lib/python3.12/site-packages/imageio_
21682 59980 /opt/rocketride/engine/lib/python3.12/site-packages/imageio_
21773 60380 /opt/rocketride/engine/lib/python3.12/site-packages/imageio_
21864 58712 /opt/rocketride/engine/lib/python3.12/site-packages/imageio_
21958 59696 /opt/rocketride/engine/lib/python3.12/site-packages/imageio_
22049 59300 /opt/rocketride/engine/lib/python3.12/site-packages/imageio_
22140 60668 /opt/rocketride/engine/lib/python3.12/site-packages/imageio_
22227 58768 /opt/rocketride/engine/lib/python3.12/site-packages/imageio_
22316 58460 /opt/rocketride/engine/lib/python3.12/site-packages/imageio_
22410 58620 /opt/rocketride/engine/lib/python3.12/site-packages/imageio_
22465 61096 /opt/rocketride/engine/lib/python3.12/site-packages/imageio_
22598 58088 /opt/rocketride/engine/lib/python3.12/site-packages/imageio_
22603 58856 /opt/rocketride/engine/lib/python3.12/site-packages/imageio_
22741 58608 /opt/rocketride/engine/lib/python3.12/site-packages/imageio_
22862 58364 /opt/rocketride/engine/lib/python3.12/site-packages/imageio_
22949 59380 /opt/rocketride/engine/lib/python3.12/site-packages/imageio_
23037 60016 /opt/rocketride/engine/lib/python3.12/site-packages/imageio_
23039 59528 /opt/rocketride/engine/lib/python3.12/site-packages/imageio_
23212 58300 /opt/rocketride/engine/lib/python3.12/site-packages/imageio_
23303 58924 /opt/rocketride/engine/lib/python3.12/site-packages/imageio_
23394 58936 /opt/rocketride/engine/lib/python3.12/site-packages/imageio_
23481 58064 /opt/rocketride/engine/lib/python3.12/site-packages/imageio_
2353 4451000 /opt/rocketride/engine/engine /opt/rocketride/engine/ai/node
23596 58124 /opt/rocketride/engine/lib/python3.12/site-packages/imageio_
23687 59168 /opt/rocketride/engine/lib/python3.12/site-packages/imageio_
23775 59508 /opt/rocketride/engine/lib/python3.12/site-packages/imageio_
23880 61980 /opt/rocketride/engine/lib/python3.12/site-packages/imageio_
23968 59272 /opt/rocketride/engine/lib/python3.12/site-packages/imageio_
24064 60280 /opt/rocketride/engine/lib/python3.12/site-packages/imageio_
24355 61988 /opt/rocketride/engine/lib/python3.12/site-packages/imageio_
25465 61516 /opt/rocketride/engine/lib/python3.12/site-packages/imageio_
25552 59932 /opt/rocketride/engine/lib/python3.12/site-packages/imageio_
25639 59236 /opt/rocketride/engine/lib/python3.12/site-packages/imageio_
25694 59316 /opt/rocketride/engine/lib/python3.12/site-packages/imageio_
25821 59488 /opt/rocketride/engine/lib/python3.12/site-packages/imageio_
25909 59460 /opt/rocketride/engine/lib/python3.12/site-packages/imageio_
25998 61628 /opt/rocketride/engine/lib/python3.12/site-packages/imageio_
26086 59772 /opt/rocketride/engine/lib/python3.12/site-packages/imageio_
26181 60604 /opt/rocketride/engine/lib/python3.12/site-packages/imageio_
26274 59148 /opt/rocketride/engine/lib/python3.12/site-packages/imageio_
2800 4504836 /opt/rocketride/engine/engine /opt/rocketride/engine/ai/node
31869  
3277 3956456 /opt/rocketride/engine/engine /opt/rocketride/engine/ai/node
3805 4686008 /opt/rocketride/engine/engine /opt/rocketride/engine/ai/node
4443 4375336 /opt/rocketride/engine/engine /opt/rocketride/engine/ai/node
679 4239228 /opt/rocketride/engine/engine /opt/rocketride/engine/ai/node
9120 57636 /opt/rocketride/engine/lib/python3.12/site-packages/imageio_
9210 56764 /opt/rocketride/engine/lib/python3.12/site-packages/imageio_
9211 56400 /opt/rocketride/engine/lib/python3.12/site-packages/imageio_
9939 59028 /opt/rocketride/engine/lib/python3.12/site-packages/imageio_
== 1787727936
1 142496 ./engine /opt/rocketride/engine/ai/eaas.py --host=0.0.0.0 --
10128 57364 /opt/rocketride/engine/lib/python3.12/site-packages/imageio_
10227 56536 /opt/rocketride/engine/lib/python3.12/site-packages/imageio_
10314 56632 /opt/rocketride/engine/lib/python3.12/site-packages/imageio_
10497 58600 /opt/rocketride/engine/lib/python3.12/site-packages/imageio_
10608 57352 /opt/rocketride/engine/lib/python3.12/site-packages/imageio_
10702 57932 /opt/rocketride/engine/lib/python3.12/site-packages/imageio_
10793 58988 /opt/rocketride/engine/lib/python3.12/site-packages/imageio_
11451 58312 /opt/rocketride/engine/lib/python3.12/site-packages/imageio_
11640 57920 /opt/rocketride/engine/lib/python3.12/site-packages/imageio_
11820 59856 /opt/rocketride/engine/lib/python3.12/site-packages/imageio_
12021 57544 /opt/rocketride/engine/lib/python3.12/site-packages/imageio_
12109 59476 /opt/rocketride/engine/lib/python3.12/site-packages/imageio_
12208 59596 /opt/rocketride/engine/lib/python3.12/site-packages/imageio_
12301 58476 /opt/rocketride/engine/lib/python3.12/site-packages/imageio_
12391 57884 /opt/rocketride/engine/lib/python3.12/site-packages/imageio_
12595 57980 /opt/rocketride/engine/lib/python3.12/site-packages/imageio_
12691 58416 /opt/rocketride/engine/lib/python3.12/site-packages/imageio_
12779 58828 /opt/rocketride/engine/lib/python3.12/site-packages/imageio_
12869 57788 /opt/rocketride/engine/lib/python3.12/site-packages/imageio_
12983 57876 /opt/rocketride/engine/lib/python3.12/site-packages/imageio_
13070 58312 /opt/rocketride/engine/lib/python3.12/site-packages/imageio_
13158 59828 /opt/rocketride/engine/lib/python3.12/site-packages/imageio_
13249 57732 /opt/rocketride/engine/lib/python3.12/site-packages/imageio_
13746 58128 /opt/rocketride/engine/lib/python3.12/site-packages/imageio_
13837 59044 /opt/rocketride/engine/lib/python3.12/site-packages/imageio_
13925 58536 /opt/rocketride/engine/lib/python3.12/site-packages/imageio_
14067 58668 /opt/rocketride/engine/lib/python3.12/site-packages/imageio_
14199 59552 /opt/rocketride/engine/lib/python3.12/site-packages/imageio_
14301 60248 /opt/rocketride/engine/lib/python3.12/site-packages/imageio_
14388 57724 /opt/rocketride/engine/lib/python3.12/site-packages/imageio_
14475 58772 /opt/rocketride/engine/lib/python3.12/site-packages/imageio_
14581 60340 /opt/rocketride/engine/lib/python3.12/site-packages/imageio_
14674 59736 /opt/rocketride/engine/lib/python3.12/site-packages/imageio_
14762 59128 /opt/rocketride/engine/lib/python3.12/site-packages/imageio_
14849 57632 /opt/rocketride/engine/lib/python3.12/site-packages/imageio_
14936 59052 /opt/rocketride/engine/lib/python3.12/site-packages/imageio_
15030 58976 /opt/rocketride/engine/lib/python3.12/site-packages/imageio_
15145 58792 /opt/rocketride/engine/lib/python3.12/site-packages/imageio_
15236 59132 /opt/rocketride/engine/lib/python3.12/site-packages/imageio_
15323 59928 /opt/rocketride/engine/lib/python3.12/site-packages/imageio_
15500 59160 /opt/rocketride/engine/lib/python3.12/site-packages/imageio_
15587 58860 /opt/rocketride/engine/lib/python3.12/site-packages/imageio_
15696 58792 /opt/rocketride/engine/lib/python3.12/site-packages/imageio_
15784 58792 /opt/rocketride/engine/lib/python3.12/site-packages/imageio_
15889 58328 /opt/rocketride/engine/lib/python3.12/site-packages/imageio_
1592 4179552 /opt/rocketride/engine/engine /opt/rocketride/engine/ai/node
15976 57812 /opt/rocketride/engine/lib/python3.12/site-packages/imageio_
16068 58896 /opt/rocketride/engine/lib/python3.12/site-packages/imageio_
16155 58092 /opt/rocketride/engine/lib/python3.12/site-packages/imageio_
16245 60316 /opt/rocketride/engine/lib/python3.12/site-packages/imageio_
16341 59932 /opt/rocketride/engine/lib/python3.12/site-packages/imageio_
16428 60808 /opt/rocketride/engine/lib/python3.12/site-packages/imageio_
16527 58448 /opt/rocketride/engine/lib/python3.12/site-packages/imageio_
16614 59824 /opt/rocketride/engine/lib/python3.12/site-packages/imageio_
16703 59104 /opt/rocketride/engine/lib/python3.12/site-packages/imageio_
16790 57704 /opt/rocketride/engine/lib/python3.12/site-packages/imageio_
16880 59096 /opt/rocketride/engine/lib/python3.12/site-packages/imageio_
16968 58400 /opt/rocketride/engine/lib/python3.12/site-packages/imageio_
17065 60692 /opt/rocketride/engine/lib/python3.12/site-packages/imageio_
17693 59272 /opt/rocketride/engine/lib/python3.12/site-packages/imageio_
17926 59068 /opt/rocketride/engine/lib/python3.12/site-packages/imageio_
18017 59360 /opt/rocketride/engine/lib/python3.12/site-packages/imageio_
18104 59432 /opt/rocketride/engine/lib/python3.12/site-packages/imageio_
18197 58700 /opt/rocketride/engine/lib/python3.12/site-packages/imageio_
18288 57716 /opt/rocketride/engine/lib/python3.12/site-packages/imageio_
18376 58116 /opt/rocketride/engine/lib/python3.12/site-packages/imageio_
18380 58944 /opt/rocketride/engine/lib/python3.12/site-packages/imageio_
18550 58072 /opt/rocketride/engine/lib/python3.12/site-packages/imageio_
18653 60080 /opt/rocketride/engine/lib/python3.12/site-packages/imageio_
18741 59988 /opt/rocketride/engine/lib/python3.12/site-packages/imageio_
18828 59132 /opt/rocketride/engine/lib/python3.12/site-packages/imageio_
18853 58824 /opt/rocketride/engine/lib/python3.12/site-packages/imageio_
19004 58072 /opt/rocketride/engine/lib/python3.12/site-packages/imageio_
19106 59192 /opt/rocketride/engine/lib/python3.12/site-packages/imageio_
19205 59728 /opt/rocketride/engine/lib/python3.12/site-packages/imageio_
19293 59308 /opt/rocketride/engine/lib/python3.12/site-packages/imageio_
19383 60144 /opt/rocketride/engine/lib/python3.12/site-packages/imageio_
19486 59616 /opt/rocketride/engine/lib/python3.12/site-packages/imageio_
19579 59924 /opt/rocketride/engine/lib/python3.12/site-packages/imageio_
1962 4469784 /opt/rocketride/engine/engine /opt/rocketride/engine/ai/node
19667 57980 /opt/rocketride/engine/lib/python3.12/site-packages/imageio_
19755 59340 /opt/rocketride/engine/lib/python3.12/site-packages/imageio_
19843 57944 /opt/rocketride/engine/lib/python3.12/site-packages/imageio_
19897 58012 /opt/rocketride/engine/lib/python3.12/site-packages/imageio_
20024 60672 /opt/rocketride/engine/lib/python3.12/site-packages/imageio_
20111 59004 /opt/rocketride/engine/lib/python3.12/site-packages/imageio_
20201 59160 /opt/rocketride/engine/lib/python3.12/site-packages/imageio_
20225 58824 /opt/rocketride/engine/lib/python3.12/site-packages/imageio_
20379 58304 /opt/rocketride/engine/lib/python3.12/site-packages/imageio_
20470 58828 /opt/rocketride/engine/lib/python3.12/site-packages/imageio_
20561 58924 /opt/rocketride/engine/lib/python3.12/site-packages/imageio_
20648 59724 /opt/rocketride/engine/lib/python3.12/site-packages/imageio_
20738 59652 /opt/rocketride/engine/lib/python3.12/site-packages/imageio_
20826 58376 /opt/rocketride/engine/lib/python3.12/site-packages/imageio_
20917 57944 /opt/rocketride/engine/lib/python3.12/site-packages/imageio_
21026 58520 /opt/rocketride/engine/lib/python3.12/site-packages/imageio_
21117 58444 /opt/rocketride/engine/lib/python3.12/site-packages/imageio_
21222 59360 /opt/rocketride/engine/lib/python3.12/site-packages/imageio_
21309 60208 /opt/rocketride/engine/lib/python3.12/site-packages/imageio_
21406 58224 /opt/rocketride/engine/lib/python3.12/site-packages/imageio_
21494 57708 /opt/rocketride/engine/lib/python3.12/site-packages/imageio_
21594 57868 /opt/rocketride/engine/lib/python3.12/site-packages/imageio_
21682 59964 /opt/rocketride/engine/lib/python3.12/site-packages/imageio_
21773 60392 /opt/rocketride/engine/lib/python3.12/site-packages/imageio_
21864 59388 /opt/rocketride/engine/lib/python3.12/site-packages/imageio_
21958 60076 /opt/rocketride/engine/lib/python3.12/site-packages/imageio_
22049 59312 /opt/rocketride/engine/lib/python3.12/site-packages/imageio_
22140 60708 /opt/rocketride/engine/lib/python3.12/site-packages/imageio_
22227 58820 /opt/rocketride/engine/lib/python3.12/site-packages/imageio_
22316 58776 /opt/rocketride/engine/lib/python3.12/site-packages/imageio_
22410 59524 /opt/rocketride/engine/lib/python3.12/site-packages/imageio_
22465 61120 /opt/rocketride/engine/lib/python3.12/site-packages/imageio_
22598 58120 /opt/rocketride/engine/lib/python3.12/site-packages/imageio_
22603 58888 /opt/rocketride/engine/lib/python3.12/site-packages/imageio_
22741 59188 /opt/rocketride/engine/lib/python3.12/site-packages/imageio_
22862 58368 /opt/rocketride/engine/lib/python3.12/site-packages/imageio_
22949 59416 /opt/rocketride/engine/lib/python3.12/site-packages/imageio_
23037 60040 /opt/rocketride/engine/lib/python3.12/site-packages/imageio_
23039 59920 /opt/rocketride/engine/lib/python3.12/site-packages/imageio_
23212 58572 /opt/rocketride/engine/lib/python3.12/site-packages/imageio_
23303 58976 /opt/rocketride/engine/lib/python3.12/site-packages/imageio_
23394 59924 /opt/rocketride/engine/lib/python3.12/site-packages/imageio_
23481 58068 /opt/rocketride/engine/lib/python3.12/site-packages/imageio_
2353 4336268 /opt/rocketride/engine/engine /opt/rocketride/engine/ai/node
23596 58132 /opt/rocketride/engine/lib/python3.12/site-packages/imageio_
23687 59180 /opt/rocketride/engine/lib/python3.12/site-packages/imageio_
23775 59480 /opt/rocketride/engine/lib/python3.12/site-packages/imageio_
23880 61320 /opt/rocketride/engine/lib/python3.12/site-packages/imageio_
23968 59444 /opt/rocketride/engine/lib/python3.12/site-packages/imageio_
24064 60592 /opt/rocketride/engine/lib/python3.12/site-packages/imageio_
24355 61992 /opt/rocketride/engine/lib/python3.12/site-packages/imageio_
25465 61568 /opt/rocketride/engine/lib/python3.12/site-packages/imageio_
25552 60256 /opt/rocketride/engine/lib/python3.12/site-packages/imageio_
25639 59396 /opt/rocketride/engine/lib/python3.12/site-packages/imageio_
25694 59324 /opt/rocketride/engine/lib/python3.12/site-packages/imageio_
25821 59492 /opt/rocketride/engine/lib/python3.12/site-packages/imageio_
25909 60324 /opt/rocketride/engine/lib/python3.12/site-packages/imageio_
25998 62020 /opt/rocketride/engine/lib/python3.12/site-packages/imageio_
26086 59844 /opt/rocketride/engine/lib/python3.12/site-packages/imageio_
26181 60668 /opt/rocketride/engine/lib/python3.12/site-packages/imageio_
26274 59728 /opt/rocketride/engine/lib/python3.12/site-packages/imageio_
2800 4484116 /opt/rocketride/engine/engine /opt/rocketride/engine/ai/node
3277 3998120 /opt/rocketride/engine/engine /opt/rocketride/engine/ai/node
3805 4625156 /opt/rocketride/engine/engine /opt/rocketride/engine/ai/node
4443 4375336 /opt/rocketride/engine/engine /opt/rocketride/engine/ai/node
679 4248536 /opt/rocketride/engine/engine /opt/rocketride/engine/ai/node
9939 58672 /opt/rocketride/engine/lib/python3.12/site-packages/imageio_
== 1787727997
1 142496 ./engine /opt/rocketride/engine/ai/eaas.py --host=0.0.0.0 --
10128 57384 /opt/rocketride/engine/lib/python3.12/site-packages/imageio_
10227 56540 /opt/rocketride/engine/lib/python3.12/site-packages/imageio_
10314 56648 /opt/rocketride/engine/lib/python3.12/site-packages/imageio_
10608 57364 /opt/rocketride/engine/lib/python3.12/site-packages/imageio_
10702 57932 /opt/rocketride/engine/lib/python3.12/site-packages/imageio_
10793 59024 /opt/rocketride/engine/lib/python3.12/site-packages/imageio_
11451 58320 /opt/rocketride/engine/lib/python3.12/site-packages/imageio_
11640 57932 /opt/rocketride/engine/lib/python3.12/site-packages/imageio_
11820 59880 /opt/rocketride/engine/lib/python3.12/site-packages/imageio_
12021 57544 /opt/rocketride/engine/lib/python3.12/site-packages/imageio_
12109 59720 /opt/rocketride/engine/lib/python3.12/site-packages/imageio_
12208 59612 /opt/rocketride/engine/lib/python3.12/site-packages/imageio_
12301 58192 /opt/rocketride/engine/lib/python3.12/site-packages/imageio_
12391 57896 /opt/rocketride/engine/lib/python3.12/site-packages/imageio_
12595 58032 /opt/rocketride/engine/lib/python3.12/site-packages/imageio_
12691 58432 /opt/rocketride/engine/lib/python3.12/site-packages/imageio_
12779 58828 /opt/rocketride/engine/lib/python3.12/site-packages/imageio_
12869 57868 /opt/rocketride/engine/lib/python3.12/site-packages/imageio_
12983 57896 /opt/rocketride/engine/lib/python3.12/site-packages/imageio_
13070 58336 /opt/rocketride/engine/lib/python3.12/site-packages/imageio_
13158 59840 /opt/rocketride/engine/lib/python3.12/site-packages/imageio_
13249 57748 /opt/rocketride/engine/lib/python3.12/site-packages/imageio_
13746 58128 /opt/rocketride/engine/lib/python3.12/site-packages/imageio_
13837 59964 /opt/rocketride/engine/lib/python3.12/site-packages/imageio_
13925 58584 /opt/rocketride/engine/lib/python3.12/site-packages/imageio_
14067 58688 /opt/rocketride/engine/lib/python3.12/site-packages/imageio_
14199 59140 /opt/rocketride/engine/lib/python3.12/site-packages/imageio_
14301 60284 /opt/rocketride/engine/lib/python3.12/site-packages/imageio_
14388 57728 /opt/rocketride/engine/lib/python3.12/site-packages/imageio_
14475 58928 /opt/rocketride/engine/lib/python3.12/site-packages/imageio_
14581 60376 /opt/rocketride/engine/lib/python3.12/site-packages/imageio_
14674 59952 /opt/rocketride/engine/lib/python3.12/site-packages/imageio_
14762 59248 /opt/rocketride/engine/lib/python3.12/site-packages/imageio_
14849 57664 /opt/rocketride/engine/lib/python3.12/site-packages/imageio_
14936 59064 /opt/rocketride/engine/lib/python3.12/site-packages/imageio_
15030 58980 /opt/rocketride/engine/lib/python3.12/site-packages/imageio_
15145 58988 /opt/rocketride/engine/lib/python3.12/site-packages/imageio_
15236 59248 /opt/rocketride/engine/lib/python3.12/site-packages/imageio_
15323 59956 /opt/rocketride/engine/lib/python3.12/site-packages/imageio_
15500 59168 /opt/rocketride/engine/lib/python3.12/site-packages/imageio_
15587 58868 /opt/rocketride/engine/lib/python3.12/site-packages/imageio_
15696 58960 /opt/rocketride/engine/lib/python3.12/site-packages/imageio_
15784 58796 /opt/rocketride/engine/lib/python3.12/site-packages/imageio_
15889 58360 /opt/rocketride/engine/lib/python3.12/site-packages/imageio_
1592 4199268 /opt/rocketride/engine/engine /opt/rocketride/engine/ai/node
15976 57844 /opt/rocketride/engine/lib/python3.12/site-packages/imageio_
16068 58912 /opt/rocketride/engine/lib/python3.12/site-packages/imageio_
16155 58360 /opt/rocketride/engine/lib/python3.12/site-packages/imageio_
16245 60412 /opt/rocketride/engine/lib/python3.12/site-packages/imageio_
16341 59952 /opt/rocketride/engine/lib/python3.12/site-packages/imageio_
16428 60844 /opt/rocketride/engine/lib/python3.12/site-packages/imageio_
16527 58592 /opt/rocketride/engine/lib/python3.12/site-packages/imageio_
16614 59864 /opt/rocketride/engine/lib/python3.12/site-packages/imageio_
16703 59112 /opt/rocketride/engine/lib/python3.12/site-packages/imageio_
16790 57712 /opt/rocketride/engine/lib/python3.12/site-packages/imageio_
16880 59100 /opt/rocketride/engine/lib/python3.12/site-packages/imageio_
16968 58412 /opt/rocketride/engine/lib/python3.12/site-packages/imageio_
17065 60916 /opt/rocketride/engine/lib/python3.12/site-packages/imageio_
17693 59364 /opt/rocketride/engine/lib/python3.12/site-packages/imageio_
17926 59256 /opt/rocketride/engine/lib/python3.12/site-packages/imageio_
18017 59412 /opt/rocketride/engine/lib/python3.12/site-packages/imageio_
18104 59452 /opt/rocketride/engine/lib/python3.12/site-packages/imageio_
18197 58756 /opt/rocketride/engine/lib/python3.12/site-packages/imageio_
18288 57812 /opt/rocketride/engine/lib/python3.12/site-packages/imageio_
18376 58148 /opt/rocketride/engine/lib/python3.12/site-packages/imageio_
18380 58968 /opt/rocketride/engine/lib/python3.12/site-packages/imageio_
18550 58092 /opt/rocketride/engine/lib/python3.12/site-packages/imageio_
18653 60160 /opt/rocketride/engine/lib/python3.12/site-packages/imageio_
18741 60044 /opt/rocketride/engine/lib/python3.12/site-packages/imageio_
18828 59136 /opt/rocketride/engine/lib/python3.12/site-packages/imageio_
18853 58824 /opt/rocketride/engine/lib/python3.12/site-packages/imageio_
19004 58140 /opt/rocketride/engine/lib/python3.12/site-packages/imageio_
19106 59548 /opt/rocketride/engine/lib/python3.12/site-packages/imageio_
19205 59760 /opt/rocketride/engine/lib/python3.12/site-packages/imageio_
19293 59592 /opt/rocketride/engine/lib/python3.12/site-packages/imageio_
19383 60156 /opt/rocketride/engine/lib/python3.12/site-packages/imageio_
19486 59684 /opt/rocketride/engine/lib/python3.12/site-packages/imageio_
19579 60504 /opt/rocketride/engine/lib/python3.12/site-packages/imageio_
1962 4418912 /opt/rocketride/engine/engine /opt/rocketride/engine/ai/node
19667 58060 /opt/rocketride/engine/lib/python3.12/site-packages/imageio_
19755 59344 /opt/rocketride/engine/lib/python3.12/site-packages/imageio_
19843 57988 /opt/rocketride/engine/lib/python3.12/site-packages/imageio_
19897 58040 /opt/rocketride/engine/lib/python3.12/site-packages/imageio_
20024 60676 /opt/rocketride/engine/lib/python3.12/site-packages/imageio_
20111 59036 /opt/rocketride/engine/lib/python3.12/site-packages/imageio_
20201 59196 /opt/rocketride/engine/lib/python3.12/site-packages/imageio_
20225 59236 /opt/rocketride/engine/lib/python3.12/site-packages/imageio_
20379 58424 /opt/rocketride/engine/lib/python3.12/site-packages/imageio_
20470 58856 /opt/rocketride/engine/lib/python3.12/site-packages/imageio_
20561 58940 /opt/rocketride/engine/lib/python3.12/site-packages/imageio_
20648 59872 /opt/rocketride/engine/lib/python3.12/site-packages/imageio_
20738 59660 /opt/rocketride/engine/lib/python3.12/site-packages/imageio_
20826 58640 /opt/rocketride/engine/lib/python3.12/site-packages/imageio_
20917 57948 /opt/rocketride/engine/lib/python3.12/site-packages/imageio_
21026 58536 /opt/rocketride/engine/lib/python3.12/site-packages/imageio_
21117 58196 /opt/rocketride/engine/lib/python3.12/site-packages/imageio_
21222 58972 /opt/rocketride/engine/lib/python3.12/site-packages/imageio_
21309 60236 /opt/rocketride/engine/lib/python3.12/site-packages/imageio_
21406 58236 /opt/rocketride/engine/lib/python3.12/site-packages/imageio_
21494 57776 /opt/rocketride/engine/lib/python3.12/site-packages/imageio_
21594 57876 /opt/rocketride/engine/lib/python3.12/site-packages/imageio_
21682 59980 /opt/rocketride/engine/lib/python3.12/site-packages/imageio_
21773 60428 /opt/rocketride/engine/lib/python3.12/site-packages/imageio_
21864 59512 /opt/rocketride/engine/lib/python3.12/site-packages/imageio_
21958 60324 /opt/rocketride/engine/lib/python3.12/site-packages/imageio_
22049 59316 /opt/rocketride/engine/lib/python3.12/site-packages/imageio_
22140 60728 /opt/rocketride/engine/lib/python3.12/site-packages/imageio_
22227 58824 /opt/rocketride/engine/lib/python3.12/site-packages/imageio_
22316 58940 /opt/rocketride/engine/lib/python3.12/site-packages/imageio_
22410 59688 /opt/rocketride/engine/lib/python3.12/site-packages/imageio_
22465 61152 /opt/rocketride/engine/lib/python3.12/site-packages/imageio_
22598 58136 /opt/rocketride/engine/lib/python3.12/site-packages/imageio_
22603 59188 /opt/rocketride/engine/lib/python3.12/site-packages/imageio_
22741 59748 /opt/rocketride/engine/lib/python3.12/site-packages/imageio_
22862 58644 /opt/rocketride/engine/lib/python3.12/site-packages/imageio_
22949 59428 /opt/rocketride/engine/lib/python3.12/site-packages/imageio_
23037 60060 /opt/rocketride/engine/lib/python3.12/site-packages/imageio_
23039 59984 /opt/rocketride/engine/lib/python3.12/site-packages/imageio_
23212 58844 /opt/rocketride/engine/lib/python3.12/site-packages/imageio_
23303 58992 /opt/rocketride/engine/lib/python3.12/site-packages/imageio_
23394 60428 /opt/rocketride/engine/lib/python3.12/site-packages/imageio_
23481 58196 /opt/rocketride/engine/lib/python3.12/site-packages/imageio_
2353 4363596 /opt/rocketride/engine/engine /opt/rocketride/engine/ai/node
23596 58140 /opt/rocketride/engine/lib/python3.12/site-packages/imageio_
23687 59200 /opt/rocketride/engine/lib/python3.12/site-packages/imageio_
23775 59508 /opt/rocketride/engine/lib/python3.12/site-packages/imageio_
23880 61172 /opt/rocketride/engine/lib/python3.12/site-packages/imageio_
23968 59420 /opt/rocketride/engine/lib/python3.12/site-packages/imageio_
24064 60620 /opt/rocketride/engine/lib/python3.12/site-packages/imageio_
24355 62040 /opt/rocketride/engine/lib/python3.12/site-packages/imageio_
25465 61608 /opt/rocketride/engine/lib/python3.12/site-packages/imageio_
25552 60280 /opt/rocketride/engine/lib/python3.12/site-packages/imageio_
25639 59436 /opt/rocketride/engine/lib/python3.12/site-packages/imageio_
25694 59376 /opt/rocketride/engine/lib/python3.12/site-packages/imageio_
25821 59496 /opt/rocketride/engine/lib/python3.12/site-packages/imageio_
25909 60696 /opt/rocketride/engine/lib/python3.12/site-packages/imageio_
25998 62220 /opt/rocketride/engine/lib/python3.12/site-packages/imageio_
26086 59924 /opt/rocketride/engine/lib/python3.12/site-packages/imageio_
26181 60700 /opt/rocketride/engine/lib/python3.12/site-packages/imageio_
26274 60172 /opt/rocketride/engine/lib/python3.12/site-packages/imageio_
2800 4484116 /opt/rocketride/engine/engine /opt/rocketride/engine/ai/node
3277 3981368 /opt/rocketride/engine/engine /opt/rocketride/engine/ai/node
3805 4688548 /opt/rocketride/engine/engine /opt/rocketride/engine/ai/node
4443 4479580 /opt/rocketride/engine/engine /opt/rocketride/engine/ai/node
679 4293216 /opt/rocketride/engine/engine /opt/rocketride/engine/ai/node
9939 58688 /opt/rocketride/engine/lib/python3.12/site-packages/imageio_
== 1787728058
1 142496 ./engine /opt/rocketride/engine/ai/eaas.py --host=0.0.0.0 --
10128 56732 /opt/rocketride/engine/lib/python3.12/site-packages/imageio_
10227 56540 /opt/rocketride/engine/lib/python3.12/site-packages/imageio_
10314 56648 /opt/rocketride/engine/lib/python3.12/site-packages/imageio_
10608 56948 /opt/rocketride/engine/lib/python3.12/site-packages/imageio_
10702 57932 /opt/rocketride/engine/lib/python3.12/site-packages/imageio_
10793 58676 /opt/rocketride/engine/lib/python3.12/site-packages/imageio_
11451 57996 /opt/rocketride/engine/lib/python3.12/site-packages/imageio_
11640 57512 /opt/rocketride/engine/lib/python3.12/site-packages/imageio_
11820 59916 /opt/rocketride/engine/lib/python3.12/site-packages/imageio_
12109 59548 /opt/rocketride/engine/lib/python3.12/site-packages/imageio_
12208 59616 /opt/rocketride/engine/lib/python3.12/site-packages/imageio_
12301 58212 /opt/rocketride/engine/lib/python3.12/site-packages/imageio_
12391 57484 /opt/rocketride/engine/lib/python3.12/site-packages/imageio_
12595 58032 /opt/rocketride/engine/lib/python3.12/site-packages/imageio_
12691 58448 /opt/rocketride/engine/lib/python3.12/site-packages/imageio_
12779 58828 /opt/rocketride/engine/lib/python3.12/site-packages/imageio_
12869 57912 /opt/rocketride/engine/lib/python3.12/site-packages/imageio_
12983 57916 /opt/rocketride/engine/lib/python3.12/site-packages/imageio_
13070 58364 /opt/rocketride/engine/lib/python3.12/site-packages/imageio_
13158 60028 /opt/rocketride/engine/lib/python3.12/site-packages/imageio_
13249 57780 /opt/rocketride/engine/lib/python3.12/site-packages/imageio_
13837 60160 /opt/rocketride/engine/lib/python3.12/site-packages/imageio_
13925 58584 /opt/rocketride/engine/lib/python3.12/site-packages/imageio_
14067 58280 /opt/rocketride/engine/lib/python3.12/site-packages/imageio_
14199 59148 /opt/rocketride/engine/lib/python3.12/site-packages/imageio_
14301 60324 /opt/rocketride/engine/lib/python3.12/site-packages/imageio_
14388 57744 /opt/rocketride/engine/lib/python3.12/site-packages/imageio_
14475 58932 /opt/rocketride/engine/lib/python3.12/site-packages/imageio_
14581 60420 /opt/rocketride/engine/lib/python3.12/site-packages/imageio_
14674 59992 /opt/rocketride/engine/lib/python3.12/site-packages/imageio_
14762 59272 /opt/rocketride/engine/lib/python3.12/site-packages/imageio_
14849 57684 /opt/rocketride/engine/lib/python3.12/site-packages/imageio_
14936 59080 /opt/rocketride/engine/lib/python3.12/site-packages/imageio_
15030 58988 /opt/rocketride/engine/lib/python3.12/site-packages/imageio_
15145 59056 /opt/rocketride/engine/lib/python3.12/site-packages/imageio_
15236 59380 /opt/rocketride/engine/lib/python3.12/site-packages/imageio_
15323 59984 /opt/rocketride/engine/lib/python3.12/site-packages/imageio_
15500 59188 /opt/rocketride/engine/lib/python3.12/site-packages/imageio_
15587 58868 /opt/rocketride/engine/lib/python3.12/site-packages/imageio_
15696 59096 /opt/rocketride/engine/lib/python3.12/site-packages/imageio_
15784 58812 /opt/rocketride/engine/lib/python3.12/site-packages/imageio_
15889 58380 /opt/rocketride/engine/lib/python3.12/site-packages/imageio_
1592 4255836 /opt/rocketride/engine/engine /opt/rocketride/engine/ai/node
15976 57904 /opt/rocketride/engine/lib/python3.12/site-packages/imageio_
16068 58976 /opt/rocketride/engine/lib/python3.12/site-packages/imageio_
16155 58384 /opt/rocketride/engine/lib/python3.12/site-packages/imageio_
16245 60444 /opt/rocketride/engine/lib/python3.12/site-packages/imageio_
16341 59976 /opt/rocketride/engine/lib/python3.12/site-packages/imageio_
16428 60864 /opt/rocketride/engine/lib/python3.12/site-packages/imageio_
16527 58656 /opt/rocketride/engine/lib/python3.12/site-packages/imageio_
16614 59892 /opt/rocketride/engine/lib/python3.12/site-packages/imageio_
16703 59128 /opt/rocketride/engine/lib/python3.12/site-packages/imageio_
16790 57720 /opt/rocketride/engine/lib/python3.12/site-packages/imageio_
16880 59196 /opt/rocketride/engine/lib/python3.12/site-packages/imageio_
16968 58420 /opt/rocketride/engine/lib/python3.12/site-packages/imageio_
17065 61084 /opt/rocketride/engine/lib/python3.12/site-packages/imageio_
17693 59404 /opt/rocketride/engine/lib/python3.12/site-packages/imageio_
17926 59264 /opt/rocketride/engine/lib/python3.12/site-packages/imageio_
18017 59468 /opt/rocketride/engine/lib/python3.12/site-packages/imageio_
18104 59492 /opt/rocketride/engine/lib/python3.12/site-packages/imageio_
18197 59256 /opt/rocketride/engine/lib/python3.12/site-packages/imageio_
18288 57892 /opt/rocketride/engine/lib/python3.12/site-packages/imageio_
18376 58224 /opt/rocketride/engine/lib/python3.12/site-packages/imageio_
18380 58996 /opt/rocketride/engine/lib/python3.12/site-packages/imageio_
18550 58124 /opt/rocketride/engine/lib/python3.12/site-packages/imageio_
18653 60208 /opt/rocketride/engine/lib/python3.12/site-packages/imageio_
18741 60068 /opt/rocketride/engine/lib/python3.12/site-packages/imageio_
18828 59176 /opt/rocketride/engine/lib/python3.12/site-packages/imageio_
18853 58848 /opt/rocketride/engine/lib/python3.12/site-packages/imageio_
19004 58204 /opt/rocketride/engine/lib/python3.12/site-packages/imageio_
19106 59784 /opt/rocketride/engine/lib/python3.12/site-packages/imageio_
19205 59788 /opt/rocketride/engine/lib/python3.12/site-packages/imageio_
19293 59224 /opt/rocketride/engine/lib/python3.12/site-packages/imageio_
19383 60164 /opt/rocketride/engine/lib/python3.12/site-packages/imageio_
19486 59704 /opt/rocketride/engine/lib/python3.12/site-packages/imageio_
19579 60352 /opt/rocketride/engine/lib/python3.12/site-packages/imageio_
1962 4629048 /opt/rocketride/engine/engine /opt/rocketride/engine/ai/node
19667 58200 /opt/rocketride/engine/lib/python3.12/site-packages/imageio_
19755 59344 /opt/rocketride/engine/lib/python3.12/site-packages/imageio_
19843 58008 /opt/rocketride/engine/lib/python3.12/site-packages/imageio_
19897 58076 /opt/rocketride/engine/lib/python3.12/site-packages/imageio_
20024 60680 /opt/rocketride/engine/lib/python3.12/site-packages/imageio_
20111 59072 /opt/rocketride/engine/lib/python3.12/site-packages/imageio_
20201 59212 /opt/rocketride/engine/lib/python3.12/site-packages/imageio_
20225 59372 /opt/rocketride/engine/lib/python3.12/site-packages/imageio_
20379 58564 /opt/rocketride/engine/lib/python3.12/site-packages/imageio_
20470 58908 /opt/rocketride/engine/lib/python3.12/site-packages/imageio_
20561 58968 /opt/rocketride/engine/lib/python3.12/site-packages/imageio_
20648 59956 /opt/rocketride/engine/lib/python3.12/site-packages/imageio_
20738 59672 /opt/rocketride/engine/lib/python3.12/site-packages/imageio_
20826 58592 /opt/rocketride/engine/lib/python3.12/site-packages/imageio_
20917 57964 /opt/rocketride/engine/lib/python3.12/site-packages/imageio_
21026 58544 /opt/rocketride/engine/lib/python3.12/site-packages/imageio_
21117 58212 /opt/rocketride/engine/lib/python3.12/site-packages/imageio_
21222 58868 /opt/rocketride/engine/lib/python3.12/site-packages/imageio_
21309 60244 /opt/rocketride/engine/lib/python3.12/site-packages/imageio_
21406 58268 /opt/rocketride/engine/lib/python3.12/site-packages/imageio_
21494 57864 /opt/rocketride/engine/lib/python3.12/site-packages/imageio_
21594 57912 /opt/rocketride/engine/lib/python3.12/site-packages/imageio_
21682 60044 /opt/rocketride/engine/lib/python3.12/site-packages/imageio_
21773 60436 /opt/rocketride/engine/lib/python3.12/site-packages/imageio_
21864 59512 /opt/rocketride/engine/lib/python3.12/site-packages/imageio_
21958 60352 /opt/rocketride/engine/lib/python3.12/site-packages/imageio_
22049 59316 /opt/rocketride/engine/lib/python3.12/site-packages/imageio_
22140 60756 /opt/rocketride/engine/lib/python3.12/site-packages/imageio_
22227 58860 /opt/rocketride/engine/lib/python3.12/site-packages/imageio_
22316 59212 /opt/rocketride/engine/lib/python3.12/site-packages/imageio_
22410 59700 /opt/rocketride/engine/lib/python3.12/site-packages/imageio_
22465 61560 /opt/rocketride/engine/lib/python3.12/site-packages/imageio_
22598 58160 /opt/rocketride/engine/lib/python3.12/site-packages/imageio_
22603 59676 /opt/rocketride/engine/lib/python3.12/site-packages/imageio_
22741 60348 /opt/rocketride/engine/lib/python3.12/site-packages/imageio_
22862 58660 /opt/rocketride/engine/lib/python3.12/site-packages/imageio_
22949 59444 /opt/rocketride/engine/lib/python3.12/site-packages/imageio_
23037 60068 /opt/rocketride/engine/lib/python3.12/site-packages/imageio_
23039 60004 /opt/rocketride/engine/lib/python3.12/site-packages/imageio_
23212 58996 /opt/rocketride/engine/lib/python3.12/site-packages/imageio_
23303 59000 /opt/rocketride/engine/lib/python3.12/site-packages/imageio_
23394 60600 /opt/rocketride/engine/lib/python3.12/site-packages/imageio_
23481 58244 /opt/rocketride/engine/lib/python3.12/site-packages/imageio_
2353 4473236 /opt/rocketride/engine/engine /opt/rocketride/engine/ai/node
23596 58144 /opt/rocketride/engine/lib/python3.12/site-packages/imageio_
23687 59224 /opt/rocketride/engine/lib/python3.12/site-packages/imageio_
23775 59648 /opt/rocketride/engine/lib/python3.12/site-packages/imageio_
23880 61196 /opt/rocketride/engine/lib/python3.12/site-packages/imageio_
23968 59608 /opt/rocketride/engine/lib/python3.12/site-packages/imageio_
24064 60664 /opt/rocketride/engine/lib/python3.12/site-packages/imageio_
24355 62048 /opt/rocketride/engine/lib/python3.12/site-packages/imageio_
25465 61632 /opt/rocketride/engine/lib/python3.12/site-packages/imageio_
25552 60308 /opt/rocketride/engine/lib/python3.12/site-packages/imageio_
25639 59340 /opt/rocketride/engine/lib/python3.12/site-packages/imageio_
25694 59460 /opt/rocketride/engine/lib/python3.12/site-packages/imageio_
25821 59512 /opt/rocketride/engine/lib/python3.12/site-packages/imageio_
25909 61108 /opt/rocketride/engine/lib/python3.12/site-packages/imageio_
25998 62244 /opt/rocketride/engine/lib/python3.12/site-packages/imageio_
26086 60044 /opt/rocketride/engine/lib/python3.12/site-packages/imageio_
26181 60736 /opt/rocketride/engine/lib/python3.12/site-packages/imageio_
26274 60184 /opt/rocketride/engine/lib/python3.12/site-packages/imageio_
2800 4484116 /opt/rocketride/engine/engine /opt/rocketride/engine/ai/node
3277 3964396 /opt/rocketride/engine/engine /opt/rocketride/engine/ai/node
3805 4599120 /opt/rocketride/engine/engine /opt/rocketride/engine/ai/node
4443 4375336 /opt/rocketride/engine/engine /opt/rocketride/engine/ai/node
679 4300208 /opt/rocketride/engine/engine /opt/rocketride/engine/ai/node
9939 58692 /opt/rocketride/engine/lib/python3.12/site-packages/imageio_
== 1787728119
1 142496 ./engine /opt/rocketride/engine/ai/eaas.py --host=0.0.0.0 --
10128 56752 /opt/rocketride/engine/lib/python3.12/site-packages/imageio_
10608 56952 /opt/rocketride/engine/lib/python3.12/site-packages/imageio_
10793 58724 /opt/rocketride/engine/lib/python3.12/site-packages/imageio_
11451 58036 /opt/rocketride/engine/lib/python3.12/site-packages/imageio_
11640 57512 /opt/rocketride/engine/lib/python3.12/site-packages/imageio_
11820 59936 /opt/rocketride/engine/lib/python3.12/site-packages/imageio_
12109 59684 /opt/rocketride/engine/lib/python3.12/site-packages/imageio_
12208 59200 /opt/rocketride/engine/lib/python3.12/site-packages/imageio_
12301 58220 /opt/rocketride/engine/lib/python3.12/site-packages/imageio_
12391 57488 /opt/rocketride/engine/lib/python3.12/site-packages/imageio_
12691 58476 /opt/rocketride/engine/lib/python3.12/site-packages/imageio_
12779 58872 /opt/rocketride/engine/lib/python3.12/site-packages/imageio_
12869 57940 /opt/rocketride/engine/lib/python3.12/site-packages/imageio_
12983 57932 /opt/rocketride/engine/lib/python3.12/site-packages/imageio_
13070 58380 /opt/rocketride/engine/lib/python3.12/site-packages/imageio_
13158 60060 /opt/rocketride/engine/lib/python3.12/site-packages/imageio_
13249 57788 /opt/rocketride/engine/lib/python3.12/site-packages/imageio_
13837 60164 /opt/rocketride/engine/lib/python3.12/site-packages/imageio_
13925 58604 /opt/rocketride/engine/lib/python3.12/site-packages/imageio_
14067 58296 /opt/rocketride/engine/lib/python3.12/site-packages/imageio_
14199 59148 /opt/rocketride/engine/lib/python3.12/site-packages/imageio_
14301 60376 /opt/rocketride/engine/lib/python3.12/site-packages/imageio_
14388 57752 /opt/rocketride/engine/lib/python3.12/site-packages/imageio_
14475 58964 /opt/rocketride/engine/lib/python3.12/site-packages/imageio_
14581 60472 /opt/rocketride/engine/lib/python3.12/site-packages/imageio_
14674 60028 /opt/rocketride/engine/lib/python3.12/site-packages/imageio_
14762 59280 /opt/rocketride/engine/lib/python3.12/site-packages/imageio_
14849 57724 /opt/rocketride/engine/lib/python3.12/site-packages/imageio_
14936 59092 /opt/rocketride/engine/lib/python3.12/site-packages/imageio_
15030 58988 /opt/rocketride/engine/lib/python3.12/site-packages/imageio_
15145 59072 /opt/rocketride/engine/lib/python3.12/site-packages/imageio_
15236 59524 /opt/rocketride/engine/lib/python3.12/site-packages/imageio_
15323 60076 /opt/rocketride/engine/lib/python3.12/site-packages/imageio_
15500 59224 /opt/rocketride/engine/lib/python3.12/site-packages/imageio_
15587 59016 /opt/rocketride/engine/lib/python3.12/site-packages/imageio_
15696 59168 /opt/rocketride/engine/lib/python3.12/site-packages/imageio_
15784 58816 /opt/rocketride/engine/lib/python3.12/site-packages/imageio_
15889 58400 /opt/rocketride/engine/lib/python3.12/site-packages/imageio_
1592 4243716 /opt/rocketride/engine/engine /opt/rocketride/engine/ai/node
15976 57912 /opt/rocketride/engine/lib/python3.12/site-packages/imageio_
16068 59560 /opt/rocketride/engine/lib/python3.12/site-packages/imageio_
16155 58220 /opt/rocketride/engine/lib/python3.12/site-packages/imageio_
16245 60488 /opt/rocketride/engine/lib/python3.12/site-packages/imageio_
16341 59988 /opt/rocketride/engine/lib/python3.12/site-packages/imageio_
16428 60888 /opt/rocketride/engine/lib/python3.12/site-packages/imageio_
16527 58656 /opt/rocketride/engine/lib/python3.12/site-packages/imageio_
16614 59912 /opt/rocketride/engine/lib/python3.12/site-packages/imageio_
16703 59148 /opt/rocketride/engine/lib/python3.12/site-packages/imageio_
16790 57740 /opt/rocketride/engine/lib/python3.12/site-packages/imageio_
16880 59492 /opt/rocketride/engine/lib/python3.12/site-packages/imageio_
16968 58424 /opt/rocketride/engine/lib/python3.12/site-packages/imageio_
17065 61092 /opt/rocketride/engine/lib/python3.12/site-packages/imageio_
17693 59432 /opt/rocketride/engine/lib/python3.12/site-packages/imageio_
17926 59268 /opt/rocketride/engine/lib/python3.12/site-packages/imageio_
18017 59540 /opt/rocketride/engine/lib/python3.12/site-packages/imageio_
18104 59528 /opt/rocketride/engine/lib/python3.12/site-packages/imageio_
18197 59440 /opt/rocketride/engine/lib/python3.12/site-packages/imageio_
18288 57940 /opt/rocketride/engine/lib/python3.12/site-packages/imageio_
18376 58264 /opt/rocketride/engine/lib/python3.12/site-packages/imageio_
18380 59016 /opt/rocketride/engine/lib/python3.12/site-packages/imageio_
18550 58140 /opt/rocketride/engine/lib/python3.12/site-packages/imageio_
18653 60260 /opt/rocketride/engine/lib/python3.12/site-packages/imageio_
18741 60072 /opt/rocketride/engine/lib/python3.12/site-packages/imageio_
18828 59200 /opt/rocketride/engine/lib/python3.12/site-packages/imageio_
18853 58860 /opt/rocketride/engine/lib/python3.12/site-packages/imageio_
19004 58220 /opt/rocketride/engine/lib/python3.12/site-packages/imageio_
19106 59840 /opt/rocketride/engine/lib/python3.12/site-packages/imageio_
19205 59792 /opt/rocketride/engine/lib/python3.12/site-packages/imageio_
19293 59192 /opt/rocketride/engine/lib/python3.12/site-packages/imageio_
19383 60192 /opt/rocketride/engine/lib/python3.12/site-packages/imageio_
19486 59740 /opt/rocketride/engine/lib/python3.12/site-packages/imageio_
19579 59832 /opt/rocketride/engine/lib/python3.12/site-packages/imageio_
1962 4631456 /opt/rocketride/engine/engine /opt/rocketride/engine/ai/node
19667 58240 /opt/rocketride/engine/lib/python3.12/site-packages/imageio_
19755 59348 /opt/rocketride/engine/lib/python3.12/site-packages/imageio_
19843 58012 /opt/rocketride/engine/lib/python3.12/site-packages/imageio_
19897 58080 /opt/rocketride/engine/lib/python3.12/site-packages/imageio_
20024 60684 /opt/rocketride/engine/lib/python3.12/site-packages/imageio_
20111 59204 /opt/rocketride/engine/lib/python3.12/site-packages/imageio_
20201 59256 /opt/rocketride/engine/lib/python3.12/site-packages/imageio_
20225 59380 /opt/rocketride/engine/lib/python3.12/site-packages/imageio_
20379 58692 /opt/rocketride/engine/lib/python3.12/site-packages/imageio_
20470 58956 /opt/rocketride/engine/lib/python3.12/site-packages/imageio_
20561 58984 /opt/rocketride/engine/lib/python3.12/site-packages/imageio_
20648 60112 /opt/rocketride/engine/lib/python3.12/site-packages/imageio_
20738 59676 /opt/rocketride/engine/lib/python3.12/site-packages/imageio_
20826 58716 /opt/rocketride/engine/lib/python3.12/site-packages/imageio_
20917 57972 /opt/rocketride/engine/lib/python3.12/site-packages/imageio_
21026 58620 /opt/rocketride/engine/lib/python3.12/site-packages/imageio_
21117 58368 /opt/rocketride/engine/lib/python3.12/site-packages/imageio_
21222 58900 /opt/rocketride/engine/lib/python3.12/site-packages/imageio_
21309 60260 /opt/rocketride/engine/lib/python3.12/site-packages/imageio_
21406 58292 /opt/rocketride/engine/lib/python3.12/site-packages/imageio_
21494 57936 /opt/rocketride/engine/lib/python3.12/site-packages/imageio_
21594 57920 /opt/rocketride/engine/lib/python3.12/site-packages/imageio_
21682 60280 /opt/rocketride/engine/lib/python3.12/site-packages/imageio_
21773 60444 /opt/rocketride/engine/lib/python3.12/site-packages/imageio_
21864 59520 /opt/rocketride/engine/lib/python3.12/site-packages/imageio_
21958 60396 /opt/rocketride/engine/lib/python3.12/site-packages/imageio_
22049 59320 /opt/rocketride/engine/lib/python3.12/site-packages/imageio_
22140 60760 /opt/rocketride/engine/lib/python3.12/site-packages/imageio_
22227 58868 /opt/rocketride/engine/lib/python3.12/site-packages/imageio_
22316 59224 /opt/rocketride/engine/lib/python3.12/site-packages/imageio_
22410 59716 /opt/rocketride/engine/lib/python3.12/site-packages/imageio_
22465 61592 /opt/rocketride/engine/lib/python3.12/site-packages/imageio_
22598 58184 /opt/rocketride/engine/lib/python3.12/site-packages/imageio_
22603 59696 /opt/rocketride/engine/lib/python3.12/site-packages/imageio_
22741 60564 /opt/rocketride/engine/lib/python3.12/site-packages/imageio_
22862 58680 /opt/rocketride/engine/lib/python3.12/site-packages/imageio_
22949 59468 /opt/rocketride/engine/lib/python3.12/site-packages/imageio_
23037 60212 /opt/rocketride/engine/lib/python3.12/site-packages/imageio_
23039 60096 /opt/rocketride/engine/lib/python3.12/site-packages/imageio_
23212 59136 /opt/rocketride/engine/lib/python3.12/site-packages/imageio_
23303 59028 /opt/rocketride/engine/lib/python3.12/site-packages/imageio_
23394 60636 /opt/rocketride/engine/lib/python3.12/site-packages/imageio_
23481 58256 /opt/rocketride/engine/lib/python3.12/site-packages/imageio_
2353 4326224 /opt/rocketride/engine/engine /opt/rocketride/engine/ai/node
23596 58164 /opt/rocketride/engine/lib/python3.12/site-packages/imageio_
23687 59228 /opt/rocketride/engine/lib/python3.12/site-packages/imageio_
23775 59656 /opt/rocketride/engine/lib/python3.12/site-packages/imageio_
23880 61528 /opt/rocketride/engine/lib/python3.12/site-packages/imageio_
23968 59672 /opt/rocketride/engine/lib/python3.12/site-packages/imageio_
24064 60716 /opt/rocketride/engine/lib/python3.12/site-packages/imageio_
24355 62060 /opt/rocketride/engine/lib/python3.12/site-packages/imageio_
25465 61648 /opt/rocketride/engine/lib/python3.12/site-packages/imageio_
25552 60340 /opt/rocketride/engine/lib/python3.12/site-packages/imageio_
25639 59376 /opt/rocketride/engine/lib/python3.12/site-packages/imageio_
25694 59476 /opt/rocketride/engine/lib/python3.12/site-packages/imageio_
25821 59540 /opt/rocketride/engine/lib/python3.12/site-packages/imageio_
25909 61324 /opt/rocketride/engine/lib/python3.12/site-packages/imageio_
25998 62280 /opt/rocketride/engine/lib/python3.12/site-packages/imageio_
26086 60052 /opt/rocketride/engine/lib/python3.12/site-packages/imageio_
26181 60760 /opt/rocketride/engine/lib/python3.12/site-packages/imageio_
26274 60216 /opt/rocketride/engine/lib/python3.12/site-packages/imageio_
2800 4486580 /opt/rocketride/engine/engine /opt/rocketride/engine/ai/node
3277 4056236 /opt/rocketride/engine/engine /opt/rocketride/engine/ai/node
3805 4641784 /opt/rocketride/engine/engine /opt/rocketride/engine/ai/node
4443 4414124 /opt/rocketride/engine/engine /opt/rocketride/engine/ai/node
679 4486284 /opt/rocketride/engine/engine /opt/rocketride/engine/ai/node
9939 58692 /opt/rocketride/engine/lib/python3.12/site-packages/imageio_
== 1787728180
1 142496 ./engine /opt/rocketride/engine/ai/eaas.py --host=0.0.0.0 --
10128 56752 /opt/rocketride/engine/lib/python3.12/site-packages/imageio_
10608 56956 /opt/rocketride/engine/lib/python3.12/site-packages/imageio_
10793 58728 /opt/rocketride/engine/lib/python3.12/site-packages/imageio_
11451 58064 /opt/rocketride/engine/lib/python3.12/site-packages/imageio_
11640 57512 /opt/rocketride/engine/lib/python3.12/site-packages/imageio_
11820 59968 /opt/rocketride/engine/lib/python3.12/site-packages/imageio_
12109 59712 /opt/rocketride/engine/lib/python3.12/site-packages/imageio_
12208 59204 /opt/rocketride/engine/lib/python3.12/site-packages/imageio_
12301 58224 /opt/rocketride/engine/lib/python3.12/site-packages/imageio_
12391 57504 /opt/rocketride/engine/lib/python3.12/site-packages/imageio_
12691 58504 /opt/rocketride/engine/lib/python3.12/site-packages/imageio_
12779 58448 /opt/rocketride/engine/lib/python3.12/site-packages/imageio_
12869 57940 /opt/rocketride/engine/lib/python3.12/site-packages/imageio_
12983 57940 /opt/rocketride/engine/lib/python3.12/site-packages/imageio_
13070 58396 /opt/rocketride/engine/lib/python3.12/site-packages/imageio_
13158 60084 /opt/rocketride/engine/lib/python3.12/site-packages/imageio_
13249 57788 /opt/rocketride/engine/lib/python3.12/site-packages/imageio_
13837 60180 /opt/rocketride/engine/lib/python3.12/site-packages/imageio_
13925 58640 /opt/rocketride/engine/lib/python3.12/site-packages/imageio_
14067 58296 /opt/rocketride/engine/lib/python3.12/site-packages/imageio_
14301 60612 /opt/rocketride/engine/lib/python3.12/site-packages/imageio_
14388 57920 /opt/rocketride/engine/lib/python3.12/site-packages/imageio_
14475 58984 /opt/rocketride/engine/lib/python3.12/site-packages/imageio_
14581 60536 /opt/rocketride/engine/lib/python3.12/site-packages/imageio_
14674 60252 /opt/rocketride/engine/lib/python3.12/site-packages/imageio_
14762 59284 /opt/rocketride/engine/lib/python3.12/site-packages/imageio_
14849 57768 /opt/rocketride/engine/lib/python3.12/site-packages/imageio_
14936 59120 /opt/rocketride/engine/lib/python3.12/site-packages/imageio_
15030 59000 /opt/rocketride/engine/lib/python3.12/site-packages/imageio_
15145 59080 /opt/rocketride/engine/lib/python3.12/site-packages/imageio_
15236 59560 /opt/rocketride/engine/lib/python3.12/site-packages/imageio_
15323 60164 /opt/rocketride/engine/lib/python3.12/site-packages/imageio_
15500 59236 /opt/rocketride/engine/lib/python3.12/site-packages/imageio_
15587 59032 /opt/rocketride/engine/lib/python3.12/site-packages/imageio_
15696 59248 /opt/rocketride/engine/lib/python3.12/site-packages/imageio_
15784 58820 /opt/rocketride/engine/lib/python3.12/site-packages/imageio_
15889 58408 /opt/rocketride/engine/lib/python3.12/site-packages/imageio_
1592 4264788 /opt/rocketride/engine/engine /opt/rocketride/engine/ai/node
15976 57940 /opt/rocketride/engine/lib/python3.12/site-packages/imageio_
16068 59064 /opt/rocketride/engine/lib/python3.12/site-packages/imageio_
16155 58240 /opt/rocketride/engine/lib/python3.12/site-packages/imageio_
16245 60492 /opt/rocketride/engine/lib/python3.12/site-packages/imageio_
16341 59988 /opt/rocketride/engine/lib/python3.12/site-packages/imageio_
16428 60912 /opt/rocketride/engine/lib/python3.12/site-packages/imageio_
16527 58708 /opt/rocketride/engine/lib/python3.12/site-packages/imageio_
16614 59956 /opt/rocketride/engine/lib/python3.12/site-packages/imageio_
16703 59332 /opt/rocketride/engine/lib/python3.12/site-packages/imageio_
16790 57764 /opt/rocketride/engine/lib/python3.12/site-packages/imageio_
16880 59496 /opt/rocketride/engine/lib/python3.12/site-packages/imageio_
16968 58428 /opt/rocketride/engine/lib/python3.12/site-packages/imageio_
17065 61128 /opt/rocketride/engine/lib/python3.12/site-packages/imageio_
17693 59508 /opt/rocketride/engine/lib/python3.12/site-packages/imageio_
17926 59272 /opt/rocketride/engine/lib/python3.12/site-packages/imageio_
18017 59560 /opt/rocketride/engine/lib/python3.12/site-packages/imageio_
18104 59560 /opt/rocketride/engine/lib/python3.12/site-packages/imageio_
18197 59452 /opt/rocketride/engine/lib/python3.12/site-packages/imageio_
18288 57960 /opt/rocketride/engine/lib/python3.12/site-packages/imageio_
18376 58320 /opt/rocketride/engine/lib/python3.12/site-packages/imageio_
18380 59056 /opt/rocketride/engine/lib/python3.12/site-packages/imageio_
18550 58212 /opt/rocketride/engine/lib/python3.12/site-packages/imageio_
18653 60404 /opt/rocketride/engine/lib/python3.12/site-packages/imageio_
18741 60084 /opt/rocketride/engine/lib/python3.12/site-packages/imageio_
18828 59208 /opt/rocketride/engine/lib/python3.12/site-packages/imageio_
18853 58896 /opt/rocketride/engine/lib/python3.12/site-packages/imageio_
19004 58260 /opt/rocketride/engine/lib/python3.12/site-packages/imageio_
19106 59696 /opt/rocketride/engine/lib/python3.12/site-packages/imageio_
19205 59796 /opt/rocketride/engine/lib/python3.12/site-packages/imageio_
19293 59164 /opt/rocketride/engine/lib/python3.12/site-packages/imageio_
19383 60192 /opt/rocketride/engine/lib/python3.12/site-packages/imageio_
19486 59764 /opt/rocketride/engine/lib/python3.12/site-packages/imageio_
19579 59868 /opt/rocketride/engine/lib/python3.12/site-packages/imageio_
1962 4686036 /opt/rocketride/engine/engine /opt/rocketride/engine/ai/node
19667 58256 /opt/rocketride/engine/lib/python3.12/site-packages/imageio_
19755 59432 /opt/rocketride/engine/lib/python3.12/site-packages/imageio_
19843 58024 /opt/rocketride/engine/lib/python3.12/site-packages/imageio_
19897 58084 /opt/rocketride/engine/lib/python3.12/site-packages/imageio_
20024 60708 /opt/rocketride/engine/lib/python3.12/site-packages/imageio_
20111 59276 /opt/rocketride/engine/lib/python3.12/site-packages/imageio_
20201 59284 /opt/rocketride/engine/lib/python3.12/site-packages/imageio_
20225 59384 /opt/rocketride/engine/lib/python3.12/site-packages/imageio_
20379 58832 /opt/rocketride/engine/lib/python3.12/site-packages/imageio_
20470 58960 /opt/rocketride/engine/lib/python3.12/site-packages/imageio_
20561 59008 /opt/rocketride/engine/lib/python3.12/site-packages/imageio_
20648 60196 /opt/rocketride/engine/lib/python3.12/site-packages/imageio_
20738 59852 /opt/rocketride/engine/lib/python3.12/site-packages/imageio_
20826 58900 /opt/rocketride/engine/lib/python3.12/site-packages/imageio_
20917 57996 /opt/rocketride/engine/lib/python3.12/site-packages/imageio_
21026 58636 /opt/rocketride/engine/lib/python3.12/site-packages/imageio_
21117 58372 /opt/rocketride/engine/lib/python3.12/site-packages/imageio_
21222 59264 /opt/rocketride/engine/lib/python3.12/site-packages/imageio_
21309 60324 /opt/rocketride/engine/lib/python3.12/site-packages/imageio_
21406 58308 /opt/rocketride/engine/lib/python3.12/site-packages/imageio_
21494 57992 /opt/rocketride/engine/lib/python3.12/site-packages/imageio_
21594 57932 /opt/rocketride/engine/lib/python3.12/site-packages/imageio_
21682 60712 /opt/rocketride/engine/lib/python3.12/site-packages/imageio_
21773 60484 /opt/rocketride/engine/lib/python3.12/site-packages/imageio_
21864 59524 /opt/rocketride/engine/lib/python3.12/site-packages/imageio_
21958 60428 /opt/rocketride/engine/lib/python3.12/site-packages/imageio_
22049 59320 /opt/rocketride/engine/lib/python3.12/site-packages/imageio_
22140 60784 /opt/rocketride/engine/lib/python3.12/site-packages/imageio_
22227 58960 /opt/rocketride/engine/lib/python3.12/site-packages/imageio_
22316 59224 /opt/rocketride/engine/lib/python3.12/site-packages/imageio_
22410 59728 /opt/rocketride/engine/lib/python3.12/site-packages/imageio_
22465 61236 /opt/rocketride/engine/lib/python3.12/site-packages/imageio_
22598 58220 /opt/rocketride/engine/lib/python3.12/site-packages/imageio_
22603 59244 /opt/rocketride/engine/lib/python3.12/site-packages/imageio_
22741 60428 /opt/rocketride/engine/lib/python3.12/site-packages/imageio_
22862 58680 /opt/rocketride/engine/lib/python3.12/site-packages/imageio_
22949 59496 /opt/rocketride/engine/lib/python3.12/site-packages/imageio_
23037 60220 /opt/rocketride/engine/lib/python3.12/site-packages/imageio_
23039 60152 /opt/rocketride/engine/lib/python3.12/site-packages/imageio_
23212 59284 /opt/rocketride/engine/lib/python3.12/site-packages/imageio_
23303 59060 /opt/rocketride/engine/lib/python3.12/site-packages/imageio_
23394 60664 /opt/rocketride/engine/lib/python3.12/site-packages/imageio_
23481 58428 /opt/rocketride/engine/lib/python3.12/site-packages/imageio_
2353 4455132 /opt/rocketride/engine/engine /opt/rocketride/engine/ai/node
23596 58232 /opt/rocketride/engine/lib/python3.12/site-packages/imageio_
23687 59236 /opt/rocketride/engine/lib/python3.12/site-packages/imageio_
23775 60088 /opt/rocketride/engine/lib/python3.12/site-packages/imageio_
23880 61532 /opt/rocketride/engine/lib/python3.12/site-packages/imageio_
23968 59692 /opt/rocketride/engine/lib/python3.12/site-packages/imageio_
24064 61080 /opt/rocketride/engine/lib/python3.12/site-packages/imageio_
24355 62064 /opt/rocketride/engine/lib/python3.12/site-packages/imageio_
25465 61652 /opt/rocketride/engine/lib/python3.12/site-packages/imageio_
25552 60512 /opt/rocketride/engine/lib/python3.12/site-packages/imageio_
25639 59464 /opt/rocketride/engine/lib/python3.12/site-packages/imageio_
25694 59672 /opt/rocketride/engine/lib/python3.12/site-packages/imageio_
25821 59568 /opt/rocketride/engine/lib/python3.12/site-packages/imageio_
25909 61164 /opt/rocketride/engine/lib/python3.12/site-packages/imageio_
25998 62300 /opt/rocketride/engine/lib/python3.12/site-packages/imageio_
26086 60104 /opt/rocketride/engine/lib/python3.12/site-packages/imageio_
26181 60772 /opt/rocketride/engine/lib/python3.12/site-packages/imageio_
26274 60244 /opt/rocketride/engine/lib/python3.12/site-packages/imageio_
2800 4486580 /opt/rocketride/engine/engine /opt/rocketride/engine/ai/node
3277 4017808 /opt/rocketride/engine/engine /opt/rocketride/engine/ai/node
3805 4588584 /opt/rocketride/engine/engine /opt/rocketride/engine/ai/node
4443 4461436 /opt/rocketride/engine/engine /opt/rocketride/engine/ai/node
679 4595328 /opt/rocketride/engine/engine /opt/rocketride/engine/ai/node
== 1787728241
1 142496 ./engine /opt/rocketride/engine/ai/eaas.py --host=0.0.0.0 --
11820 59596 /opt/rocketride/engine/lib/python3.12/site-packages/imageio_
12109 59848 /opt/rocketride/engine/lib/python3.12/site-packages/imageio_
12208 59204 /opt/rocketride/engine/lib/python3.12/site-packages/imageio_
12301 57824 /opt/rocketride/engine/lib/python3.12/site-packages/imageio_
12391 57504 /opt/rocketride/engine/lib/python3.12/site-packages/imageio_
12691 58544 /opt/rocketride/engine/lib/python3.12/site-packages/imageio_
12779 58452 /opt/rocketride/engine/lib/python3.12/site-packages/imageio_
12869 57956 /opt/rocketride/engine/lib/python3.12/site-packages/imageio_
12983 57952 /opt/rocketride/engine/lib/python3.12/site-packages/imageio_
13070 58404 /opt/rocketride/engine/lib/python3.12/site-packages/imageio_
13158 60124 /opt/rocketride/engine/lib/python3.12/site-packages/imageio_
13249 57808 /opt/rocketride/engine/lib/python3.12/site-packages/imageio_
13837 60200 /opt/rocketride/engine/lib/python3.12/site-packages/imageio_
13925 58668 /opt/rocketride/engine/lib/python3.12/site-packages/imageio_
14301 60504 /opt/rocketride/engine/lib/python3.12/site-packages/imageio_
14388 57792 /opt/rocketride/engine/lib/python3.12/site-packages/imageio_
14475 58992 /opt/rocketride/engine/lib/python3.12/site-packages/imageio_
14581 60548 /opt/rocketride/engine/lib/python3.12/site-packages/imageio_
14674 60260 /opt/rocketride/engine/lib/python3.12/site-packages/imageio_
14762 59292 /opt/rocketride/engine/lib/python3.12/site-packages/imageio_
14849 57804 /opt/rocketride/engine/lib/python3.12/site-packages/imageio_
14936 59148 /opt/rocketride/engine/lib/python3.12/site-packages/imageio_
15030 59036 /opt/rocketride/engine/lib/python3.12/site-packages/imageio_
15145 59096 /opt/rocketride/engine/lib/python3.12/site-packages/imageio_
15236 59644 /opt/rocketride/engine/lib/python3.12/site-packages/imageio_
15323 60204 /opt/rocketride/engine/lib/python3.12/site-packages/imageio_
15500 59256 /opt/rocketride/engine/lib/python3.12/site-packages/imageio_
15587 59048 /opt/rocketride/engine/lib/python3.12/site-packages/imageio_
15696 59340 /opt/rocketride/engine/lib/python3.12/site-packages/imageio_
15784 58824 /opt/rocketride/engine/lib/python3.12/site-packages/imageio_
15889 58416 /opt/rocketride/engine/lib/python3.12/site-packages/imageio_
1592 4265724 /opt/rocketride/engine/engine /opt/rocketride/engine/ai/node
15976 57980 /opt/rocketride/engine/lib/python3.12/site-packages/imageio_
16068 59116 /opt/rocketride/engine/lib/python3.12/site-packages/imageio_
16155 58308 /opt/rocketride/engine/lib/python3.12/site-packages/imageio_
16245 60496 /opt/rocketride/engine/lib/python3.12/site-packages/imageio_
16341 59996 /opt/rocketride/engine/lib/python3.12/site-packages/imageio_
16428 60948 /opt/rocketride/engine/lib/python3.12/site-packages/imageio_
16527 58776 /opt/rocketride/engine/lib/python3.12/site-packages/imageio_
16614 60008 /opt/rocketride/engine/lib/python3.12/site-packages/imageio_
16703 59208 /opt/rocketride/engine/lib/python3.12/site-packages/imageio_
16790 57776 /opt/rocketride/engine/lib/python3.12/site-packages/imageio_
16880 59500 /opt/rocketride/engine/lib/python3.12/site-packages/imageio_
16968 58476 /opt/rocketride/engine/lib/python3.12/site-packages/imageio_
17065 61164 /opt/rocketride/engine/lib/python3.12/site-packages/imageio_
17693 59612 /opt/rocketride/engine/lib/python3.12/site-packages/imageio_
17926 59304 /opt/rocketride/engine/lib/python3.12/site-packages/imageio_
18017 59604 /opt/rocketride/engine/lib/python3.12/site-packages/imageio_
18104 59564 /opt/rocketride/engine/lib/python3.12/site-packages/imageio_
18197 59472 /opt/rocketride/engine/lib/python3.12/site-packages/imageio_
18288 58020 /opt/rocketride/engine/lib/python3.12/site-packages/imageio_
18376 58368 /opt/rocketride/engine/lib/python3.12/site-packages/imageio_
18380 59076 /opt/rocketride/engine/lib/python3.12/site-packages/imageio_
18550 58272 /opt/rocketride/engine/lib/python3.12/site-packages/imageio_
18653 60496 /opt/rocketride/engine/lib/python3.12/site-packages/imageio_
18741 60084 /opt/rocketride/engine/lib/python3.12/site-packages/imageio_
18828 59216 /opt/rocketride/engine/lib/python3.12/site-packages/imageio_
18853 58960 /opt/rocketride/engine/lib/python3.12/site-packages/imageio_
19004 58268 /opt/rocketride/engine/lib/python3.12/site-packages/imageio_
19106 59700 /opt/rocketride/engine/lib/python3.12/site-packages/imageio_
19205 59824 /opt/rocketride/engine/lib/python3.12/site-packages/imageio_
19293 59232 /opt/rocketride/engine/lib/python3.12/site-packages/imageio_
19383 60192 /opt/rocketride/engine/lib/python3.12/site-packages/imageio_
19486 59772 /opt/rocketride/engine/lib/python3.12/site-packages/imageio_
19579 60288 /opt/rocketride/engine/lib/python3.12/site-packages/imageio_
1962 4670244 /opt/rocketride/engine/engine /opt/rocketride/engine/ai/node
19667 58288 /opt/rocketride/engine/lib/python3.12/site-packages/imageio_
19755 59436 /opt/rocketride/engine/lib/python3.12/site-packages/imageio_
19843 58032 /opt/rocketride/engine/lib/python3.12/site-packages/imageio_
19897 58088 /opt/rocketride/engine/lib/python3.12/site-packages/imageio_
20024 60728 /opt/rocketride/engine/lib/python3.12/site-packages/imageio_
20111 59292 /opt/rocketride/engine/lib/python3.12/site-packages/imageio_
20201 59300 /opt/rocketride/engine/lib/python3.12/site-packages/imageio_
20225 59388 /opt/rocketride/engine/lib/python3.12/site-packages/imageio_
20379 58856 /opt/rocketride/engine/lib/python3.12/site-packages/imageio_
20470 58972 /opt/rocketride/engine/lib/python3.12/site-packages/imageio_
20561 59060 /opt/rocketride/engine/lib/python3.12/site-packages/imageio_
20648 60204 /opt/rocketride/engine/lib/python3.12/site-packages/imageio_
20738 59860 /opt/rocketride/engine/lib/python3.12/site-packages/imageio_
20826 58900 /opt/rocketride/engine/lib/python3.12/site-packages/imageio_
20917 58076 /opt/rocketride/engine/lib/python3.12/site-packages/imageio_
21026 58672 /opt/rocketride/engine/lib/python3.12/site-packages/imageio_
21117 58404 /opt/rocketride/engine/lib/python3.12/site-packages/imageio_
21222 59344 /opt/rocketride/engine/lib/python3.12/site-packages/imageio_
21309 60444 /opt/rocketride/engine/lib/python3.12/site-packages/imageio_
21406 58332 /opt/rocketride/engine/lib/python3.12/site-packages/imageio_
21494 58012 /opt/rocketride/engine/lib/python3.12/site-packages/imageio_
21594 57936 /opt/rocketride/engine/lib/python3.12/site-packages/imageio_
21682 60764 /opt/rocketride/engine/lib/python3.12/site-packages/imageio_
21773 60484 /opt/rocketride/engine/lib/python3.12/site-packages/imageio_
21864 59588 /opt/rocketride/engine/lib/python3.12/site-packages/imageio_
21958 60476 /opt/rocketride/engine/lib/python3.12/site-packages/imageio_
22049 59324 /opt/rocketride/engine/lib/python3.12/site-packages/imageio_
22140 60804 /opt/rocketride/engine/lib/python3.12/site-packages/imageio_
22227 58972 /opt/rocketride/engine/lib/python3.12/site-packages/imageio_
22316 59232 /opt/rocketride/engine/lib/python3.12/site-packages/imageio_
22410 59744 /opt/rocketride/engine/lib/python3.12/site-packages/imageio_
22465 61256 /opt/rocketride/engine/lib/python3.12/site-packages/imageio_
22598 58228 /opt/rocketride/engine/lib/python3.12/site-packages/imageio_
22603 59104 /opt/rocketride/engine/lib/python3.12/site-packages/imageio_
22741 60496 /opt/rocketride/engine/lib/python3.12/site-packages/imageio_
22862 58688 /opt/rocketride/engine/lib/python3.12/site-packages/imageio_
22949 59512 /opt/rocketride/engine/lib/python3.12/site-packages/imageio_
23037 60240 /opt/rocketride/engine/lib/python3.12/site-packages/imageio_
23039 60404 /opt/rocketride/engine/lib/python3.12/site-packages/imageio_
23212 59364 /opt/rocketride/engine/lib/python3.12/site-packages/imageio_
23303 59068 /opt/rocketride/engine/lib/python3.12/site-packages/imageio_
23394 60700 /opt/rocketride/engine/lib/python3.12/site-packages/imageio_
23481 58600 /opt/rocketride/engine/lib/python3.12/site-packages/imageio_
2353 4393796 /opt/rocketride/engine/engine /opt/rocketride/engine/ai/node
23596 58240 /opt/rocketride/engine/lib/python3.12/site-packages/imageio_
23687 59236 /opt/rocketride/engine/lib/python3.12/site-packages/imageio_
23775 60112 /opt/rocketride/engine/lib/python3.12/site-packages/imageio_
23880 61552 /opt/rocketride/engine/lib/python3.12/site-packages/imageio_
23968 59704 /opt/rocketride/engine/lib/python3.12/site-packages/imageio_
24064 60964 /opt/rocketride/engine/lib/python3.12/site-packages/imageio_
24355 62068 /opt/rocketride/engine/lib/python3.12/site-packages/imageio_
25465 61660 /opt/rocketride/engine/lib/python3.12/site-packages/imageio_
25552 60368 /opt/rocketride/engine/lib/python3.12/site-packages/imageio_
25639 59484 /opt/rocketride/engine/lib/python3.12/site-packages/imageio_
25694 59680 /opt/rocketride/engine/lib/python3.12/site-packages/imageio_
25821 59604 /opt/rocketride/engine/lib/python3.12/site-packages/imageio_
25909 61048 /opt/rocketride/engine/lib/python3.12/site-packages/imageio_
25998 62324 /opt/rocketride/engine/lib/python3.12/site-packages/imageio_
26086 60516 /opt/rocketride/engine/lib/python3.12/site-packages/imageio_
26181 60828 /opt/rocketride/engine/lib/python3.12/site-packages/imageio_
26274 60272 /opt/rocketride/engine/lib/python3.12/site-packages/imageio_
2800 4496484 /opt/rocketride/engine/engine /opt/rocketride/engine/ai/node
3277 4013796 /opt/rocketride/engine/engine /opt/rocketride/engine/ai/node
3805 4632088 /opt/rocketride/engine/engine /opt/rocketride/engine/ai/node
4443 4421500 /opt/rocketride/engine/engine /opt/rocketride/engine/ai/node
679 5096820 /opt/rocketride/engine/engine /opt/rocketride/engine/ai/node
== 1787728302
1 142496 ./engine /opt/rocketride/engine/ai/eaas.py --host=0.0.0.0 --
11820 59644 /opt/rocketride/engine/lib/python3.12/site-packages/imageio_
12109 59532 /opt/rocketride/engine/lib/python3.12/site-packages/imageio_
12301 57828 /opt/rocketride/engine/lib/python3.12/site-packages/imageio_
12691 58572 /opt/rocketride/engine/lib/python3.12/site-packages/imageio_
12779 58452 /opt/rocketride/engine/lib/python3.12/site-packages/imageio_
12869 57532 /opt/rocketride/engine/lib/python3.12/site-packages/imageio_
12983 58000 /opt/rocketride/engine/lib/python3.12/site-packages/imageio_
13070 58404 /opt/rocketride/engine/lib/python3.12/site-packages/imageio_
13158 60160 /opt/rocketride/engine/lib/python3.12/site-packages/imageio_
13249 57852 /opt/rocketride/engine/lib/python3.12/site-packages/imageio_
13837 60260 /opt/rocketride/engine/lib/python3.12/site-packages/imageio_
13925 58720 /opt/rocketride/engine/lib/python3.12/site-packages/imageio_
14301 60600 /opt/rocketride/engine/lib/python3.12/site-packages/imageio_
14388 57900 /opt/rocketride/engine/lib/python3.12/site-packages/imageio_
14475 59004 /opt/rocketride/engine/lib/python3.12/site-packages/imageio_
14581 60568 /opt/rocketride/engine/lib/python3.12/site-packages/imageio_
14674 60072 /opt/rocketride/engine/lib/python3.12/site-packages/imageio_
14762 59300 /opt/rocketride/engine/lib/python3.12/site-packages/imageio_
14849 57832 /opt/rocketride/engine/lib/python3.12/site-packages/imageio_
14936 59160 /opt/rocketride/engine/lib/python3.12/site-packages/imageio_
15030 59172 /opt/rocketride/engine/lib/python3.12/site-packages/imageio_
15145 59140 /opt/rocketride/engine/lib/python3.12/site-packages/imageio_
15236 59716 /opt/rocketride/engine/lib/python3.12/site-packages/imageio_
15323 60216 /opt/rocketride/engine/lib/python3.12/site-packages/imageio_
15500 59268 /opt/rocketride/engine/lib/python3.12/site-packages/imageio_
15587 59080 /opt/rocketride/engine/lib/python3.12/site-packages/imageio_
15696 59388 /opt/rocketride/engine/lib/python3.12/site-packages/imageio_
15784 58828 /opt/rocketride/engine/lib/python3.12/site-packages/imageio_
15889 58420 /opt/rocketride/engine/lib/python3.12/site-packages/imageio_
1592 4245108 /opt/rocketride/engine/engine /opt/rocketride/engine/ai/node
15976 58000 /opt/rocketride/engine/lib/python3.12/site-packages/imageio_
16068 59216 /opt/rocketride/engine/lib/python3.12/site-packages/imageio_
16155 58324 /opt/rocketride/engine/lib/python3.12/site-packages/imageio_
16245 60496 /opt/rocketride/engine/lib/python3.12/site-packages/imageio_
16341 60016 /opt/rocketride/engine/lib/python3.12/site-packages/imageio_
16428 60984 /opt/rocketride/engine/lib/python3.12/site-packages/imageio_
16527 58404 /opt/rocketride/engine/lib/python3.12/site-packages/imageio_
16614 60116 /opt/rocketride/engine/lib/python3.12/site-packages/imageio_
16703 59260 /opt/rocketride/engine/lib/python3.12/site-packages/imageio_
16790 57796 /opt/rocketride/engine/lib/python3.12/site-packages/imageio_
16880 59504 /opt/rocketride/engine/lib/python3.12/site-packages/imageio_
16968 58480 /opt/rocketride/engine/lib/python3.12/site-packages/imageio_
17065 61216 /opt/rocketride/engine/lib/python3.12/site-packages/imageio_
17693 59740 /opt/rocketride/engine/lib/python3.12/site-packages/imageio_
17926 59316 /opt/rocketride/engine/lib/python3.12/site-packages/imageio_
18017 59632 /opt/rocketride/engine/lib/python3.12/site-packages/imageio_
18104 59568 /opt/rocketride/engine/lib/python3.12/site-packages/imageio_
18197 59476 /opt/rocketride/engine/lib/python3.12/site-packages/imageio_
18288 58044 /opt/rocketride/engine/lib/python3.12/site-packages/imageio_
18376 58392 /opt/rocketride/engine/lib/python3.12/site-packages/imageio_
18380 59096 /opt/rocketride/engine/lib/python3.12/site-packages/imageio_
18550 58336 /opt/rocketride/engine/lib/python3.12/site-packages/imageio_
18653 60508 /opt/rocketride/engine/lib/python3.12/site-packages/imageio_
18741 60096 /opt/rocketride/engine/lib/python3.12/site-packages/imageio_
18828 59216 /opt/rocketride/engine/lib/python3.12/site-packages/imageio_
18853 58988 /opt/rocketride/engine/lib/python3.12/site-packages/imageio_
19004 58292 /opt/rocketride/engine/lib/python3.12/site-packages/imageio_
19106 59712 /opt/rocketride/engine/lib/python3.12/site-packages/imageio_
19205 59840 /opt/rocketride/engine/lib/python3.12/site-packages/imageio_
19293 59344 /opt/rocketride/engine/lib/python3.12/site-packages/imageio_
19383 60236 /opt/rocketride/engine/lib/python3.12/site-packages/imageio_
19486 59784 /opt/rocketride/engine/lib/python3.12/site-packages/imageio_
19579 60288 /opt/rocketride/engine/lib/python3.12/site-packages/imageio_
1962 4633880 /opt/rocketride/engine/engine /opt/rocketride/engine/ai/node
19667 58304 /opt/rocketride/engine/lib/python3.12/site-packages/imageio_
19755 59436 /opt/rocketride/engine/lib/python3.12/site-packages/imageio_
19843 58052 /opt/rocketride/engine/lib/python3.12/site-packages/imageio_
19897 58104 /opt/rocketride/engine/lib/python3.12/site-packages/imageio_
20024 60772 /opt/rocketride/engine/lib/python3.12/site-packages/imageio_
20111 59172 /opt/rocketride/engine/lib/python3.12/site-packages/imageio_
20201 59480 /opt/rocketride/engine/lib/python3.12/site-packages/imageio_
20225 59412 /opt/rocketride/engine/lib/python3.12/site-packages/imageio_
20379 58872 /opt/rocketride/engine/lib/python3.12/site-packages/imageio_
20470 58988 /opt/rocketride/engine/lib/python3.12/site-packages/imageio_
20561 59068 /opt/rocketride/engine/lib/python3.12/site-packages/imageio_
20648 60204 /opt/rocketride/engine/lib/python3.12/site-packages/imageio_
20738 59860 /opt/rocketride/engine/lib/python3.12/site-packages/imageio_
20826 58972 /opt/rocketride/engine/lib/python3.12/site-packages/imageio_
20917 58252 /opt/rocketride/engine/lib/python3.12/site-packages/imageio_
21026 58680 /opt/rocketride/engine/lib/python3.12/site-packages/imageio_
21117 58432 /opt/rocketride/engine/lib/python3.12/site-packages/imageio_
21222 59212 /opt/rocketride/engine/lib/python3.12/site-packages/imageio_
21309 60592 /opt/rocketride/engine/lib/python3.12/site-packages/imageio_
21406 58336 /opt/rocketride/engine/lib/python3.12/site-packages/imageio_
21494 58024 /opt/rocketride/engine/lib/python3.12/site-packages/imageio_
21594 57936 /opt/rocketride/engine/lib/python3.12/site-packages/imageio_
21682 60816 /opt/rocketride/engine/lib/python3.12/site-packages/imageio_
21773 60488 /opt/rocketride/engine/lib/python3.12/site-packages/imageio_
21864 59668 /opt/rocketride/engine/lib/python3.12/site-packages/imageio_
21958 60744 /opt/rocketride/engine/lib/python3.12/site-packages/imageio_
22049 59328 /opt/rocketride/engine/lib/python3.12/site-packages/imageio_
22140 60836 /opt/rocketride/engine/lib/python3.12/site-packages/imageio_
22227 58980 /opt/rocketride/engine/lib/python3.12/site-packages/imageio_
22316 59232 /opt/rocketride/engine/lib/python3.12/site-packages/imageio_
22410 59776 /opt/rocketride/engine/lib/python3.12/site-packages/imageio_
22465 61268 /opt/rocketride/engine/lib/python3.12/site-packages/imageio_
22598 58232 /opt/rocketride/engine/lib/python3.12/site-packages/imageio_
22603 59140 /opt/rocketride/engine/lib/python3.12/site-packages/imageio_
22741 60520 /opt/rocketride/engine/lib/python3.12/site-packages/imageio_
22862 58692 /opt/rocketride/engine/lib/python3.12/site-packages/imageio_
22949 59516 /opt/rocketride/engine/lib/python3.12/site-packages/imageio_
23037 60240 /opt/rocketride/engine/lib/python3.12/site-packages/imageio_
23039 60432 /opt/rocketride/engine/lib/python3.12/site-packages/imageio_
23212 59396 /opt/rocketride/engine/lib/python3.12/site-packages/imageio_
23303 59172 /opt/rocketride/engine/lib/python3.12/site-packages/imageio_
23394 60724 /opt/rocketride/engine/lib/python3.12/site-packages/imageio_
23481 58616 /opt/rocketride/engine/lib/python3.12/site-packages/imageio_
2353 4449420 /opt/rocketride/engine/engine /opt/rocketride/engine/ai/node
23596 58252 /opt/rocketride/engine/lib/python3.12/site-packages/imageio_
23687 59240 /opt/rocketride/engine/lib/python3.12/site-packages/imageio_
23775 60312 /opt/rocketride/engine/lib/python3.12/site-packages/imageio_
23880 61572 /opt/rocketride/engine/lib/python3.12/site-packages/imageio_
23968 59708 /opt/rocketride/engine/lib/python3.12/site-packages/imageio_
24064 60848 /opt/rocketride/engine/lib/python3.12/site-packages/imageio_
24355 62072 /opt/rocketride/engine/lib/python3.12/site-packages/imageio_
25465 61692 /opt/rocketride/engine/lib/python3.12/site-packages/imageio_
25552 60400 /opt/rocketride/engine/lib/python3.12/site-packages/imageio_
25639 59528 /opt/rocketride/engine/lib/python3.12/site-packages/imageio_
25694 59512 /opt/rocketride/engine/lib/python3.12/site-packages/imageio_
25821 59608 /opt/rocketride/engine/lib/python3.12/site-packages/imageio_
25909 60904 /opt/rocketride/engine/lib/python3.12/site-packages/imageio_
25998 62344 /opt/rocketride/engine/lib/python3.12/site-packages/imageio_
26086 60932 /opt/rocketride/engine/lib/python3.12/site-packages/imageio_
26181 60844 /opt/rocketride/engine/lib/python3.12/site-packages/imageio_
26274 60300 /opt/rocketride/engine/lib/python3.12/site-packages/imageio_
2800 4557124 /opt/rocketride/engine/engine /opt/rocketride/engine/ai/node
3277 4262480 /opt/rocketride/engine/engine /opt/rocketride/engine/ai/node
3805 4644208 /opt/rocketride/engine/engine /opt/rocketride/engine/ai/node
4443 4445744 /opt/rocketride/engine/engine /opt/rocketride/engine/ai/node
679 5131532 /opt/rocketride/engine/engine /opt/rocketride/engine/ai/node
== 1787728363
1 142496 ./engine /opt/rocketride/engine/ai/eaas.py --host=0.0.0.0 --
12109 59536 /opt/rocketride/engine/lib/python3.12/site-packages/imageio_
12301 57828 /opt/rocketride/engine/lib/python3.12/site-packages/imageio_
12691 58592 /opt/rocketride/engine/lib/python3.12/site-packages/imageio_
12869 57564 /opt/rocketride/engine/lib/python3.12/site-packages/imageio_
12983 57632 /opt/rocketride/engine/lib/python3.12/site-packages/imageio_
13070 58408 /opt/rocketride/engine/lib/python3.12/site-packages/imageio_
13158 60192 /opt/rocketride/engine/lib/python3.12/site-packages/imageio_
13249 57944 /opt/rocketride/engine/lib/python3.12/site-packages/imageio_
13837 60548 /opt/rocketride/engine/lib/python3.12/site-packages/imageio_
13925 58724 /opt/rocketride/engine/lib/python3.12/site-packages/imageio_
14301 60636 /opt/rocketride/engine/lib/python3.12/site-packages/imageio_
14388 57328 /opt/rocketride/engine/lib/python3.12/site-packages/imageio_
14475 59012 /opt/rocketride/engine/lib/python3.12/site-packages/imageio_
14581 60580 /opt/rocketride/engine/lib/python3.12/site-packages/imageio_
14674 60076 /opt/rocketride/engine/lib/python3.12/site-packages/imageio_
14762 59312 /opt/rocketride/engine/lib/python3.12/site-packages/imageio_
14849 57868 /opt/rocketride/engine/lib/python3.12/site-packages/imageio_
14936 59188 /opt/rocketride/engine/lib/python3.12/site-packages/imageio_
15030 59368 /opt/rocketride/engine/lib/python3.12/site-packages/imageio_
15145 59152 /opt/rocketride/engine/lib/python3.12/site-packages/imageio_
15236 59848 /opt/rocketride/engine/lib/python3.12/site-packages/imageio_
15323 60240 /opt/rocketride/engine/lib/python3.12/site-packages/imageio_
15500 59300 /opt/rocketride/engine/lib/python3.12/site-packages/imageio_
15587 59092 /opt/rocketride/engine/lib/python3.12/site-packages/imageio_
15696 59392 /opt/rocketride/engine/lib/python3.12/site-packages/imageio_
15784 58832 /opt/rocketride/engine/lib/python3.12/site-packages/imageio_
15889 58424 /opt/rocketride/engine/lib/python3.12/site-packages/imageio_
1592 4205152 /opt/rocketride/engine/engine /opt/rocketride/engine/ai/node
15976 58012 /opt/rocketride/engine/lib/python3.12/site-packages/imageio_
16068 59288 /opt/rocketride/engine/lib/python3.12/site-packages/imageio_
16155 58336 /opt/rocketride/engine/lib/python3.12/site-packages/imageio_
16245 60504 /opt/rocketride/engine/lib/python3.12/site-packages/imageio_
16341 60028 /opt/rocketride/engine/lib/python3.12/site-packages/imageio_
16428 61020 /opt/rocketride/engine/lib/python3.12/site-packages/imageio_
16527 58428 /opt/rocketride/engine/lib/python3.12/site-packages/imageio_
16614 60144 /opt/rocketride/engine/lib/python3.12/site-packages/imageio_
16703 59356 /opt/rocketride/engine/lib/python3.12/site-packages/imageio_
16790 57800 /opt/rocketride/engine/lib/python3.12/site-packages/imageio_
16880 59504 /opt/rocketride/engine/lib/python3.12/site-packages/imageio_
16968 58484 /opt/rocketride/engine/lib/python3.12/site-packages/imageio_
17065 61260 /opt/rocketride/engine/lib/python3.12/site-packages/imageio_
17693 59828 /opt/rocketride/engine/lib/python3.12/site-packages/imageio_
17926 59316 /opt/rocketride/engine/lib/python3.12/site-packages/imageio_
18017 59640 /opt/rocketride/engine/lib/python3.12/site-packages/imageio_
18104 59608 /opt/rocketride/engine/lib/python3.12/site-packages/imageio_
18197 59488 /opt/rocketride/engine/lib/python3.12/site-packages/imageio_
18288 58072 /opt/rocketride/engine/lib/python3.12/site-packages/imageio_
18376 58404 /opt/rocketride/engine/lib/python3.12/site-packages/imageio_
18380 59144 /opt/rocketride/engine/lib/python3.12/site-packages/imageio_
18550 58560 /opt/rocketride/engine/lib/python3.12/site-packages/imageio_
18653 60520 /opt/rocketride/engine/lib/python3.12/site-packages/imageio_
18741 60144 /opt/rocketride/engine/lib/python3.12/site-packages/imageio_
18828 59228 /opt/rocketride/engine/lib/python3.12/site-packages/imageio_
18853 59364 /opt/rocketride/engine/lib/python3.12/site-packages/imageio_
19004 58300 /opt/rocketride/engine/lib/python3.12/site-packages/imageio_
19106 59724 /opt/rocketride/engine/lib/python3.12/site-packages/imageio_
19205 59888 /opt/rocketride/engine/lib/python3.12/site-packages/imageio_
19293 59364 /opt/rocketride/engine/lib/python3.12/site-packages/imageio_
19383 60284 /opt/rocketride/engine/lib/python3.12/site-packages/imageio_
19486 59816 /opt/rocketride/engine/lib/python3.12/site-packages/imageio_
19579 60100 /opt/rocketride/engine/lib/python3.12/site-packages/imageio_
1962 4633916 /opt/rocketride/engine/engine /opt/rocketride/engine/ai/node
19667 58344 /opt/rocketride/engine/lib/python3.12/site-packages/imageio_
19755 59488 /opt/rocketride/engine/lib/python3.12/site-packages/imageio_
19843 58068 /opt/rocketride/engine/lib/python3.12/site-packages/imageio_
19897 58164 /opt/rocketride/engine/lib/python3.12/site-packages/imageio_
20024 60796 /opt/rocketride/engine/lib/python3.12/site-packages/imageio_
20111 59204 /opt/rocketride/engine/lib/python3.12/site-packages/imageio_
20201 59492 /opt/rocketride/engine/lib/python3.12/site-packages/imageio_
20225 59416 /opt/rocketride/engine/lib/python3.12/site-packages/imageio_
20379 58948 /opt/rocketride/engine/lib/python3.12/site-packages/imageio_
20470 58992 /opt/rocketride/engine/lib/python3.12/site-packages/imageio_
20561 59096 /opt/rocketride/engine/lib/python3.12/site-packages/imageio_
20648 60208 /opt/rocketride/engine/lib/python3.12/site-packages/imageio_
20738 59864 /opt/rocketride/engine/lib/python3.12/site-packages/imageio_
20826 58972 /opt/rocketride/engine/lib/python3.12/site-packages/imageio_
20917 58308 /opt/rocketride/engine/lib/python3.12/site-packages/imageio_
21026 58692 /opt/rocketride/engine/lib/python3.12/site-packages/imageio_
21117 58444 /opt/rocketride/engine/lib/python3.12/site-packages/imageio_
21222 59232 /opt/rocketride/engine/lib/python3.12/site-packages/imageio_
21309 60660 /opt/rocketride/engine/lib/python3.12/site-packages/imageio_
21406 58360 /opt/rocketride/engine/lib/python3.12/site-packages/imageio_
21494 58044 /opt/rocketride/engine/lib/python3.12/site-packages/imageio_
21594 57948 /opt/rocketride/engine/lib/python3.12/site-packages/imageio_
21682 60924 /opt/rocketride/engine/lib/python3.12/site-packages/imageio_
21773 60492 /opt/rocketride/engine/lib/python3.12/site-packages/imageio_
21864 59788 /opt/rocketride/engine/lib/python3.12/site-packages/imageio_
21958 60760 /opt/rocketride/engine/lib/python3.12/site-packages/imageio_
22049 59440 /opt/rocketride/engine/lib/python3.12/site-packages/imageio_
22140 60864 /opt/rocketride/engine/lib/python3.12/site-packages/imageio_
22227 59000 /opt/rocketride/engine/lib/python3.12/site-packages/imageio_
22316 59232 /opt/rocketride/engine/lib/python3.12/site-packages/imageio_
22410 59796 /opt/rocketride/engine/lib/python3.12/site-packages/imageio_
22465 61276 /opt/rocketride/engine/lib/python3.12/site-packages/imageio_
22598 58316 /opt/rocketride/engine/lib/python3.12/site-packages/imageio_
22603 59300 /opt/rocketride/engine/lib/python3.12/site-packages/imageio_
22741 60548 /opt/rocketride/engine/lib/python3.12/site-packages/imageio_
22862 58696 /opt/rocketride/engine/lib/python3.12/site-packages/imageio_
22949 59524 /opt/rocketride/engine/lib/python3.12/site-packages/imageio_
23037 60240 /opt/rocketride/engine/lib/python3.12/site-packages/imageio_
23039 60316 /opt/rocketride/engine/lib/python3.12/site-packages/imageio_
23212 59608 /opt/rocketride/engine/lib/python3.12/site-packages/imageio_
23303 59204 /opt/rocketride/engine/lib/python3.12/site-packages/imageio_
23394 60752 /opt/rocketride/engine/lib/python3.12/site-packages/imageio_
23481 58460 /opt/rocketride/engine/lib/python3.12/site-packages/imageio_
2353 4449420 /opt/rocketride/engine/engine /opt/rocketride/engine/ai/node
23596 58272 /opt/rocketride/engine/lib/python3.12/site-packages/imageio_
23687 59244 /opt/rocketride/engine/lib/python3.12/site-packages/imageio_
23775 60320 /opt/rocketride/engine/lib/python3.12/site-packages/imageio_
23880 61600 /opt/rocketride/engine/lib/python3.12/site-packages/imageio_
23968 59720 /opt/rocketride/engine/lib/python3.12/site-packages/imageio_
24064 60864 /opt/rocketride/engine/lib/python3.12/site-packages/imageio_
24355 62076 /opt/rocketride/engine/lib/python3.12/site-packages/imageio_
25465 61780 /opt/rocketride/engine/lib/python3.12/site-packages/imageio_
25552 60456 /opt/rocketride/engine/lib/python3.12/site-packages/imageio_
25639 59532 /opt/rocketride/engine/lib/python3.12/site-packages/imageio_
25694 59512 /opt/rocketride/engine/lib/python3.12/site-packages/imageio_
25821 59608 /opt/rocketride/engine/lib/python3.12/site-packages/imageio_
25909 60928 /opt/rocketride/engine/lib/python3.12/site-packages/imageio_
25998 62348 /opt/rocketride/engine/lib/python3.12/site-packages/imageio_
26086 60996 /opt/rocketride/engine/lib/python3.12/site-packages/imageio_
26181 60880 /opt/rocketride/engine/lib/python3.12/site-packages/imageio_
26274 60312 /opt/rocketride/engine/lib/python3.12/site-packages/imageio_
2800 4696232 /opt/rocketride/engine/engine /opt/rocketride/engine/ai/node
3277 4293996 /opt/rocketride/engine/engine /opt/rocketride/engine/ai/node
3805 4600548 /opt/rocketride/engine/engine /opt/rocketride/engine/ai/node
4443 4460416 /opt/rocketride/engine/engine /opt/rocketride/engine/ai/node
679 5092744 /opt/rocketride/engine/engine /opt/rocketride/engine/ai/node
== 1787728424
1 142496 ./engine /opt/rocketride/engine/ai/eaas.py --host=0.0.0.0 --
12301 57828 /opt/rocketride/engine/lib/python3.12/site-packages/imageio_
12691 58620 /opt/rocketride/engine/lib/python3.12/site-packages/imageio_
12869 57564 /opt/rocketride/engine/lib/python3.12/site-packages/imageio_
12983 57640 /opt/rocketride/engine/lib/python3.12/site-packages/imageio_
13070 58408 /opt/rocketride/engine/lib/python3.12/site-packages/imageio_
13158 60252 /opt/rocketride/engine/lib/python3.12/site-packages/imageio_
13249 58008 /opt/rocketride/engine/lib/python3.12/site-packages/imageio_
13837 60376 /opt/rocketride/engine/lib/python3.12/site-packages/imageio_
13925 58820 /opt/rocketride/engine/lib/python3.12/site-packages/imageio_
14301 60672 /opt/rocketride/engine/lib/python3.12/site-packages/imageio_
14388 57336 /opt/rocketride/engine/lib/python3.12/site-packages/imageio_
14475 59024 /opt/rocketride/engine/lib/python3.12/site-packages/imageio_
14581 60608 /opt/rocketride/engine/lib/python3.12/site-packages/imageio_
14674 60100 /opt/rocketride/engine/lib/python3.12/site-packages/imageio_
14762 59316 /opt/rocketride/engine/lib/python3.12/site-packages/imageio_
14849 57936 /opt/rocketride/engine/lib/python3.12/site-packages/imageio_
14936 59208 /opt/rocketride/engine/lib/python3.12/site-packages/imageio_
15030 59448 /opt/rocketride/engine/lib/python3.12/site-packages/imageio_
15145 59156 /opt/rocketride/engine/lib/python3.12/site-packages/imageio_
15236 59888 /opt/rocketride/engine/lib/python3.12/site-packages/imageio_
15323 60264 /opt/rocketride/engine/lib/python3.12/site-packages/imageio_
15500 59312 /opt/rocketride/engine/lib/python3.12/site-packages/imageio_
15587 59100 /opt/rocketride/engine/lib/python3.12/site-packages/imageio_
15696 59404 /opt/rocketride/engine/lib/python3.12/site-packages/imageio_
15784 58832 /opt/rocketride/engine/lib/python3.12/site-packages/imageio_
15889 58448 /opt/rocketride/engine/lib/python3.12/site-packages/imageio_
1592 4205156 /opt/rocketride/engine/engine /opt/rocketride/engine/ai/node
15976 58024 /opt/rocketride/engine/lib/python3.12/site-packages/imageio_
16068 59344 /opt/rocketride/engine/lib/python3.12/site-packages/imageio_
16155 58344 /opt/rocketride/engine/lib/python3.12/site-packages/imageio_
16245 60504 /opt/rocketride/engine/lib/python3.12/site-packages/imageio_
16341 60036 /opt/rocketride/engine/lib/python3.12/site-packages/imageio_
16428 61036 /opt/rocketride/engine/lib/python3.12/site-packages/imageio_
16527 58428 /opt/rocketride/engine/lib/python3.12/site-packages/imageio_
16614 60196 /opt/rocketride/engine/lib/python3.12/site-packages/imageio_
16703 59360 /opt/rocketride/engine/lib/python3.12/site-packages/imageio_
16790 57808 /opt/rocketride/engine/lib/python3.12/site-packages/imageio_
16880 59524 /opt/rocketride/engine/lib/python3.12/site-packages/imageio_
16968 58636 /opt/rocketride/engine/lib/python3.12/site-packages/imageio_
17065 61280 /opt/rocketride/engine/lib/python3.12/site-packages/imageio_
17693 59924 /opt/rocketride/engine/lib/python3.12/site-packages/imageio_
17926 59324 /opt/rocketride/engine/lib/python3.12/site-packages/imageio_
18017 59684 /opt/rocketride/engine/lib/python3.12/site-packages/imageio_
18104 59668 /opt/rocketride/engine/lib/python3.12/site-packages/imageio_
18197 59540 /opt/rocketride/engine/lib/python3.12/site-packages/imageio_
18288 58124 /opt/rocketride/engine/lib/python3.12/site-packages/imageio_
18376 58432 /opt/rocketride/engine/lib/python3.12/site-packages/imageio_
18380 59152 /opt/rocketride/engine/lib/python3.12/site-packages/imageio_
18550 58576 /opt/rocketride/engine/lib/python3.12/site-packages/imageio_
18653 60528 /opt/rocketride/engine/lib/python3.12/site-packages/imageio_
18741 60160 /opt/rocketride/engine/lib/python3.12/site-packages/imageio_
18828 59252 /opt/rocketride/engine/lib/python3.12/site-packages/imageio_
18853 60064 /opt/rocketride/engine/lib/python3.12/site-packages/imageio_
19004 58304 /opt/rocketride/engine/lib/python3.12/site-packages/imageio_
19106 59932 /opt/rocketride/engine/lib/python3.12/site-packages/imageio_
19205 59916 /opt/rocketride/engine/lib/python3.12/site-packages/imageio_
19293 59388 /opt/rocketride/engine/lib/python3.12/site-packages/imageio_
19383 60300 /opt/rocketride/engine/lib/python3.12/site-packages/imageio_
19486 59824 /opt/rocketride/engine/lib/python3.12/site-packages/imageio_
19579 60100 /opt/rocketride/engine/lib/python3.12/site-packages/imageio_
1962 4633916 /opt/rocketride/engine/engine /opt/rocketride/engine/ai/node
19667 58372 /opt/rocketride/engine/lib/python3.12/site-packages/imageio_
19755 59540 /opt/rocketride/engine/lib/python3.12/site-packages/imageio_
19843 58096 /opt/rocketride/engine/lib/python3.12/site-packages/imageio_
19897 58300 /opt/rocketride/engine/lib/python3.12/site-packages/imageio_
20024 61032 /opt/rocketride/engine/lib/python3.12/site-packages/imageio_
20111 59220 /opt/rocketride/engine/lib/python3.12/site-packages/imageio_
20201 59376 /opt/rocketride/engine/lib/python3.12/site-packages/imageio_
20225 59432 /opt/rocketride/engine/lib/python3.12/site-packages/imageio_
20379 58956 /opt/rocketride/engine/lib/python3.12/site-packages/imageio_
20470 59000 /opt/rocketride/engine/lib/python3.12/site-packages/imageio_
20561 59104 /opt/rocketride/engine/lib/python3.12/site-packages/imageio_
20648 60220 /opt/rocketride/engine/lib/python3.12/site-packages/imageio_
20738 59864 /opt/rocketride/engine/lib/python3.12/site-packages/imageio_
20826 58988 /opt/rocketride/engine/lib/python3.12/site-packages/imageio_
20917 58200 /opt/rocketride/engine/lib/python3.12/site-packages/imageio_
21026 58696 /opt/rocketride/engine/lib/python3.12/site-packages/imageio_
21117 58448 /opt/rocketride/engine/lib/python3.12/site-packages/imageio_
21222 59280 /opt/rocketride/engine/lib/python3.12/site-packages/imageio_
21309 60676 /opt/rocketride/engine/lib/python3.12/site-packages/imageio_
21406 58376 /opt/rocketride/engine/lib/python3.12/site-packages/imageio_
21494 58072 /opt/rocketride/engine/lib/python3.12/site-packages/imageio_
21594 57952 /opt/rocketride/engine/lib/python3.12/site-packages/imageio_
21682 61012 /opt/rocketride/engine/lib/python3.12/site-packages/imageio_
21773 60520 /opt/rocketride/engine/lib/python3.12/site-packages/imageio_
21864 59792 /opt/rocketride/engine/lib/python3.12/site-packages/imageio_
21958 60560 /opt/rocketride/engine/lib/python3.12/site-packages/imageio_
22049 59444 /opt/rocketride/engine/lib/python3.12/site-packages/imageio_
22140 60868 /opt/rocketride/engine/lib/python3.12/site-packages/imageio_
22227 59032 /opt/rocketride/engine/lib/python3.12/site-packages/imageio_
22316 59236 /opt/rocketride/engine/lib/python3.12/site-packages/imageio_
22410 59800 /opt/rocketride/engine/lib/python3.12/site-packages/imageio_
22465 61356 /opt/rocketride/engine/lib/python3.12/site-packages/imageio_
22598 58344 /opt/rocketride/engine/lib/python3.12/site-packages/imageio_
22603 59324 /opt/rocketride/engine/lib/python3.12/site-packages/imageio_
22741 60560 /opt/rocketride/engine/lib/python3.12/site-packages/imageio_
22862 58728 /opt/rocketride/engine/lib/python3.12/site-packages/imageio_
22949 59528 /opt/rocketride/engine/lib/python3.12/site-packages/imageio_
23037 60244 /opt/rocketride/engine/lib/python3.12/site-packages/imageio_
23039 60340 /opt/rocketride/engine/lib/python3.12/site-packages/imageio_
23212 59964 /opt/rocketride/engine/lib/python3.12/site-packages/imageio_
23303 59244 /opt/rocketride/engine/lib/python3.12/site-packages/imageio_
23394 60776 /opt/rocketride/engine/lib/python3.12/site-packages/imageio_
23481 58476 /opt/rocketride/engine/lib/python3.12/site-packages/imageio_
2353 4454268 /opt/rocketride/engine/engine /opt/rocketride/engine/ai/node
23596 58284 /opt/rocketride/engine/lib/python3.12/site-packages/imageio_
23687 59288 /opt/rocketride/engine/lib/python3.12/site-packages/imageio_
23775 60188 /opt/rocketride/engine/lib/python3.12/site-packages/imageio_
23880 61624 /opt/rocketride/engine/lib/python3.12/site-packages/imageio_
23968 59724 /opt/rocketride/engine/lib/python3.12/site-packages/imageio_
24064 60876 /opt/rocketride/engine/lib/python3.12/site-packages/imageio_
24355 62088 /opt/rocketride/engine/lib/python3.12/site-packages/imageio_
25465 61864 /opt/rocketride/engine/lib/python3.12/site-packages/imageio_
25552 60680 /opt/rocketride/engine/lib/python3.12/site-packages/imageio_
25639 59536 /opt/rocketride/engine/lib/python3.12/site-packages/imageio_
25694 59516 /opt/rocketride/engine/lib/python3.12/site-packages/imageio_
25821 59612 /opt/rocketride/engine/lib/python3.12/site-packages/imageio_
25909 61172 /opt/rocketride/engine/lib/python3.12/site-packages/imageio_
25998 62360 /opt/rocketride/engine/lib/python3.12/site-packages/imageio_
26086 60692 /opt/rocketride/engine/lib/python3.12/site-packages/imageio_
26181 60892 /opt/rocketride/engine/lib/python3.12/site-packages/imageio_
26274 60332 /opt/rocketride/engine/lib/python3.12/site-packages/imageio_
2800 4509988 /opt/rocketride/engine/engine /opt/rocketride/engine/ai/node
3277 4274632 /opt/rocketride/engine/engine /opt/rocketride/engine/ai/node
3805 4596384 /opt/rocketride/engine/engine /opt/rocketride/engine/ai/node
4443 4540068 /opt/rocketride/engine/engine /opt/rocketride/engine/ai/node
679 5100016 /opt/rocketride/engine/engine /opt/rocketride/engine/ai/node
== 1787728485
1 142496 ./engine /opt/rocketride/engine/ai/eaas.py --host=0.0.0.0 --
12691 58224 /opt/rocketride/engine/lib/python3.12/site-packages/imageio_
13070 58408 /opt/rocketride/engine/lib/python3.12/site-packages/imageio_
13158 59904 /opt/rocketride/engine/lib/python3.12/site-packages/imageio_
13249 58088 /opt/rocketride/engine/lib/python3.12/site-packages/imageio_
13837 60024 /opt/rocketride/engine/lib/python3.12/site-packages/imageio_
13925 58440 /opt/rocketride/engine/lib/python3.12/site-packages/imageio_
14301 60700 /opt/rocketride/engine/lib/python3.12/site-packages/imageio_
14475 59032 /opt/rocketride/engine/lib/python3.12/site-packages/imageio_
14581 60640 /opt/rocketride/engine/lib/python3.12/site-packages/imageio_
14674 60112 /opt/rocketride/engine/lib/python3.12/site-packages/imageio_
14762 59368 /opt/rocketride/engine/lib/python3.12/site-packages/imageio_
14849 57528 /opt/rocketride/engine/lib/python3.12/site-packages/imageio_
14936 59232 /opt/rocketride/engine/lib/python3.12/site-packages/imageio_
15030 59468 /opt/rocketride/engine/lib/python3.12/site-packages/imageio_
15145 59164 /opt/rocketride/engine/lib/python3.12/site-packages/imageio_
15236 59892 /opt/rocketride/engine/lib/python3.12/site-packages/imageio_
15323 59940 /opt/rocketride/engine/lib/python3.12/site-packages/imageio_
15500 59332 /opt/rocketride/engine/lib/python3.12/site-packages/imageio_
15587 59112 /opt/rocketride/engine/lib/python3.12/site-packages/imageio_
15696 59428 /opt/rocketride/engine/lib/python3.12/site-packages/imageio_
15784 58860 /opt/rocketride/engine/lib/python3.12/site-packages/imageio_
15889 58480 /opt/rocketride/engine/lib/python3.12/site-packages/imageio_
1592 4205156 /opt/rocketride/engine/engine /opt/rocketride/engine/ai/node
15976 58052 /opt/rocketride/engine/lib/python3.12/site-packages/imageio_
16068 59384 /opt/rocketride/engine/lib/python3.12/site-packages/imageio_
16155 57956 /opt/rocketride/engine/lib/python3.12/site-packages/imageio_
16245 60516 /opt/rocketride/engine/lib/python3.12/site-packages/imageio_
16341 60056 /opt/rocketride/engine/lib/python3.12/site-packages/imageio_
16428 61060 /opt/rocketride/engine/lib/python3.12/site-packages/imageio_
16614 60272 /opt/rocketride/engine/lib/python3.12/site-packages/imageio_
16703 59468 /opt/rocketride/engine/lib/python3.12/site-packages/imageio_
16790 57808 /opt/rocketride/engine/lib/python3.12/site-packages/imageio_
16880 59532 /opt/rocketride/engine/lib/python3.12/site-packages/imageio_
16968 58680 /opt/rocketride/engine/lib/python3.12/site-packages/imageio_
17065 61308 /opt/rocketride/engine/lib/python3.12/site-packages/imageio_
17693 59964 /opt/rocketride/engine/lib/python3.12/site-packages/imageio_
17926 59348 /opt/rocketride/engine/lib/python3.12/site-packages/imageio_
18017 59696 /opt/rocketride/engine/lib/python3.12/site-packages/imageio_
18104 59728 /opt/rocketride/engine/lib/python3.12/site-packages/imageio_
18197 59552 /opt/rocketride/engine/lib/python3.12/site-packages/imageio_
18288 58156 /opt/rocketride/engine/lib/python3.12/site-packages/imageio_
18376 58436 /opt/rocketride/engine/lib/python3.12/site-packages/imageio_
18380 59160 /opt/rocketride/engine/lib/python3.12/site-packages/imageio_
18550 58448 /opt/rocketride/engine/lib/python3.12/site-packages/imageio_
18653 60528 /opt/rocketride/engine/lib/python3.12/site-packages/imageio_
18741 60192 /opt/rocketride/engine/lib/python3.12/site-packages/imageio_
18828 59256 /opt/rocketride/engine/lib/python3.12/site-packages/imageio_
18853 59776 /opt/rocketride/engine/lib/python3.12/site-packages/imageio_
19004 58320 /opt/rocketride/engine/lib/python3.12/site-packages/imageio_
19106 60008 /opt/rocketride/engine/lib/python3.12/site-packages/imageio_
19205 59952 /opt/rocketride/engine/lib/python3.12/site-packages/imageio_
19293 59396 /opt/rocketride/engine/lib/python3.12/site-packages/imageio_
19383 60308 /opt/rocketride/engine/lib/python3.12/site-packages/imageio_
19486 59824 /opt/rocketride/engine/lib/python3.12/site-packages/imageio_
19579 60124 /opt/rocketride/engine/lib/python3.12/site-packages/imageio_
1962 4634096 /opt/rocketride/engine/engine /opt/rocketride/engine/ai/node
19667 58388 /opt/rocketride/engine/lib/python3.12/site-packages/imageio_
19755 59584 /opt/rocketride/engine/lib/python3.12/site-packages/imageio_
19843 58112 /opt/rocketride/engine/lib/python3.12/site-packages/imageio_
19897 58328 /opt/rocketride/engine/lib/python3.12/site-packages/imageio_
20024 61032 /opt/rocketride/engine/lib/python3.12/site-packages/imageio_
20111 59252 /opt/rocketride/engine/lib/python3.12/site-packages/imageio_
20201 59396 /opt/rocketride/engine/lib/python3.12/site-packages/imageio_
20225 59460 /opt/rocketride/engine/lib/python3.12/site-packages/imageio_
20379 58988 /opt/rocketride/engine/lib/python3.12/site-packages/imageio_
20470 59008 /opt/rocketride/engine/lib/python3.12/site-packages/imageio_
20561 59112 /opt/rocketride/engine/lib/python3.12/site-packages/imageio_
20648 60232 /opt/rocketride/engine/lib/python3.12/site-packages/imageio_
20738 59864 /opt/rocketride/engine/lib/python3.12/site-packages/imageio_
20826 59084 /opt/rocketride/engine/lib/python3.12/site-packages/imageio_
20917 58272 /opt/rocketride/engine/lib/python3.12/site-packages/imageio_
21026 58748 /opt/rocketride/engine/lib/python3.12/site-packages/imageio_
21117 58452 /opt/rocketride/engine/lib/python3.12/site-packages/imageio_
21222 59312 /opt/rocketride/engine/lib/python3.12/site-packages/imageio_
21309 60680 /opt/rocketride/engine/lib/python3.12/site-packages/imageio_
21406 58380 /opt/rocketride/engine/lib/python3.12/site-packages/imageio_
21494 58084 /opt/rocketride/engine/lib/python3.12/site-packages/imageio_
21594 57960 /opt/rocketride/engine/lib/python3.12/site-packages/imageio_
21682 61088 /opt/rocketride/engine/lib/python3.12/site-packages/imageio_
21773 60540 /opt/rocketride/engine/lib/python3.12/site-packages/imageio_
21864 59792 /opt/rocketride/engine/lib/python3.12/site-packages/imageio_
21958 60560 /opt/rocketride/engine/lib/python3.12/site-packages/imageio_
22049 59476 /opt/rocketride/engine/lib/python3.12/site-packages/imageio_
22140 60872 /opt/rocketride/engine/lib/python3.12/site-packages/imageio_
22227 59056 /opt/rocketride/engine/lib/python3.12/site-packages/imageio_
22316 59240 /opt/rocketride/engine/lib/python3.12/site-packages/imageio_
22410 59844 /opt/rocketride/engine/lib/python3.12/site-packages/imageio_
22465 61396 /opt/rocketride/engine/lib/python3.12/site-packages/imageio_
22598 58356 /opt/rocketride/engine/lib/python3.12/site-packages/imageio_
22603 59324 /opt/rocketride/engine/lib/python3.12/site-packages/imageio_
22741 60560 /opt/rocketride/engine/lib/python3.12/site-packages/imageio_
22862 58760 /opt/rocketride/engine/lib/python3.12/site-packages/imageio_
22949 59540 /opt/rocketride/engine/lib/python3.12/site-packages/imageio_
23037 60256 /opt/rocketride/engine/lib/python3.12/site-packages/imageio_
23039 60340 /opt/rocketride/engine/lib/python3.12/site-packages/imageio_
23212 59528 /opt/rocketride/engine/lib/python3.12/site-packages/imageio_
23303 59252 /opt/rocketride/engine/lib/python3.12/site-packages/imageio_
23394 60788 /opt/rocketride/engine/lib/python3.12/site-packages/imageio_
23481 58476 /opt/rocketride/engine/lib/python3.12/site-packages/imageio_
2353 4456692 /opt/rocketride/engine/engine /opt/rocketride/engine/ai/node
23596 58292 /opt/rocketride/engine/lib/python3.12/site-packages/imageio_
23687 59296 /opt/rocketride/engine/lib/python3.12/site-packages/imageio_
23775 60192 /opt/rocketride/engine/lib/python3.12/site-packages/imageio_
23880 61644 /opt/rocketride/engine/lib/python3.12/site-packages/imageio_
23968 59768 /opt/rocketride/engine/lib/python3.12/site-packages/imageio_
24064 60876 /opt/rocketride/engine/lib/python3.12/site-packages/imageio_
24355 62088 /opt/rocketride/engine/lib/python3.12/site-packages/imageio_
25465 61888 /opt/rocketride/engine/lib/python3.12/site-packages/imageio_
25552 61196 /opt/rocketride/engine/lib/python3.12/site-packages/imageio_
25639 59540 /opt/rocketride/engine/lib/python3.12/site-packages/imageio_
25694 59520 /opt/rocketride/engine/lib/python3.12/site-packages/imageio_
25821 59616 /opt/rocketride/engine/lib/python3.12/site-packages/imageio_
25909 61196 /opt/rocketride/engine/lib/python3.12/site-packages/imageio_
25998 62416 /opt/rocketride/engine/lib/python3.12/site-packages/imageio_
26086 60332 /opt/rocketride/engine/lib/python3.12/site-packages/imageio_
26181 60908 /opt/rocketride/engine/lib/python3.12/site-packages/imageio_
26274 60344 /opt/rocketride/engine/lib/python3.12/site-packages/imageio_
2800 4509988 /opt/rocketride/engine/engine /opt/rocketride/engine/ai/node
3277 4343016 /opt/rocketride/engine/engine /opt/rocketride/engine/ai/node
3805 4637524 /opt/rocketride/engine/engine /opt/rocketride/engine/ai/node
4443 4713436 /opt/rocketride/engine/engine /opt/rocketride/engine/ai/node
679 5100016 /opt/rocketride/engine/engine /opt/rocketride/engine/ai/node
== 1787728546
1 142588 ./engine /opt/rocketride/engine/ai/eaas.py --host=0.0.0.0 --
12691 58224 /opt/rocketride/engine/lib/python3.12/site-packages/imageio_
13070 58412 /opt/rocketride/engine/lib/python3.12/site-packages/imageio_
13249 57692 /opt/rocketride/engine/lib/python3.12/site-packages/imageio_
13837 60024 /opt/rocketride/engine/lib/python3.12/site-packages/imageio_
13925 58452 /opt/rocketride/engine/lib/python3.12/site-packages/imageio_
14301 60716 /opt/rocketride/engine/lib/python3.12/site-packages/imageio_
14475 59032 /opt/rocketride/engine/lib/python3.12/site-packages/imageio_
14581 60656 /opt/rocketride/engine/lib/python3.12/site-packages/imageio_
14674 60140 /opt/rocketride/engine/lib/python3.12/site-packages/imageio_
14762 59396 /opt/rocketride/engine/lib/python3.12/site-packages/imageio_
14849 57536 /opt/rocketride/engine/lib/python3.12/site-packages/imageio_
14936 58816 /opt/rocketride/engine/lib/python3.12/site-packages/imageio_
15030 59484 /opt/rocketride/engine/lib/python3.12/site-packages/imageio_
15145 59184 /opt/rocketride/engine/lib/python3.12/site-packages/imageio_
15236 59900 /opt/rocketride/engine/lib/python3.12/site-packages/imageio_
15323 59972 /opt/rocketride/engine/lib/python3.12/site-packages/imageio_
15500 59368 /opt/rocketride/engine/lib/python3.12/site-packages/imageio_
15587 59120 /opt/rocketride/engine/lib/python3.12/site-packages/imageio_
15696 59028 /opt/rocketride/engine/lib/python3.12/site-packages/imageio_
15784 58864 /opt/rocketride/engine/lib/python3.12/site-packages/imageio_
15889 57888 /opt/rocketride/engine/lib/python3.12/site-packages/imageio_
1592 4205156 /opt/rocketride/engine/engine /opt/rocketride/engine/ai/node
15976 58092 /opt/rocketride/engine/lib/python3.12/site-packages/imageio_
16068 59396 /opt/rocketride/engine/lib/python3.12/site-packages/imageio_
16155 57968 /opt/rocketride/engine/lib/python3.12/site-packages/imageio_
16245 60516 /opt/rocketride/engine/lib/python3.12/site-packages/imageio_
16341 60060 /opt/rocketride/engine/lib/python3.12/site-packages/imageio_
16428 61068 /opt/rocketride/engine/lib/python3.12/site-packages/imageio_
16614 59868 /opt/rocketride/engine/lib/python3.12/site-packages/imageio_
16703 59828 /opt/rocketride/engine/lib/python3.12/site-packages/imageio_
16790 57396 /opt/rocketride/engine/lib/python3.12/site-packages/imageio_
16880 59584 /opt/rocketride/engine/lib/python3.12/site-packages/imageio_
16968 58584 /opt/rocketride/engine/lib/python3.12/site-packages/imageio_
17065 61328 /opt/rocketride/engine/lib/python3.12/site-packages/imageio_
17693 60020 /opt/rocketride/engine/lib/python3.12/site-packages/imageio_
17926 59372 /opt/rocketride/engine/lib/python3.12/site-packages/imageio_
18017 59708 /opt/rocketride/engine/lib/python3.12/site-packages/imageio_
18104 59736 /opt/rocketride/engine/lib/python3.12/site-packages/imageio_
18197 59576 /opt/rocketride/engine/lib/python3.12/site-packages/imageio_
18288 58168 /opt/rocketride/engine/lib/python3.12/site-packages/imageio_
18376 58468 /opt/rocketride/engine/lib/python3.12/site-packages/imageio_
18380 59172 /opt/rocketride/engine/lib/python3.12/site-packages/imageio_
18550 58452 /opt/rocketride/engine/lib/python3.12/site-packages/imageio_
18653 60540 /opt/rocketride/engine/lib/python3.12/site-packages/imageio_
18741 60216 /opt/rocketride/engine/lib/python3.12/site-packages/imageio_
18828 59264 /opt/rocketride/engine/lib/python3.12/site-packages/imageio_
18853 59108 /opt/rocketride/engine/lib/python3.12/site-packages/imageio_
19004 58328 /opt/rocketride/engine/lib/python3.12/site-packages/imageio_
19106 59872 /opt/rocketride/engine/lib/python3.12/site-packages/imageio_
19205 59976 /opt/rocketride/engine/lib/python3.12/site-packages/imageio_
19293 59408 /opt/rocketride/engine/lib/python3.12/site-packages/imageio_
19383 60308 /opt/rocketride/engine/lib/python3.12/site-packages/imageio_
19486 59824 /opt/rocketride/engine/lib/python3.12/site-packages/imageio_
19579 60144 /opt/rocketride/engine/lib/python3.12/site-packages/imageio_
1962 4655916 /opt/rocketride/engine/engine /opt/rocketride/engine/ai/node
19667 58412 /opt/rocketride/engine/lib/python3.12/site-packages/imageio_
19755 59584 /opt/rocketride/engine/lib/python3.12/site-packages/imageio_
19843 58152 /opt/rocketride/engine/lib/python3.12/site-packages/imageio_
19897 58192 /opt/rocketride/engine/lib/python3.12/site-packages/imageio_
20024 60840 /opt/rocketride/engine/lib/python3.12/site-packages/imageio_
20111 59412 /opt/rocketride/engine/lib/python3.12/site-packages/imageio_
20201 59420 /opt/rocketride/engine/lib/python3.12/site-packages/imageio_
20225 59468 /opt/rocketride/engine/lib/python3.12/site-packages/imageio_
20379 59068 /opt/rocketride/engine/lib/python3.12/site-packages/imageio_
20470 59012 /opt/rocketride/engine/lib/python3.12/site-packages/imageio_
20561 59132 /opt/rocketride/engine/lib/python3.12/site-packages/imageio_
20648 60256 /opt/rocketride/engine/lib/python3.12/site-packages/imageio_
20738 59872 /opt/rocketride/engine/lib/python3.12/site-packages/imageio_
20826 59204 /opt/rocketride/engine/lib/python3.12/site-packages/imageio_
20917 58344 /opt/rocketride/engine/lib/python3.12/site-packages/imageio_
21026 58764 /opt/rocketride/engine/lib/python3.12/site-packages/imageio_
21117 58456 /opt/rocketride/engine/lib/python3.12/site-packages/imageio_
21222 59312 /opt/rocketride/engine/lib/python3.12/site-packages/imageio_
21309 60700 /opt/rocketride/engine/lib/python3.12/site-packages/imageio_
21406 58404 /opt/rocketride/engine/lib/python3.12/site-packages/imageio_
21494 58100 /opt/rocketride/engine/lib/python3.12/site-packages/imageio_
21594 57980 /opt/rocketride/engine/lib/python3.12/site-packages/imageio_
21682 61128 /opt/rocketride/engine/lib/python3.12/site-packages/imageio_
21773 60564 /opt/rocketride/engine/lib/python3.12/site-packages/imageio_
21864 59792 /opt/rocketride/engine/lib/python3.12/site-packages/imageio_
21958 60572 /opt/rocketride/engine/lib/python3.12/site-packages/imageio_
22049 59588 /opt/rocketride/engine/lib/python3.12/site-packages/imageio_
22140 60876 /opt/rocketride/engine/lib/python3.12/site-packages/imageio_
22227 59080 /opt/rocketride/engine/lib/python3.12/site-packages/imageio_
22316 59428 /opt/rocketride/engine/lib/python3.12/site-packages/imageio_
22410 59948 /opt/rocketride/engine/lib/python3.12/site-packages/imageio_
22465 61408 /opt/rocketride/engine/lib/python3.12/site-packages/imageio_
22598 58368 /opt/rocketride/engine/lib/python3.12/site-packages/imageio_
22603 59324 /opt/rocketride/engine/lib/python3.12/site-packages/imageio_
22741 60564 /opt/rocketride/engine/lib/python3.12/site-packages/imageio_
22862 58768 /opt/rocketride/engine/lib/python3.12/site-packages/imageio_
22949 59672 /opt/rocketride/engine/lib/python3.12/site-packages/imageio_
23037 60268 /opt/rocketride/engine/lib/python3.12/site-packages/imageio_
23039 60384 /opt/rocketride/engine/lib/python3.12/site-packages/imageio_
23212 59624 /opt/rocketride/engine/lib/python3.12/site-packages/imageio_
23303 59252 /opt/rocketride/engine/lib/python3.12/site-packages/imageio_
23394 60792 /opt/rocketride/engine/lib/python3.12/site-packages/imageio_
23481 58476 /opt/rocketride/engine/lib/python3.12/site-packages/imageio_
2353 4501844 /opt/rocketride/engine/engine /opt/rocketride/engine/ai/node
23596 58308 /opt/rocketride/engine/lib/python3.12/site-packages/imageio_
23687 59320 /opt/rocketride/engine/lib/python3.12/site-packages/imageio_
23775 60204 /opt/rocketride/engine/lib/python3.12/site-packages/imageio_
23880 61688 /opt/rocketride/engine/lib/python3.12/site-packages/imageio_
23968 59784 /opt/rocketride/engine/lib/python3.12/site-packages/imageio_
24064 60912 /opt/rocketride/engine/lib/python3.12/site-packages/imageio_
24355 62092 /opt/rocketride/engine/lib/python3.12/site-packages/imageio_
25465 61916 /opt/rocketride/engine/lib/python3.12/site-packages/imageio_
25552 60884 /opt/rocketride/engine/lib/python3.12/site-packages/imageio_
25639 59540 /opt/rocketride/engine/lib/python3.12/site-packages/imageio_
25694 59556 /opt/rocketride/engine/lib/python3.12/site-packages/imageio_
25821 59616 /opt/rocketride/engine/lib/python3.12/site-packages/imageio_
25909 61008 /opt/rocketride/engine/lib/python3.12/site-packages/imageio_
25998 62428 /opt/rocketride/engine/lib/python3.12/site-packages/imageio_
26086 60336 /opt/rocketride/engine/lib/python3.12/site-packages/imageio_
26181 60916 /opt/rocketride/engine/lib/python3.12/site-packages/imageio_
26274 60348 /opt/rocketride/engine/lib/python3.12/site-packages/imageio_
2800 4509988 /opt/rocketride/engine/engine /opt/rocketride/engine/ai/node
3277 4345480 /opt/rocketride/engine/engine /opt/rocketride/engine/ai/node
3805 4781304 /opt/rocketride/engine/engine /opt/rocketride/engine/ai/node
4443 4515684 /opt/rocketride/engine/engine /opt/rocketride/engine/ai/node
679 5466032 /opt/rocketride/engine/engine /opt/rocketride/engine/ai/node
== 1787728607
1 143220 ./engine /opt/rocketride/engine/ai/eaas.py --host=0.0.0.0 --
13070 58416 /opt/rocketride/engine/lib/python3.12/site-packages/imageio_
14301 61192 /opt/rocketride/engine/lib/python3.12/site-packages/imageio_
14475 59040 /opt/rocketride/engine/lib/python3.12/site-packages/imageio_
14581 60056 /opt/rocketride/engine/lib/python3.12/site-packages/imageio_
14674 60188 /opt/rocketride/engine/lib/python3.12/site-packages/imageio_
14762 59076 /opt/rocketride/engine/lib/python3.12/site-packages/imageio_
14849 57536 /opt/rocketride/engine/lib/python3.12/site-packages/imageio_
14936 58816 /opt/rocketride/engine/lib/python3.12/site-packages/imageio_
15030 59100 /opt/rocketride/engine/lib/python3.12/site-packages/imageio_
15145 58800 /opt/rocketride/engine/lib/python3.12/site-packages/imageio_
15236 60216 /opt/rocketride/engine/lib/python3.12/site-packages/imageio_
15500 59384 /opt/rocketride/engine/lib/python3.12/site-packages/imageio_
15587 59140 /opt/rocketride/engine/lib/python3.12/site-packages/imageio_
15696 59036 /opt/rocketride/engine/lib/python3.12/site-packages/imageio_
15784 58876 /opt/rocketride/engine/lib/python3.12/site-packages/imageio_
15889 57892 /opt/rocketride/engine/lib/python3.12/site-packages/imageio_
1592 4257596 /opt/rocketride/engine/engine /opt/rocketride/engine/ai/node
15976 58112 /opt/rocketride/engine/lib/python3.12/site-packages/imageio_
16068 59016 /opt/rocketride/engine/lib/python3.12/site-packages/imageio_
16245 60524 /opt/rocketride/engine/lib/python3.12/site-packages/imageio_
16341 60068 /opt/rocketride/engine/lib/python3.12/site-packages/imageio_
16428 61072 /opt/rocketride/engine/lib/python3.12/site-packages/imageio_
16614 59868 /opt/rocketride/engine/lib/python3.12/site-packages/imageio_
16703 59072 /opt/rocketride/engine/lib/python3.12/site-packages/imageio_
16790 57416 /opt/rocketride/engine/lib/python3.12/site-packages/imageio_
16880 59608 /opt/rocketride/engine/lib/python3.12/site-packages/imageio_
16968 58668 /opt/rocketride/engine/lib/python3.12/site-packages/imageio_
17065 61340 /opt/rocketride/engine/lib/python3.12/site-packages/imageio_
17693 60120 /opt/rocketride/engine/lib/python3.12/site-packages/imageio_
17926 59388 /opt/rocketride/engine/lib/python3.12/site-packages/imageio_
18017 59728 /opt/rocketride/engine/lib/python3.12/site-packages/imageio_
18104 59756 /opt/rocketride/engine/lib/python3.12/site-packages/imageio_
18197 59608 /opt/rocketride/engine/lib/python3.12/site-packages/imageio_
18288 58168 /opt/rocketride/engine/lib/python3.12/site-packages/imageio_
18376 58480 /opt/rocketride/engine/lib/python3.12/site-packages/imageio_
18380 59184 /opt/rocketride/engine/lib/python3.12/site-packages/imageio_
18550 58060 /opt/rocketride/engine/lib/python3.12/site-packages/imageio_
18653 60552 /opt/rocketride/engine/lib/python3.12/site-packages/imageio_
18741 60236 /opt/rocketride/engine/lib/python3.12/site-packages/imageio_
18828 59268 /opt/rocketride/engine/lib/python3.12/site-packages/imageio_
18853 59112 /opt/rocketride/engine/lib/python3.12/site-packages/imageio_
19004 58332 /opt/rocketride/engine/lib/python3.12/site-packages/imageio_
19106 59884 /opt/rocketride/engine/lib/python3.12/site-packages/imageio_
19205 59628 /opt/rocketride/engine/lib/python3.12/site-packages/imageio_
19293 59440 /opt/rocketride/engine/lib/python3.12/site-packages/imageio_
19383 60320 /opt/rocketride/engine/lib/python3.12/site-packages/imageio_
19486 59856 /opt/rocketride/engine/lib/python3.12/site-packages/imageio_
19579 60208 /opt/rocketride/engine/lib/python3.12/site-packages/imageio_
1962 4689896 /opt/rocketride/engine/engine /opt/rocketride/engine/ai/node
19667 58416 /opt/rocketride/engine/lib/python3.12/site-packages/imageio_
19755 59588 /opt/rocketride/engine/lib/python3.12/site-packages/imageio_
19843 58156 /opt/rocketride/engine/lib/python3.12/site-packages/imageio_
19897 58200 /opt/rocketride/engine/lib/python3.12/site-packages/imageio_
20024 60884 /opt/rocketride/engine/lib/python3.12/site-packages/imageio_
20111 59440 /opt/rocketride/engine/lib/python3.12/site-packages/imageio_
20201 59440 /opt/rocketride/engine/lib/python3.12/site-packages/imageio_
20225 59628 /opt/rocketride/engine/lib/python3.12/site-packages/imageio_
20379 59128 /opt/rocketride/engine/lib/python3.12/site-packages/imageio_
20470 59020 /opt/rocketride/engine/lib/python3.12/site-packages/imageio_
20561 59148 /opt/rocketride/engine/lib/python3.12/site-packages/imageio_
20648 60256 /opt/rocketride/engine/lib/python3.12/site-packages/imageio_
20738 59892 /opt/rocketride/engine/lib/python3.12/site-packages/imageio_
20826 59236 /opt/rocketride/engine/lib/python3.12/site-packages/imageio_
20917 58348 /opt/rocketride/engine/lib/python3.12/site-packages/imageio_
21026 58780 /opt/rocketride/engine/lib/python3.12/site-packages/imageio_
21117 58468 /opt/rocketride/engine/lib/python3.12/site-packages/imageio_
21222 59316 /opt/rocketride/engine/lib/python3.12/site-packages/imageio_
21309 60364 /opt/rocketride/engine/lib/python3.12/site-packages/imageio_
21406 58416 /opt/rocketride/engine/lib/python3.12/site-packages/imageio_
21494 58108 /opt/rocketride/engine/lib/python3.12/site-packages/imageio_
21594 58012 /opt/rocketride/engine/lib/python3.12/site-packages/imageio_
21682 61192 /opt/rocketride/engine/lib/python3.12/site-packages/imageio_
21773 60572 /opt/rocketride/engine/lib/python3.12/site-packages/imageio_
21864 59804 /opt/rocketride/engine/lib/python3.12/site-packages/imageio_
21958 60608 /opt/rocketride/engine/lib/python3.12/site-packages/imageio_
22049 59600 /opt/rocketride/engine/lib/python3.12/site-packages/imageio_
22140 60888 /opt/rocketride/engine/lib/python3.12/site-packages/imageio_
22227 59112 /opt/rocketride/engine/lib/python3.12/site-packages/imageio_
22316 59464 /opt/rocketride/engine/lib/python3.12/site-packages/imageio_
22410 59532 /opt/rocketride/engine/lib/python3.12/site-packages/imageio_
22465 61416 /opt/rocketride/engine/lib/python3.12/site-packages/imageio_
22598 58380 /opt/rocketride/engine/lib/python3.12/site-packages/imageio_
22603 59332 /opt/rocketride/engine/lib/python3.12/site-packages/imageio_
22741 60564 /opt/rocketride/engine/lib/python3.12/site-packages/imageio_
22862 58812 /opt/rocketride/engine/lib/python3.12/site-packages/imageio_
22949 59660 /opt/rocketride/engine/lib/python3.12/site-packages/imageio_
23037 60300 /opt/rocketride/engine/lib/python3.12/site-packages/imageio_
23039 60408 /opt/rocketride/engine/lib/python3.12/site-packages/imageio_
23212 59688 /opt/rocketride/engine/lib/python3.12/site-packages/imageio_
23303 59256 /opt/rocketride/engine/lib/python3.12/site-packages/imageio_
23394 60800 /opt/rocketride/engine/lib/python3.12/site-packages/imageio_
23481 58480 /opt/rocketride/engine/lib/python3.12/site-packages/imageio_
2353 4444704 /opt/rocketride/engine/engine /opt/rocketride/engine/ai/node
23596 58336 /opt/rocketride/engine/lib/python3.12/site-packages/imageio_
23687 59340 /opt/rocketride/engine/lib/python3.12/site-packages/imageio_
23775 60232 /opt/rocketride/engine/lib/python3.12/site-packages/imageio_
23880 61724 /opt/rocketride/engine/lib/python3.12/site-packages/imageio_
23968 59828 /opt/rocketride/engine/lib/python3.12/site-packages/imageio_
24064 60948 /opt/rocketride/engine/lib/python3.12/site-packages/imageio_
24355 62124 /opt/rocketride/engine/lib/python3.12/site-packages/imageio_
25465 61964 /opt/rocketride/engine/lib/python3.12/site-packages/imageio_
25552 60584 /opt/rocketride/engine/lib/python3.12/site-packages/imageio_
25639 59544 /opt/rocketride/engine/lib/python3.12/site-packages/imageio_
25694 59560 /opt/rocketride/engine/lib/python3.12/site-packages/imageio_
25821 59636 /opt/rocketride/engine/lib/python3.12/site-packages/imageio_
25909 61024 /opt/rocketride/engine/lib/python3.12/site-packages/imageio_
25998 62436 /opt/rocketride/engine/lib/python3.12/site-packages/imageio_
26086 60340 /opt/rocketride/engine/lib/python3.12/site-packages/imageio_
26181 60944 /opt/rocketride/engine/lib/python3.12/site-packages/imageio_
26274 60352 /opt/rocketride/engine/lib/python3.12/site-packages/imageio_
2800 4823384 /opt/rocketride/engine/engine /opt/rocketride/engine/ai/node
3277 4345512 /opt/rocketride/engine/engine /opt/rocketride/engine/ai/node
3805 4784976 /opt/rocketride/engine/engine /opt/rocketride/engine/ai/node
4443 4554360 /opt/rocketride/engine/engine /opt/rocketride/engine/ai/node
679 5483216 /opt/rocketride/engine/engine /opt/rocketride/engine/ai/node
== 1787728668
1 143300 ./engine /opt/rocketride/engine/ai/eaas.py --host=0.0.0.0 --
13070 58424 /opt/rocketride/engine/lib/python3.12/site-packages/imageio_
14301 60456 /opt/rocketride/engine/lib/python3.12/site-packages/imageio_
14475 59044 /opt/rocketride/engine/lib/python3.12/site-packages/imageio_
14581 60064 /opt/rocketride/engine/lib/python3.12/site-packages/imageio_
14674 59772 /opt/rocketride/engine/lib/python3.12/site-packages/imageio_
15236 60080 /opt/rocketride/engine/lib/python3.12/site-packages/imageio_
15500 59388 /opt/rocketride/engine/lib/python3.12/site-packages/imageio_
15587 59148 /opt/rocketride/engine/lib/python3.12/site-packages/imageio_
15784 58892 /opt/rocketride/engine/lib/python3.12/site-packages/imageio_
15889 57892 /opt/rocketride/engine/lib/python3.12/site-packages/imageio_
1592 4207700 /opt/rocketride/engine/engine /opt/rocketride/engine/ai/node
15976 57656 /opt/rocketride/engine/lib/python3.12/site-packages/imageio_
16068 59044 /opt/rocketride/engine/lib/python3.12/site-packages/imageio_
16245 60100 /opt/rocketride/engine/lib/python3.12/site-packages/imageio_
16341 59672 /opt/rocketride/engine/lib/python3.12/site-packages/imageio_
16428 61092 /opt/rocketride/engine/lib/python3.12/site-packages/imageio_
16703 59120 /opt/rocketride/engine/lib/python3.12/site-packages/imageio_
16790 57416 /opt/rocketride/engine/lib/python3.12/site-packages/imageio_
16880 59612 /opt/rocketride/engine/lib/python3.12/site-packages/imageio_
16968 58248 /opt/rocketride/engine/lib/python3.12/site-packages/imageio_
17065 61372 /opt/rocketride/engine/lib/python3.12/site-packages/imageio_
17693 59764 /opt/rocketride/engine/lib/python3.12/site-packages/imageio_
17926 59420 /opt/rocketride/engine/lib/python3.12/site-packages/imageio_
18017 59340 /opt/rocketride/engine/lib/python3.12/site-packages/imageio_
18104 59768 /opt/rocketride/engine/lib/python3.12/site-packages/imageio_
18197 59628 /opt/rocketride/engine/lib/python3.12/site-packages/imageio_
18288 58308 /opt/rocketride/engine/lib/python3.12/site-packages/imageio_
18376 58524 /opt/rocketride/engine/lib/python3.12/site-packages/imageio_
18380 59212 /opt/rocketride/engine/lib/python3.12/site-packages/imageio_
18550 58068 /opt/rocketride/engine/lib/python3.12/site-packages/imageio_
18653 60564 /opt/rocketride/engine/lib/python3.12/site-packages/imageio_
18741 60252 /opt/rocketride/engine/lib/python3.12/site-packages/imageio_
18828 59272 /opt/rocketride/engine/lib/python3.12/site-packages/imageio_
18853 59140 /opt/rocketride/engine/lib/python3.12/site-packages/imageio_
19004 58344 /opt/rocketride/engine/lib/python3.12/site-packages/imageio_
19106 59908 /opt/rocketride/engine/lib/python3.12/site-packages/imageio_
19205 59632 /opt/rocketride/engine/lib/python3.12/site-packages/imageio_
19293 59500 /opt/rocketride/engine/lib/python3.12/site-packages/imageio_
19383 60344 /opt/rocketride/engine/lib/python3.12/site-packages/imageio_
19486 59888 /opt/rocketride/engine/lib/python3.12/site-packages/imageio_
19579 60264 /opt/rocketride/engine/lib/python3.12/site-packages/imageio_
1962 4677776 /opt/rocketride/engine/engine /opt/rocketride/engine/ai/node
19667 58028 /opt/rocketride/engine/lib/python3.12/site-packages/imageio_
19755 59592 /opt/rocketride/engine/lib/python3.12/site-packages/imageio_
19843 58180 /opt/rocketride/engine/lib/python3.12/site-packages/imageio_
19897 57780 /opt/rocketride/engine/lib/python3.12/site-packages/imageio_
20024 60896 /opt/rocketride/engine/lib/python3.12/site-packages/imageio_
20111 59312 /opt/rocketride/engine/lib/python3.12/site-packages/imageio_
20201 59468 /opt/rocketride/engine/lib/python3.12/site-packages/imageio_
20225 59480 /opt/rocketride/engine/lib/python3.12/site-packages/imageio_
20379 59208 /opt/rocketride/engine/lib/python3.12/site-packages/imageio_
20470 59024 /opt/rocketride/engine/lib/python3.12/site-packages/imageio_
20561 58740 /opt/rocketride/engine/lib/python3.12/site-packages/imageio_
20648 59868 /opt/rocketride/engine/lib/python3.12/site-packages/imageio_
20738 59896 /opt/rocketride/engine/lib/python3.12/site-packages/imageio_
20826 59268 /opt/rocketride/engine/lib/python3.12/site-packages/imageio_
20917 58364 /opt/rocketride/engine/lib/python3.12/site-packages/imageio_
21026 58792 /opt/rocketride/engine/lib/python3.12/site-packages/imageio_
21117 58484 /opt/rocketride/engine/lib/python3.12/site-packages/imageio_
21222 59328 /opt/rocketride/engine/lib/python3.12/site-packages/imageio_
21309 60420 /opt/rocketride/engine/lib/python3.12/site-packages/imageio_
21406 58428 /opt/rocketride/engine/lib/python3.12/site-packages/imageio_
21494 58120 /opt/rocketride/engine/lib/python3.12/site-packages/imageio_
21594 58020 /opt/rocketride/engine/lib/python3.12/site-packages/imageio_
21682 61196 /opt/rocketride/engine/lib/python3.12/site-packages/imageio_
21773 60228 /opt/rocketride/engine/lib/python3.12/site-packages/imageio_
21864 59824 /opt/rocketride/engine/lib/python3.12/site-packages/imageio_
21958 60624 /opt/rocketride/engine/lib/python3.12/site-packages/imageio_
22049 59616 /opt/rocketride/engine/lib/python3.12/site-packages/imageio_
22140 60888 /opt/rocketride/engine/lib/python3.12/site-packages/imageio_
22227 59196 /opt/rocketride/engine/lib/python3.12/site-packages/imageio_
22316 59332 /opt/rocketride/engine/lib/python3.12/site-packages/imageio_
22410 59560 /opt/rocketride/engine/lib/python3.12/site-packages/imageio_
22465 61424 /opt/rocketride/engine/lib/python3.12/site-packages/imageio_
22598 58392 /opt/rocketride/engine/lib/python3.12/site-packages/imageio_
22603 59336 /opt/rocketride/engine/lib/python3.12/site-packages/imageio_
22741 60568 /opt/rocketride/engine/lib/python3.12/site-packages/imageio_
22862 58824 /opt/rocketride/engine/lib/python3.12/site-packages/imageio_
22949 60404 /opt/rocketride/engine/lib/python3.12/site-packages/imageio_
23037 60300 /opt/rocketride/engine/lib/python3.12/site-packages/imageio_
23039 60428 /opt/rocketride/engine/lib/python3.12/site-packages/imageio_
23212 59768 /opt/rocketride/engine/lib/python3.12/site-packages/imageio_
23303 59256 /opt/rocketride/engine/lib/python3.12/site-packages/imageio_
23394 60816 /opt/rocketride/engine/lib/python3.12/site-packages/imageio_
23481 58492 /opt/rocketride/engine/lib/python3.12/site-packages/imageio_
2353 4558648 /opt/rocketride/engine/engine /opt/rocketride/engine/ai/node
23596 58340 /opt/rocketride/engine/lib/python3.12/site-packages/imageio_
23687 59376 /opt/rocketride/engine/lib/python3.12/site-packages/imageio_
23775 60240 /opt/rocketride/engine/lib/python3.12/site-packages/imageio_
23880 61756 /opt/rocketride/engine/lib/python3.12/site-packages/imageio_
23968 59848 /opt/rocketride/engine/lib/python3.12/site-packages/imageio_
24064 60956 /opt/rocketride/engine/lib/python3.12/site-packages/imageio_
24355 62660 /opt/rocketride/engine/lib/python3.12/site-packages/imageio_
25465 62008 /opt/rocketride/engine/lib/python3.12/site-packages/imageio_
25552 60588 /opt/rocketride/engine/lib/python3.12/site-packages/imageio_
25639 59552 /opt/rocketride/engine/lib/python3.12/site-packages/imageio_
25694 59592 /opt/rocketride/engine/lib/python3.12/site-packages/imageio_
25821 59636 /opt/rocketride/engine/lib/python3.12/site-packages/imageio_
25909 61052 /opt/rocketride/engine/lib/python3.12/site-packages/imageio_
25998 62444 /opt/rocketride/engine/lib/python3.12/site-packages/imageio_
26086 60356 /opt/rocketride/engine/lib/python3.12/site-packages/imageio_
26181 60944 /opt/rocketride/engine/lib/python3.12/site-packages/imageio_
26274 60368 /opt/rocketride/engine/lib/python3.12/site-packages/imageio_
2800 5058468 /opt/rocketride/engine/engine /opt/rocketride/engine/ai/node
3277 4467228 /opt/rocketride/engine/engine /opt/rocketride/engine/ai/node
3805 4822684 /opt/rocketride/engine/engine /opt/rocketride/engine/ai/node
4443 4569016 /opt/rocketride/engine/engine /opt/rocketride/engine/ai/node
679 5754772 /opt/rocketride/engine/engine /opt/rocketride/engine/ai/node
== 1787728729
1 143508 ./engine /opt/rocketride/engine/ai/eaas.py --host=0.0.0.0 --
13070 58440 /opt/rocketride/engine/lib/python3.12/site-packages/imageio_
14475 59048 /opt/rocketride/engine/lib/python3.12/site-packages/imageio_
14674 59784 /opt/rocketride/engine/lib/python3.12/site-packages/imageio_
15500 59532 /opt/rocketride/engine/lib/python3.12/site-packages/imageio_
15587 58736 /opt/rocketride/engine/lib/python3.12/site-packages/imageio_
15784 58964 /opt/rocketride/engine/lib/python3.12/site-packages/imageio_
1592 4246544 /opt/rocketride/engine/engine /opt/rocketride/engine/ai/node
15976 57660 /opt/rocketride/engine/lib/python3.12/site-packages/imageio_
16245 60108 /opt/rocketride/engine/lib/python3.12/site-packages/imageio_
16341 59696 /opt/rocketride/engine/lib/python3.12/site-packages/imageio_
16428  
16880 59628 /opt/rocketride/engine/lib/python3.12/site-packages/imageio_
16968 58248 /opt/rocketride/engine/lib/python3.12/site-packages/imageio_
17065 61416 /opt/rocketride/engine/lib/python3.12/site-packages/imageio_
17926 59428 /opt/rocketride/engine/lib/python3.12/site-packages/imageio_
18017 59364 /opt/rocketride/engine/lib/python3.12/site-packages/imageio_
18104 59548 /opt/rocketride/engine/lib/python3.12/site-packages/imageio_
18197 59696 /opt/rocketride/engine/lib/python3.12/site-packages/imageio_
18288 58312 /opt/rocketride/engine/lib/python3.12/site-packages/imageio_
18376 58540 /opt/rocketride/engine/lib/python3.12/site-packages/imageio_
18380 59228 /opt/rocketride/engine/lib/python3.12/site-packages/imageio_
18550 58068 /opt/rocketride/engine/lib/python3.12/site-packages/imageio_
18653 60564 /opt/rocketride/engine/lib/python3.12/site-packages/imageio_
18741 60284 /opt/rocketride/engine/lib/python3.12/site-packages/imageio_
18828 59280 /opt/rocketride/engine/lib/python3.12/site-packages/imageio_
18853 59164 /opt/rocketride/engine/lib/python3.12/site-packages/imageio_
19004 57960 /opt/rocketride/engine/lib/python3.12/site-packages/imageio_
19106 59940 /opt/rocketride/engine/lib/python3.12/site-packages/imageio_
19205 59632 /opt/rocketride/engine/lib/python3.12/site-packages/imageio_
19293 59528 /opt/rocketride/engine/lib/python3.12/site-packages/imageio_
19383 60352 /opt/rocketride/engine/lib/python3.12/site-packages/imageio_
19486 59896 /opt/rocketride/engine/lib/python3.12/site-packages/imageio_
19579 59892 /opt/rocketride/engine/lib/python3.12/site-packages/imageio_
1962 4809892 /opt/rocketride/engine/engine /opt/rocketride/engine/ai/node
19667 58032 /opt/rocketride/engine/lib/python3.12/site-packages/imageio_
19755 59592 /opt/rocketride/engine/lib/python3.12/site-packages/imageio_
19843 58188 /opt/rocketride/engine/lib/python3.12/site-packages/imageio_
19897 57780 /opt/rocketride/engine/lib/python3.12/site-packages/imageio_
20024 60920 /opt/rocketride/engine/lib/python3.12/site-packages/imageio_
20111 59348 /opt/rocketride/engine/lib/python3.12/site-packages/imageio_
20201 59488 /opt/rocketride/engine/lib/python3.12/site-packages/imageio_
20225 59492 /opt/rocketride/engine/lib/python3.12/site-packages/imageio_
20379 59308 /opt/rocketride/engine/lib/python3.12/site-packages/imageio_
20470 59032 /opt/rocketride/engine/lib/python3.12/site-packages/imageio_
20561 58744 /opt/rocketride/engine/lib/python3.12/site-packages/imageio_
20648 59868 /opt/rocketride/engine/lib/python3.12/site-packages/imageio_
20738 59948 /opt/rocketride/engine/lib/python3.12/site-packages/imageio_
20826 59292 /opt/rocketride/engine/lib/python3.12/site-packages/imageio_
20917 58368 /opt/rocketride/engine/lib/python3.12/site-packages/imageio_
21026 58808 /opt/rocketride/engine/lib/python3.12/site-packages/imageio_
21117 58528 /opt/rocketride/engine/lib/python3.12/site-packages/imageio_
21222 59348 /opt/rocketride/engine/lib/python3.12/site-packages/imageio_
21309 60420 /opt/rocketride/engine/lib/python3.12/site-packages/imageio_
21406 58452 /opt/rocketride/engine/lib/python3.12/site-packages/imageio_
21494 58132 /opt/rocketride/engine/lib/python3.12/site-packages/imageio_
21594 58064 /opt/rocketride/engine/lib/python3.12/site-packages/imageio_
21682 61244 /opt/rocketride/engine/lib/python3.12/site-packages/imageio_
21773 60236 /opt/rocketride/engine/lib/python3.12/site-packages/imageio_
21864 59836 /opt/rocketride/engine/lib/python3.12/site-packages/imageio_
21958 60652 /opt/rocketride/engine/lib/python3.12/site-packages/imageio_
22049 59624 /opt/rocketride/engine/lib/python3.12/site-packages/imageio_
22140 60896 /opt/rocketride/engine/lib/python3.12/site-packages/imageio_
22227 59284 /opt/rocketride/engine/lib/python3.12/site-packages/imageio_
22316 59348 /opt/rocketride/engine/lib/python3.12/site-packages/imageio_
22410 59560 /opt/rocketride/engine/lib/python3.12/site-packages/imageio_
22465 61432 /opt/rocketride/engine/lib/python3.12/site-packages/imageio_
22598 58396 /opt/rocketride/engine/lib/python3.12/site-packages/imageio_
22603 59344 /opt/rocketride/engine/lib/python3.12/site-packages/imageio_
22741 60580 /opt/rocketride/engine/lib/python3.12/site-packages/imageio_
22862 58856 /opt/rocketride/engine/lib/python3.12/site-packages/imageio_
22949 61316 /opt/rocketride/engine/lib/python3.12/site-packages/imageio_
23037 60308 /opt/rocketride/engine/lib/python3.12/site-packages/imageio_
23039 60464 /opt/rocketride/engine/lib/python3.12/site-packages/imageio_
23212 59832 /opt/rocketride/engine/lib/python3.12/site-packages/imageio_
23303 59396 /opt/rocketride/engine/lib/python3.12/site-packages/imageio_
23394 60856 /opt/rocketride/engine/lib/python3.12/site-packages/imageio_
23481 58508 /opt/rocketride/engine/lib/python3.12/site-packages/imageio_
2353 4575804 /opt/rocketride/engine/engine /opt/rocketride/engine/ai/node
23596 58340 /opt/rocketride/engine/lib/python3.12/site-packages/imageio_
23687 59416 /opt/rocketride/engine/lib/python3.12/site-packages/imageio_
23775 60260 /opt/rocketride/engine/lib/python3.12/site-packages/imageio_
23880 61792 /opt/rocketride/engine/lib/python3.12/site-packages/imageio_
23968 59896 /opt/rocketride/engine/lib/python3.12/site-packages/imageio_
24064 60956 /opt/rocketride/engine/lib/python3.12/site-packages/imageio_
24355 62564 /opt/rocketride/engine/lib/python3.12/site-packages/imageio_
25465 62012 /opt/rocketride/engine/lib/python3.12/site-packages/imageio_
25552 60624 /opt/rocketride/engine/lib/python3.12/site-packages/imageio_
25639 59556 /opt/rocketride/engine/lib/python3.12/site-packages/imageio_
25694 59628 /opt/rocketride/engine/lib/python3.12/site-packages/imageio_
25821 59636 /opt/rocketride/engine/lib/python3.12/site-packages/imageio_
25909 61052 /opt/rocketride/engine/lib/python3.12/site-packages/imageio_
25998 62456 /opt/rocketride/engine/lib/python3.12/site-packages/imageio_
26086 60360 /opt/rocketride/engine/lib/python3.12/site-packages/imageio_
26181 60956 /opt/rocketride/engine/lib/python3.12/site-packages/imageio_
26274 60388 /opt/rocketride/engine/lib/python3.12/site-packages/imageio_
2800 5468396 /opt/rocketride/engine/engine /opt/rocketride/engine/ai/node
3277 4523064 /opt/rocketride/engine/engine /opt/rocketride/engine/ai/node
3805 5062184 /opt/rocketride/engine/engine /opt/rocketride/engine/ai/node
4443 4561848 /opt/rocketride/engine/engine /opt/rocketride/engine/ai/node
679 5828380 /opt/rocketride/engine/engine /opt/rocketride/engine/ai/node
== 1787728790
1 151556 ./engine /opt/rocketride/engine/ai/eaas.py --host=0.0.0.0 --
13070 58452 /opt/rocketride/engine/lib/python3.12/site-packages/imageio_
14475 58656 /opt/rocketride/engine/lib/python3.12/site-packages/imageio_
14674 59784 /opt/rocketride/engine/lib/python3.12/site-packages/imageio_
15500 59564 /opt/rocketride/engine/lib/python3.12/site-packages/imageio_
15587 58740 /opt/rocketride/engine/lib/python3.12/site-packages/imageio_
15784 59044 /opt/rocketride/engine/lib/python3.12/site-packages/imageio_
1592 4520664 /opt/rocketride/engine/engine /opt/rocketride/engine/ai/node
16245 60108 /opt/rocketride/engine/lib/python3.12/site-packages/imageio_
16880 59216 /opt/rocketride/engine/lib/python3.12/site-packages/imageio_
16968 58248 /opt/rocketride/engine/lib/python3.12/site-packages/imageio_
17926 59016 /opt/rocketride/engine/lib/python3.12/site-packages/imageio_
18197 59300 /opt/rocketride/engine/lib/python3.12/site-packages/imageio_
18288 58324 /opt/rocketride/engine/lib/python3.12/site-packages/imageio_
18376 58032 /opt/rocketride/engine/lib/python3.12/site-packages/imageio_
18380 59236 /opt/rocketride/engine/lib/python3.12/site-packages/imageio_
18653 60168 /opt/rocketride/engine/lib/python3.12/site-packages/imageio_
18741 60360 /opt/rocketride/engine/lib/python3.12/site-packages/imageio_
18828 59280 /opt/rocketride/engine/lib/python3.12/site-packages/imageio_
18853 59180 /opt/rocketride/engine/lib/python3.12/site-packages/imageio_
19004 57964 /opt/rocketride/engine/lib/python3.12/site-packages/imageio_
19106 59528 /opt/rocketride/engine/lib/python3.12/site-packages/imageio_
19293 59528 /opt/rocketride/engine/lib/python3.12/site-packages/imageio_
19383 60364 /opt/rocketride/engine/lib/python3.12/site-packages/imageio_
19486 59544 /opt/rocketride/engine/lib/python3.12/site-packages/imageio_
19579 59896 /opt/rocketride/engine/lib/python3.12/site-packages/imageio_
1962 4749388 /opt/rocketride/engine/engine /opt/rocketride/engine/ai/node
19667 58032 /opt/rocketride/engine/lib/python3.12/site-packages/imageio_
19755 59600 /opt/rocketride/engine/lib/python3.12/site-packages/imageio_
19843 58212 /opt/rocketride/engine/lib/python3.12/site-packages/imageio_
20024 60244 /opt/rocketride/engine/lib/python3.12/site-packages/imageio_
20111 59380 /opt/rocketride/engine/lib/python3.12/site-packages/imageio_
20201 58880 /opt/rocketride/engine/lib/python3.12/site-packages/imageio_
20225 59592 /opt/rocketride/engine/lib/python3.12/site-packages/imageio_
20379 58992 /opt/rocketride/engine/lib/python3.12/site-packages/imageio_
20470 59064 /opt/rocketride/engine/lib/python3.12/site-packages/imageio_
20648 59868 /opt/rocketride/engine/lib/python3.12/site-packages/imageio_
20738 59960 /opt/rocketride/engine/lib/python3.12/site-packages/imageio_
20826 59324 /opt/rocketride/engine/lib/python3.12/site-packages/imageio_
20917 58372 /opt/rocketride/engine/lib/python3.12/site-packages/imageio_
21026 58816 /opt/rocketride/engine/lib/python3.12/site-packages/imageio_
21117 58536 /opt/rocketride/engine/lib/python3.12/site-packages/imageio_
21222 59372 /opt/rocketride/engine/lib/python3.12/site-packages/imageio_
21406 58460 /opt/rocketride/engine/lib/python3.12/site-packages/imageio_
21494 58176 /opt/rocketride/engine/lib/python3.12/site-packages/imageio_
21594 58076 /opt/rocketride/engine/lib/python3.12/site-packages/imageio_
21682 61244 /opt/rocketride/engine/lib/python3.12/site-packages/imageio_
21864 59932 /opt/rocketride/engine/lib/python3.12/site-packages/imageio_
21958 60668 /opt/rocketride/engine/lib/python3.12/site-packages/imageio_
22049 59676 /opt/rocketride/engine/lib/python3.12/site-packages/imageio_
22140 60900 /opt/rocketride/engine/lib/python3.12/site-packages/imageio_
22227 59064 /opt/rocketride/engine/lib/python3.12/site-packages/imageio_
22316 59364 /opt/rocketride/engine/lib/python3.12/site-packages/imageio_
22465 61440 /opt/rocketride/engine/lib/python3.12/site-packages/imageio_
22598 58412 /opt/rocketride/engine/lib/python3.12/site-packages/imageio_
22603 59344 /opt/rocketride/engine/lib/python3.12/site-packages/imageio_
22741 60616 /opt/rocketride/engine/lib/python3.12/site-packages/imageio_
22862 58880 /opt/rocketride/engine/lib/python3.12/site-packages/imageio_
22949 60728 /opt/rocketride/engine/lib/python3.12/site-packages/imageio_
23037 60308 /opt/rocketride/engine/lib/python3.12/site-packages/imageio_
23039 60472 /opt/rocketride/engine/lib/python3.12/site-packages/imageio_
23212 59872 /opt/rocketride/engine/lib/python3.12/site-packages/imageio_
23303 59268 /opt/rocketride/engine/lib/python3.12/site-packages/imageio_
23394 60944 /opt/rocketride/engine/lib/python3.12/site-packages/imageio_
23481 58540 /opt/rocketride/engine/lib/python3.12/site-packages/imageio_
2353 4686688 /opt/rocketride/engine/engine /opt/rocketride/engine/ai/node
23596 58348 /opt/rocketride/engine/lib/python3.12/site-packages/imageio_
23687 59464 /opt/rocketride/engine/lib/python3.12/site-packages/imageio_
23775 60296 /opt/rocketride/engine/lib/python3.12/site-packages/imageio_
23880 61812 /opt/rocketride/engine/lib/python3.12/site-packages/imageio_
23968 60068 /opt/rocketride/engine/lib/python3.12/site-packages/imageio_
24064 60976 /opt/rocketride/engine/lib/python3.12/site-packages/imageio_
24355 62400 /opt/rocketride/engine/lib/python3.12/site-packages/imageio_
25465 62020 /opt/rocketride/engine/lib/python3.12/site-packages/imageio_
25552 61016 /opt/rocketride/engine/lib/python3.12/site-packages/imageio_
25639 59568 /opt/rocketride/engine/lib/python3.12/site-packages/imageio_
25694 59636 /opt/rocketride/engine/lib/python3.12/site-packages/imageio_
25821 59640 /opt/rocketride/engine/lib/python3.12/site-packages/imageio_
25909 61056 /opt/rocketride/engine/lib/python3.12/site-packages/imageio_
25998 62456 /opt/rocketride/engine/lib/python3.12/site-packages/imageio_
26086 60364 /opt/rocketride/engine/lib/python3.12/site-packages/imageio_
26181 60968 /opt/rocketride/engine/lib/python3.12/site-packages/imageio_
26274 60404 /opt/rocketride/engine/lib/python3.12/site-packages/imageio_
2800 5616892 /opt/rocketride/engine/engine /opt/rocketride/engine/ai/node
3277 4467340 /opt/rocketride/engine/engine /opt/rocketride/engine/ai/node
3805 5344656 /opt/rocketride/engine/engine /opt/rocketride/engine/ai/node
4443 4881712 /opt/rocketride/engine/engine /opt/rocketride/engine/ai/node
679 5957248 /opt/rocketride/engine/engine /opt/rocketride/engine/ai/node
== 1787728850
1 151556 ./engine /opt/rocketride/engine/ai/eaas.py --host=0.0.0.0 --
13070 58724 /opt/rocketride/engine/lib/python3.12/site-packages/imageio_
14475 58656 /opt/rocketride/engine/lib/python3.12/site-packages/imageio_
15500 59640 /opt/rocketride/engine/lib/python3.12/site-packages/imageio_
15784 58668 /opt/rocketride/engine/lib/python3.12/site-packages/imageio_
1592 4765040 /opt/rocketride/engine/engine /opt/rocketride/engine/ai/node
16880 59216 /opt/rocketride/engine/lib/python3.12/site-packages/imageio_
17926 59020 /opt/rocketride/engine/lib/python3.12/site-packages/imageio_
18288 57904 /opt/rocketride/engine/lib/python3.12/site-packages/imageio_
18376 58048 /opt/rocketride/engine/lib/python3.12/site-packages/imageio_
18380 58824 /opt/rocketride/engine/lib/python3.12/site-packages/imageio_
18653 60172 /opt/rocketride/engine/lib/python3.12/site-packages/imageio_
18741 59944 /opt/rocketride/engine/lib/python3.12/site-packages/imageio_
18828 59288 /opt/rocketride/engine/lib/python3.12/site-packages/imageio_
18853 58844 /opt/rocketride/engine/lib/python3.12/site-packages/imageio_
19106 59532 /opt/rocketride/engine/lib/python3.12/site-packages/imageio_
19293 59540 /opt/rocketride/engine/lib/python3.12/site-packages/imageio_
19383 60368 /opt/rocketride/engine/lib/python3.12/site-packages/imageio_
19486 59560 /opt/rocketride/engine/lib/python3.12/site-packages/imageio_
19579 59896 /opt/rocketride/engine/lib/python3.12/site-packages/imageio_
1962 5022168 /opt/rocketride/engine/engine /opt/rocketride/engine/ai/node
19755 59192 /opt/rocketride/engine/lib/python3.12/site-packages/imageio_
19843 58252 /opt/rocketride/engine/lib/python3.12/site-packages/imageio_
20111 59400 /opt/rocketride/engine/lib/python3.12/site-packages/imageio_
20201 58880 /opt/rocketride/engine/lib/python3.12/site-packages/imageio_
20225 59180 /opt/rocketride/engine/lib/python3.12/site-packages/imageio_
20379 59008 /opt/rocketride/engine/lib/python3.12/site-packages/imageio_
20470 58720 /opt/rocketride/engine/lib/python3.12/site-packages/imageio_
20738 59572 /opt/rocketride/engine/lib/python3.12/site-packages/imageio_
20826 58972 /opt/rocketride/engine/lib/python3.12/site-packages/imageio_
20917 58372 /opt/rocketride/engine/lib/python3.12/site-packages/imageio_
21026 58404 /opt/rocketride/engine/lib/python3.12/site-packages/imageio_
21117 58540 /opt/rocketride/engine/lib/python3.12/site-packages/imageio_
21222 58948 /opt/rocketride/engine/lib/python3.12/site-packages/imageio_
21406 58504 /opt/rocketride/engine/lib/python3.12/site-packages/imageio_
21494 58536 /opt/rocketride/engine/lib/python3.12/site-packages/imageio_
21594 58100 /opt/rocketride/engine/lib/python3.12/site-packages/imageio_
21682 60824 /opt/rocketride/engine/lib/python3.12/site-packages/imageio_
21864 59952 /opt/rocketride/engine/lib/python3.12/site-packages/imageio_
21958 60708 /opt/rocketride/engine/lib/python3.12/site-packages/imageio_
22049 59692 /opt/rocketride/engine/lib/python3.12/site-packages/imageio_
22140 60904 /opt/rocketride/engine/lib/python3.12/site-packages/imageio_
22227 59124 /opt/rocketride/engine/lib/python3.12/site-packages/imageio_
22316 59372 /opt/rocketride/engine/lib/python3.12/site-packages/imageio_
22465 61452 /opt/rocketride/engine/lib/python3.12/site-packages/imageio_
22598 58404 /opt/rocketride/engine/lib/python3.12/site-packages/imageio_
22603 59348 /opt/rocketride/engine/lib/python3.12/site-packages/imageio_
22741 60816 /opt/rocketride/engine/lib/python3.12/site-packages/imageio_
22862 58912 /opt/rocketride/engine/lib/python3.12/site-packages/imageio_
22949 61156 /opt/rocketride/engine/lib/python3.12/site-packages/imageio_
23037 59900 /opt/rocketride/engine/lib/python3.12/site-packages/imageio_
23039 60088 /opt/rocketride/engine/lib/python3.12/site-packages/imageio_
23212 59464 /opt/rocketride/engine/lib/python3.12/site-packages/imageio_
23303 59288 /opt/rocketride/engine/lib/python3.12/site-packages/imageio_
23394 60956 /opt/rocketride/engine/lib/python3.12/site-packages/imageio_
23481 58576 /opt/rocketride/engine/lib/python3.12/site-packages/imageio_
2353 4785520 /opt/rocketride/engine/engine /opt/rocketride/engine/ai/node
23596 58352 /opt/rocketride/engine/lib/python3.12/site-packages/imageio_
23687 59488 /opt/rocketride/engine/lib/python3.12/site-packages/imageio_
23775 60312 /opt/rocketride/engine/lib/python3.12/site-packages/imageio_
23880 61824 /opt/rocketride/engine/lib/python3.12/site-packages/imageio_
23968 59552 /opt/rocketride/engine/lib/python3.12/site-packages/imageio_
24064 60988 /opt/rocketride/engine/lib/python3.12/site-packages/imageio_
24355 62404 /opt/rocketride/engine/lib/python3.12/site-packages/imageio_
25465 62024 /opt/rocketride/engine/lib/python3.12/site-packages/imageio_
25552 60700 /opt/rocketride/engine/lib/python3.12/site-packages/imageio_
25639 59608 /opt/rocketride/engine/lib/python3.12/site-packages/imageio_
25694 59664 /opt/rocketride/engine/lib/python3.12/site-packages/imageio_
25821 59724 /opt/rocketride/engine/lib/python3.12/site-packages/imageio_
25909 61080 /opt/rocketride/engine/lib/python3.12/site-packages/imageio_
25998 62460 /opt/rocketride/engine/lib/python3.12/site-packages/imageio_
26086 60388 /opt/rocketride/engine/lib/python3.12/site-packages/imageio_
26181 60980 /opt/rocketride/engine/lib/python3.12/site-packages/imageio_
26274 60440 /opt/rocketride/engine/lib/python3.12/site-packages/imageio_
2800 5616892 /opt/rocketride/engine/engine /opt/rocketride/engine/ai/node
3277 4877476 /opt/rocketride/engine/engine /opt/rocketride/engine/ai/node
3805 5743628 /opt/rocketride/engine/engine /opt/rocketride/engine/ai/node
4443 5148688 /opt/rocketride/engine/engine /opt/rocketride/engine/ai/node
679 5957248 /opt/rocketride/engine/engine /opt/rocketride/engine/ai/node
== 1787728911
1 151972 ./engine /opt/rocketride/engine/ai/eaas.py --host=0.0.0.0 --
13070 58384 /opt/rocketride/engine/lib/python3.12/site-packages/imageio_
15784 58680 /opt/rocketride/engine/lib/python3.12/site-packages/imageio_
1592 4765084 /opt/rocketride/engine/engine /opt/rocketride/engine/ai/node
18288 57916 /opt/rocketride/engine/lib/python3.12/site-packages/imageio_
18380 58824 /opt/rocketride/engine/lib/python3.12/site-packages/imageio_
18828 58864 /opt/rocketride/engine/lib/python3.12/site-packages/imageio_
18853 58844 /opt/rocketride/engine/lib/python3.12/site-packages/imageio_
19293 59576 /opt/rocketride/engine/lib/python3.12/site-packages/imageio_
19383 60380 /opt/rocketride/engine/lib/python3.12/site-packages/imageio_
1962 5134940 /opt/rocketride/engine/engine /opt/rocketride/engine/ai/node
19843 58256 /opt/rocketride/engine/lib/python3.12/site-packages/imageio_
20225 59184 /opt/rocketride/engine/lib/python3.12/site-packages/imageio_
20738 59572 /opt/rocketride/engine/lib/python3.12/site-packages/imageio_
20917 57968 /opt/rocketride/engine/lib/python3.12/site-packages/imageio_
21026 58404 /opt/rocketride/engine/lib/python3.12/site-packages/imageio_
21117 58552 /opt/rocketride/engine/lib/python3.12/site-packages/imageio_
21406 58552 /opt/rocketride/engine/lib/python3.12/site-packages/imageio_
21494 57932 /opt/rocketride/engine/lib/python3.12/site-packages/imageio_
21594 58116 /opt/rocketride/engine/lib/python3.12/site-packages/imageio_
21864 60156 /opt/rocketride/engine/lib/python3.12/site-packages/imageio_
21958 60464 /opt/rocketride/engine/lib/python3.12/site-packages/imageio_
22049 59708 /opt/rocketride/engine/lib/python3.12/site-packages/imageio_
22140 60904 /opt/rocketride/engine/lib/python3.12/site-packages/imageio_
22316 59376 /opt/rocketride/engine/lib/python3.12/site-packages/imageio_
22465 61464 /opt/rocketride/engine/lib/python3.12/site-packages/imageio_
22598 58564 /opt/rocketride/engine/lib/python3.12/site-packages/imageio_
22603 59348 /opt/rocketride/engine/lib/python3.12/site-packages/imageio_
22741 60628 /opt/rocketride/engine/lib/python3.12/site-packages/imageio_
22862 58488 /opt/rocketride/engine/lib/python3.12/site-packages/imageio_
22949 61172 /opt/rocketride/engine/lib/python3.12/site-packages/imageio_
23037 59932 /opt/rocketride/engine/lib/python3.12/site-packages/imageio_
23039 60088 /opt/rocketride/engine/lib/python3.12/site-packages/imageio_
23303 59296 /opt/rocketride/engine/lib/python3.12/site-packages/imageio_
23394 60960 /opt/rocketride/engine/lib/python3.12/site-packages/imageio_
23481 58588 /opt/rocketride/engine/lib/python3.12/site-packages/imageio_
2353 5145956 /opt/rocketride/engine/engine /opt/rocketride/engine/ai/node
23596 58360 /opt/rocketride/engine/lib/python3.12/site-packages/imageio_
23687 59540 /opt/rocketride/engine/lib/python3.12/site-packages/imageio_
23775 60320 /opt/rocketride/engine/lib/python3.12/site-packages/imageio_
23880 61832 /opt/rocketride/engine/lib/python3.12/site-packages/imageio_
24064 61184 /opt/rocketride/engine/lib/python3.12/site-packages/imageio_
24355 62412 /opt/rocketride/engine/lib/python3.12/site-packages/imageio_
25465 62040 /opt/rocketride/engine/lib/python3.12/site-packages/imageio_
25552 60704 /opt/rocketride/engine/lib/python3.12/site-packages/imageio_
25639 59632 /opt/rocketride/engine/lib/python3.12/site-packages/imageio_
25694 59688 /opt/rocketride/engine/lib/python3.12/site-packages/imageio_
25821 59736 /opt/rocketride/engine/lib/python3.12/site-packages/imageio_
25909 61084 /opt/rocketride/engine/lib/python3.12/site-packages/imageio_
25998 62464 /opt/rocketride/engine/lib/python3.12/site-packages/imageio_
26086 60396 /opt/rocketride/engine/lib/python3.12/site-packages/imageio_
26181 61000 /opt/rocketride/engine/lib/python3.12/site-packages/imageio_
26274 60448 /opt/rocketride/engine/lib/python3.12/site-packages/imageio_
2800 5616892 /opt/rocketride/engine/engine /opt/rocketride/engine/ai/node
3277 5091720 /opt/rocketride/engine/engine /opt/rocketride/engine/ai/node
3805 6019224 /opt/rocketride/engine/engine /opt/rocketride/engine/ai/node
4443 5740064 /opt/rocketride/engine/engine /opt/rocketride/engine/ai/node
679 5957248 /opt/rocketride/engine/engine /opt/rocketride/engine/ai/node
== 1787728971
1 151972 ./engine /opt/rocketride/engine/ai/eaas.py --host=0.0.0.0 --
13070 57984 /opt/rocketride/engine/lib/python3.12/site-packages/imageio_
1592 4764152 /opt/rocketride/engine/engine /opt/rocketride/engine/ai/node
18380 58824 /opt/rocketride/engine/lib/python3.12/site-packages/imageio_
18828 58868 /opt/rocketride/engine/lib/python3.12/site-packages/imageio_
19293 59160 /opt/rocketride/engine/lib/python3.12/site-packages/imageio_
19383 60012 /opt/rocketride/engine/lib/python3.12/site-packages/imageio_
1962 5577888 /opt/rocketride/engine/engine /opt/rocketride/engine/ai/node
19843 57844 /opt/rocketride/engine/lib/python3.12/site-packages/imageio_
20738 59572 /opt/rocketride/engine/lib/python3.12/site-packages/imageio_
20917 57968 /opt/rocketride/engine/lib/python3.12/site-packages/imageio_
21117 58128 /opt/rocketride/engine/lib/python3.12/site-packages/imageio_
21406 58572 /opt/rocketride/engine/lib/python3.12/site-packages/imageio_
21494 57748 /opt/rocketride/engine/lib/python3.12/site-packages/imageio_
21594 57696 /opt/rocketride/engine/lib/python3.12/site-packages/imageio_
21864 60020 /opt/rocketride/engine/lib/python3.12/site-packages/imageio_
21958 60488 /opt/rocketride/engine/lib/python3.12/site-packages/imageio_
22049 59732 /opt/rocketride/engine/lib/python3.12/site-packages/imageio_
22140 60912 /opt/rocketride/engine/lib/python3.12/site-packages/imageio_
22316 59080 /opt/rocketride/engine/lib/python3.12/site-packages/imageio_
22465 61060 /opt/rocketride/engine/lib/python3.12/site-packages/imageio_
22598 57968 /opt/rocketride/engine/lib/python3.12/site-packages/imageio_
22603 58816 /opt/rocketride/engine/lib/python3.12/site-packages/imageio_
22741 60664 /opt/rocketride/engine/lib/python3.12/site-packages/imageio_
22862 58492 /opt/rocketride/engine/lib/python3.12/site-packages/imageio_
22949 60332 /opt/rocketride/engine/lib/python3.12/site-packages/imageio_
23303 58732 /opt/rocketride/engine/lib/python3.12/site-packages/imageio_
23394 60968 /opt/rocketride/engine/lib/python3.12/site-packages/imageio_
23481 58176 /opt/rocketride/engine/lib/python3.12/site-packages/imageio_
2353 5060744 /opt/rocketride/engine/engine /opt/rocketride/engine/ai/node
23596 58368 /opt/rocketride/engine/lib/python3.12/site-packages/imageio_
23687 59572 /opt/rocketride/engine/lib/python3.12/site-packages/imageio_
23775 60328 /opt/rocketride/engine/lib/python3.12/site-packages/imageio_
23880 61916 /opt/rocketride/engine/lib/python3.12/site-packages/imageio_
24064 61136 /opt/rocketride/engine/lib/python3.12/site-packages/imageio_
24355 62504 /opt/rocketride/engine/lib/python3.12/site-packages/imageio_
25465 62076 /opt/rocketride/engine/lib/python3.12/site-packages/imageio_
25552 60724 /opt/rocketride/engine/lib/python3.12/site-packages/imageio_
25639 59636 /opt/rocketride/engine/lib/python3.12/site-packages/imageio_
25694 59688 /opt/rocketride/engine/lib/python3.12/site-packages/imageio_
25821 59748 /opt/rocketride/engine/lib/python3.12/site-packages/imageio_
25909 61100 /opt/rocketride/engine/lib/python3.12/site-packages/imageio_
25998 62468 /opt/rocketride/engine/lib/python3.12/site-packages/imageio_
26086 59972 /opt/rocketride/engine/lib/python3.12/site-packages/imageio_
26181 61016 /opt/rocketride/engine/lib/python3.12/site-packages/imageio_
26274 60460 /opt/rocketride/engine/lib/python3.12/site-packages/imageio_
2800 5616892 /opt/rocketride/engine/engine /opt/rocketride/engine/ai/node
3277 5237608 /opt/rocketride/engine/engine /opt/rocketride/engine/ai/node
3805 6019224 /opt/rocketride/engine/engine /opt/rocketride/engine/ai/node
4443 5645668 /opt/rocketride/engine/engine /opt/rocketride/engine/ai/node
679 5957248 /opt/rocketride/engine/engine /opt/rocketride/engine/ai/node
== 1787729032
1 151980 ./engine /opt/rocketride/engine/ai/eaas.py --host=0.0.0.0 --
1592 4831320 /opt/rocketride/engine/engine /opt/rocketride/engine/ai/node
1962 5887396 /opt/rocketride/engine/engine /opt/rocketride/engine/ai/node
21406 58156 /opt/rocketride/engine/lib/python3.12/site-packages/imageio_
21594 57696 /opt/rocketride/engine/lib/python3.12/site-packages/imageio_
21864 60052 /opt/rocketride/engine/lib/python3.12/site-packages/imageio_
22049 59868 /opt/rocketride/engine/lib/python3.12/site-packages/imageio_
22140 60936 /opt/rocketride/engine/lib/python3.12/site-packages/imageio_
22603 58896 /opt/rocketride/engine/lib/python3.12/site-packages/imageio_
22741 60264 /opt/rocketride/engine/lib/python3.12/site-packages/imageio_
22949 60592 /opt/rocketride/engine/lib/python3.12/site-packages/imageio_
23394 60972 /opt/rocketride/engine/lib/python3.12/site-packages/imageio_
23481 58184 /opt/rocketride/engine/lib/python3.12/site-packages/imageio_
2353 5040896 /opt/rocketride/engine/engine /opt/rocketride/engine/ai/node
23596 57864 /opt/rocketride/engine/lib/python3.12/site-packages/imageio_
23687 59576 /opt/rocketride/engine/lib/python3.12/site-packages/imageio_
23775 60344 /opt/rocketride/engine/lib/python3.12/site-packages/imageio_
24064 61160 /opt/rocketride/engine/lib/python3.12/site-packages/imageio_
24355 62512 /opt/rocketride/engine/lib/python3.12/site-packages/imageio_
25465 61720 /opt/rocketride/engine/lib/python3.12/site-packages/imageio_
25552 60320 /opt/rocketride/engine/lib/python3.12/site-packages/imageio_
25639 59672 /opt/rocketride/engine/lib/python3.12/site-packages/imageio_
25694 59756 /opt/rocketride/engine/lib/python3.12/site-packages/imageio_
25821 59772 /opt/rocketride/engine/lib/python3.12/site-packages/imageio_
25909 61104 /opt/rocketride/engine/lib/python3.12/site-packages/imageio_
25998 62480 /opt/rocketride/engine/lib/python3.12/site-packages/imageio_
26086 59976 /opt/rocketride/engine/lib/python3.12/site-packages/imageio_
26181 61044 /opt/rocketride/engine/lib/python3.12/site-packages/imageio_
26274 60464 /opt/rocketride/engine/lib/python3.12/site-packages/imageio_
2800 5616892 /opt/rocketride/engine/engine /opt/rocketride/engine/ai/node
3277 5985076 /opt/rocketride/engine/engine /opt/rocketride/engine/ai/node
3805 6019224 /opt/rocketride/engine/engine /opt/rocketride/engine/ai/node
4443 5512024 /opt/rocketride/engine/engine /opt/rocketride/engine/ai/node
679 5957248 /opt/rocketride/engine/engine /opt/rocketride/engine/ai/node
== 1787729092
1 151156 ./engine /opt/rocketride/engine/ai/eaas.py --host=0.0.0.0 --
1592 5206156 /opt/rocketride/engine/engine /opt/rocketride/engine/ai/node
1962 6144600 /opt/rocketride/engine/engine /opt/rocketride/engine/ai/node
21406 58164 /opt/rocketride/engine/lib/python3.12/site-packages/imageio_
22603 58896 /opt/rocketride/engine/lib/python3.12/site-packages/imageio_
22949 60864 /opt/rocketride/engine/lib/python3.12/site-packages/imageio_
23394 60564 /opt/rocketride/engine/lib/python3.12/site-packages/imageio_
2353 5464904 /opt/rocketride/engine/engine /opt/rocketride/engine/ai/node
23596 57864 /opt/rocketride/engine/lib/python3.12/site-packages/imageio_
23687 59592 /opt/rocketride/engine/lib/python3.12/site-packages/imageio_
23775 60416 /opt/rocketride/engine/lib/python3.12/site-packages/imageio_
25639 59980 /opt/rocketride/engine/lib/python3.12/site-packages/imageio_
25694 59844 /opt/rocketride/engine/lib/python3.12/site-packages/imageio_
25821 59848 /opt/rocketride/engine/lib/python3.12/site-packages/imageio_
25909 61108 /opt/rocketride/engine/lib/python3.12/site-packages/imageio_
25998 62536 /opt/rocketride/engine/lib/python3.12/site-packages/imageio_
26181 61068 /opt/rocketride/engine/lib/python3.12/site-packages/imageio_
26274 60488 /opt/rocketride/engine/lib/python3.12/site-packages/imageio_
2800 5616892 /opt/rocketride/engine/engine /opt/rocketride/engine/ai/node
3277 6459504 /opt/rocketride/engine/engine /opt/rocketride/engine/ai/node
3805 6019224 /opt/rocketride/engine/engine /opt/rocketride/engine/ai/node
4443 5512024 /opt/rocketride/engine/engine /opt/rocketride/engine/ai/node
679 5957248 /opt/rocketride/engine/engine /opt/rocketride/engine/ai/node
== 1787729152
1 144764 ./engine /opt/rocketride/engine/ai/eaas.py --host=0.0.0.0 --
1592 5536768 /opt/rocketride/engine/engine /opt/rocketride/engine/ai/node
1962 6332584 /opt/rocketride/engine/engine /opt/rocketride/engine/ai/node
2353 5464904 /opt/rocketride/engine/engine /opt/rocketride/engine/ai/node
23687 59600 /opt/rocketride/engine/lib/python3.12/site-packages/imageio_
25639 59816 /opt/rocketride/engine/lib/python3.12/site-packages/imageio_
25694 59952 /opt/rocketride/engine/lib/python3.12/site-packages/imageio_
25821 59860 /opt/rocketride/engine/lib/python3.12/site-packages/imageio_
25909 61124 /opt/rocketride/engine/lib/python3.12/site-packages/imageio_
26181 61080 /opt/rocketride/engine/lib/python3.12/site-packages/imageio_
26274 60492 /opt/rocketride/engine/lib/python3.12/site-packages/imageio_
2800 5616892 /opt/rocketride/engine/engine /opt/rocketride/engine/ai/node
3277 6295936 /opt/rocketride/engine/engine /opt/rocketride/engine/ai/node
3805 6019224 /opt/rocketride/engine/engine /opt/rocketride/engine/ai/node
4443 5512024 /opt/rocketride/engine/engine /opt/rocketride/engine/ai/node
52854  
679 5957248 /opt/rocketride/engine/engine /opt/rocketride/engine/ai/node
== 1787729212
1 144764 ./engine /opt/rocketride/engine/ai/eaas.py --host=0.0.0.0 --
1592 5608888 /opt/rocketride/engine/engine /opt/rocketride/engine/ai/node
1962 6332584 /opt/rocketride/engine/engine /opt/rocketride/engine/ai/node
2353 5464904 /opt/rocketride/engine/engine /opt/rocketride/engine/ai/node
23687 59184 /opt/rocketride/engine/lib/python3.12/site-packages/imageio_
25639 59944 /opt/rocketride/engine/lib/python3.12/site-packages/imageio_
25821 59488 /opt/rocketride/engine/lib/python3.12/site-packages/imageio_
25909 60788 /opt/rocketride/engine/lib/python3.12/site-packages/imageio_
26181 61124 /opt/rocketride/engine/lib/python3.12/site-packages/imageio_
26274 60504 /opt/rocketride/engine/lib/python3.12/site-packages/imageio_
2800 5616892 /opt/rocketride/engine/engine /opt/rocketride/engine/ai/node
3277 6295936 /opt/rocketride/engine/engine /opt/rocketride/engine/ai/node
3805 6019224 /opt/rocketride/engine/engine /opt/rocketride/engine/ai/node
4443 5512024 /opt/rocketride/engine/engine /opt/rocketride/engine/ai/node
679 5957248 /opt/rocketride/engine/engine /opt/rocketride/engine/ai/node
== 1787729272
1 147216 ./engine /opt/rocketride/engine/ai/eaas.py --host=0.0.0.0 --
1592 5773396 /opt/rocketride/engine/engine /opt/rocketride/engine/ai/node
1962 6332584 /opt/rocketride/engine/engine /opt/rocketride/engine/ai/node
2353 5464904 /opt/rocketride/engine/engine /opt/rocketride/engine/ai/node
25639 59676 /opt/rocketride/engine/lib/python3.12/site-packages/imageio_
26274 60100 /opt/rocketride/engine/lib/python3.12/site-packages/imageio_
2800 5616892 /opt/rocketride/engine/engine /opt/rocketride/engine/ai/node
3277 6295936 /opt/rocketride/engine/engine /opt/rocketride/engine/ai/node
3805 6019224 /opt/rocketride/engine/engine /opt/rocketride/engine/ai/node
4443 5512024 /opt/rocketride/engine/engine /opt/rocketride/engine/ai/node
679 5957248 /opt/rocketride/engine/engine /opt/rocketride/engine/ai/node
== 1787729332
1 147216 ./engine /opt/rocketride/engine/ai/eaas.py --host=0.0.0.0 --
1592 6043648 /opt/rocketride/engine/engine /opt/rocketride/engine/ai/node
1962 6332584 /opt/rocketride/engine/engine /opt/rocketride/engine/ai/node
2353 5464904 /opt/rocketride/engine/engine /opt/rocketride/engine/ai/node
2800 5616892 /opt/rocketride/engine/engine /opt/rocketride/engine/ai/node
3277 6295936 /opt/rocketride/engine/engine /opt/rocketride/engine/ai/node
3805 6019224 /opt/rocketride/engine/engine /opt/rocketride/engine/ai/node
4443 5512024 /opt/rocketride/engine/engine /opt/rocketride/engine/ai/node
679 5957248 /opt/rocketride/engine/engine /opt/rocketride/engine/ai/node
== 1787729393
1 147216 ./engine /opt/rocketride/engine/ai/eaas.py --host=0.0.0.0 --
1592 6043648 /opt/rocketride/engine/engine /opt/rocketride/engine/ai/node
1962 6332584 /opt/rocketride/engine/engine /opt/rocketride/engine/ai/node
2353 5464904 /opt/rocketride/engine/engine /opt/rocketride/engine/ai/node
2800 5616892 /opt/rocketride/engine/engine /opt/rocketride/engine/ai/node
3277 6295936 /opt/rocketride/engine/engine /opt/rocketride/engine/ai/node
3805 6019224 /opt/rocketride/engine/engine /opt/rocketride/engine/ai/node
4443 5512024 /opt/rocketride/engine/engine /opt/rocketride/engine/ai/node
679 5957248 /opt/rocketride/engine/engine /opt/rocketride/engine/ai/node
== 1787729453
1 147216 ./engine /opt/rocketride/engine/ai/eaas.py --host=0.0.0.0 --
2800  
3277 6295936 /opt/rocketride/engine/engine /opt/rocketride/engine/ai/node
3805 6019224 /opt/rocketride/engine/engine /opt/rocketride/engine/ai/node
4443 5512024 /opt/rocketride/engine/engine /opt/rocketride/engine/ai/node
